ano,mes,tipoDespesa,codDocumento,tipoDocumento,codTipoDocumento,dataDocumento,numDocumento,valorDocumento,urlDocumento,nomeFornecedor,cnpjCpfFornecedor,valorLiquido,valorGlosa,numRessarcimento,codLote,parcela,nome_deputado
2024,1,MANUTENÇÃO DE ESCRITÓRIO DE APOIO À ATIVIDADE PARLAMENTAR,7675372,Nota Fiscal,0,2024-01-17T00:00:00,438,1050.0,https://www.camara.leg.br/cota-parlamentar/documentos/publ/1472/2024/7675372.pdf,BROAD BRASIL LTDA,48949641000113,1050.0,0.0,,2006113,0,Alberto Fraga
2024,2,MANUTENÇÃO DE ESCRITÓRIO DE APOIO À ATIVIDADE PARLAMENTAR,7689943,Nota Fiscal,0,2024-02-21T00:00:00,479,1050.0,https://www.camara.leg.br/cota-parlamentar/documentos/publ/1472/2024/7689943.pdf,BROAD BRASIL LTDA,48949641000113,1050.0,0.0,,2014674,0,Alberto Fraga
2024,4,MANUTENÇÃO DE ESCRITÓRIO DE APOIO À ATIVIDADE PARLAMENTAR,7724265,Nota Fiscal,0,2024-04-19T00:00:00,577,1050.0,https://www.camara.leg.br/cota-parlamentar/documentos/publ/1472/2024/7724265.pdf,BROAD BRASIL LTDA,48949641000113,1050.0,0.0,,2033112,0,Alberto Fraga
2024,5,MANUTENÇÃO DE ESCRITÓRIO DE APOIO À ATIVIDADE PARLAMENTAR,7741127,Nota Fiscal,0,2024-05-22T00:00:00,607,1050.0,https://www.camara.leg.br/cota-parlamentar/documentos/publ/1472/2024/7741127.pdf,BROAD BRASIL LTDA,48949641000113,1050.0,0.0,,2042346,0,Alberto Fraga
2024,6,MANUTENÇÃO DE ESCRITÓRIO DE APOIO À ATIVIDADE PARLAMENTAR,7758772,Nota Fiscal,0,2024-06-24T00:00:00,648,1050.0,https://www.camara.leg.br/cota-parlamentar/documentos/publ/1472/2024/7758772.pdf,BROAD BRASIL LTDA,48949641000113,1050.0,0.0,,2051632,0,Alberto Fraga
2024,7,MANUTENÇÃO DE ESCRITÓRIO DE APOIO À ATIVIDADE PARLAMENTAR,7788908,Nota Fiscal,0,2024-07-11T00:00:00,689,1050.0,https://www.camara.leg.br/cota-parlamentar/documentos/publ/1472/2024/7788908.pdf,BROAD BRASIL LTDA,48949641000113,1050.0,0.0,,2068303,0,Alberto Fraga
2024,10,MANUTENÇÃO DE ESCRITÓRIO DE APOIO À ATIVIDADE PARLAMENTAR,7821670,Nota Fiscal,0,2024-10-22T00:00:00,818,1050.0,https://www.camara.leg.br/cota-parlamentar/documentos/publ/1472/2024/7821670.pdf,BROAD BRASIL LTDA,48949641000113,1050.0,0.0,,2084286,0,Alberto Fraga
2024,11,MANUTENÇÃO DE ESCRITÓRIO DE APOIO À ATIVIDADE PARLAMENTAR,7838485,Nota Fiscal,0,2024-11-19T00:00:00,856,1050.0,https://www.camara.leg.br/cota-parlamentar/documentos/publ/1472/2024/7838485.pdf,BROAD BRASIL LTDA,48949641000113,1050.0,0.0,,2093340,0,Alberto Fraga
2024,12,MANUTENÇÃO DE ESCRITÓRIO DE APOIO À ATIVIDADE PARLAMENTAR,7847402,Nota Fiscal,0,2024-12-10T00:00:00,901,1050.0,https://www.camara.leg.br/cota-parlamentar/documentos/publ/1472/2024/7847402.pdf,BROAD BRASIL LTDA,48949641000113,1050.0,0.0,,2098243,0,Alberto Fraga
2024,11,MANUTENÇÃO DE ESCRITÓRIO DE APOIO À ATIVIDADE PARLAMENTAR,7829588,Nota Fiscal Eletrônica,4,2024-11-12T00:00:00,6100,360.0,http://www.camara.leg.br/cota-parlamentar/nota-fiscal-eletronica?ideDocumentoFiscal=7829588,WMS COMERCIO DE ARTIGOS DE PAPELARIA LTDA,12132854000100,360.0,0.0,,2088616,0,Alberto Fraga
2024,3,MANUTENÇÃO DE ESCRITÓRIO DE APOIO À ATIVIDADE PARLAMENTAR,7706457,Nota Fiscal Eletrônica,4,2024-03-21T00:00:00,5539,630.3,http://www.camara.leg.br/cota-parlamentar/nota-fiscal-eletronica?ideDocumentoFiscal=7706457,WMS COMERCIO DE ARTIGOS DE PAPELARIA LTDA-ME,12132854000100,630.3,0.0,,2023621,0,Alberto Fraga
2024,1,COMBUSTÍVEIS E LUBRIFICANTES.,7675051,Nota Fiscal Eletrônica,4,2024-01-22T18:30:38,476317,220.8,http://www.camara.leg.br/cota-parlamentar/nota-fiscal-eletronica?ideDocumentoFiscal=7675051,AUTO POSTO LAGO NORTE LTDA,29178006000135,220.8,0.0,,2005947,0,Alberto Fraga
2024,2,DIVULGAÇÃO DA ATIVIDADE PARLAMENTAR.,7689128,Nota Fiscal,0,2024-02-21T00:00:00,47,28000.0,https://www.camara.leg.br/cota-parlamentar/documentos/publ/1472/2024/7689128.pdf,A. S. LEITE SOBRINHO GRÁFICA,31422968000130,28000.0,0.0,,2014214,0,Alberto Fraga
2024,3,DIVULGAÇÃO DA ATIVIDADE PARLAMENTAR.,7706462,Nota Fiscal,0,2024-03-19T00:00:00,519,1050.0,https://www.camara.leg.br/cota-parlamentar/documentos/publ/1472/2024/7706462.pdf,BROAD BRASIL LTDA,48949641000113,1050.0,0.0,,2023620,0,Alberto Fraga
2024,1,DIVULGAÇÃO DA ATIVIDADE PARLAMENTAR.,7672273,Nota Fiscal,0,2024-01-02T00:00:00,115,8000.0,https://www.camara.leg.br/cota-parlamentar/documentos/publ/1472/2024/7672273.pdf,I9 SOLUCOES EM MARKETING E MIDIAS DIGITAIS LTDA,34930569000178,8000.0,0.0,,2004303,0,Alberto Fraga
2024,2,DIVULGAÇÃO DA ATIVIDADE PARLAMENTAR.,7685740,Nota Fiscal,0,2024-02-08T00:00:00,126,8000.0,https://www.camara.leg.br/cota-parlamentar/documentos/publ/1472/2024/7685740.pdf,I9 SOLUCOES EM MARKETING E MIDIAS DIGITAIS LTDA,34930569000178,8000.0,0.0,,2012395,0,Alberto Fraga
2024,3,DIVULGAÇÃO DA ATIVIDADE PARLAMENTAR.,7698402,Nota Fiscal,0,2024-03-06T00:00:00,138,8000.0,https://www.camara.leg.br/cota-parlamentar/documentos/publ/1472/2024/7698402.pdf,I9 SOLUCOES EM MARKETING E MIDIAS DIGITAIS LTDA,34930569000178,8000.0,0.0,,2019320,0,Alberto Fraga
2024,4,DIVULGAÇÃO DA ATIVIDADE PARLAMENTAR.,7715264,Nota Fiscal,0,2024-04-05T00:00:00,148,8000.0,https://www.camara.leg.br/cota-parlamentar/documentos/publ/1472/2024/7715264.pdf,I9 SOLUCOES EM MARKETING E MIDIAS DIGITAIS LTDA,34930569000178,8000.0,0.0,,2028388,0,Alberto Fraga
2024,5,DIVULGAÇÃO DA ATIVIDADE PARLAMENTAR.,7731443,Nota Fiscal,0,2024-05-06T00:00:00,158,8000.0,https://www.camara.leg.br/cota-parlamentar/documentos/publ/1472/2024/7731443.pdf,I9 SOLUCOES EM MARKETING E MIDIAS DIGITAIS LTDA,34930569000178,8000.0,0.0,,2036918,0,Alberto Fraga
2024,6,DIVULGAÇÃO DA ATIVIDADE PARLAMENTAR.,7754597,Nota Fiscal,0,2024-06-04T00:00:00,169,8000.0,https://www.camara.leg.br/cota-parlamentar/documentos/publ/1472/2024/7754597.pdf,I9 SOLUCOES EM MARKETING E MIDIAS DIGITAIS LTDA,34930569000178,8000.0,0.0,,2049542,0,Alberto Fraga
2024,7,DIVULGAÇÃO DA ATIVIDADE PARLAMENTAR.,7763845,Nota Fiscal,0,2024-07-01T00:00:00,179,8000.0,https://www.camara.leg.br/cota-parlamentar/documentos/publ/1472/2024/7763845.pdf,I9 SOLUCOES EM MARKETING E MIDIAS DIGITAIS LTDA,34930569000178,8000.0,0.0,,2054176,0,Alberto Fraga
2024,8,DIVULGAÇÃO DA ATIVIDADE PARLAMENTAR.,7783729,Nota Fiscal,0,2024-08-06T00:00:00,190,8000.0,https://www.camara.leg.br/cota-parlamentar/documentos/publ/1472/2024/7783729.pdf,I9 SOLUCOES EM MARKETING E MIDIAS DIGITAIS LTDA,34930569000178,8000.0,0.0,,2064202,0,Alberto Fraga
2024,9,DIVULGAÇÃO DA ATIVIDADE PARLAMENTAR.,7821808,Nota Fiscal,0,2024-10-02T00:00:00,207,8000.0,https://www.camara.leg.br/cota-parlamentar/documentos/publ/1472/2024/7821808.pdf,I9 SOLUCOES EM MARKETING E MIDIAS DIGITAIS LTDA,34930569000178,8000.0,0.0,,2084358,0,Alberto Fraga
2024,10,DIVULGAÇÃO DA ATIVIDADE PARLAMENTAR.,7824951,Nota Fiscal,0,2024-11-01T00:00:00,215,8000.0,https://www.camara.leg.br/cota-parlamentar/documentos/publ/1472/2024/7824951.pdf,I9 SOLUCOES EM MARKETING E MIDIAS DIGITAIS LTDA,34930569000178,8000.0,0.0,,2086010,0,Alberto Fraga
2024,11,DIVULGAÇÃO DA ATIVIDADE PARLAMENTAR.,7838728,Nota Fiscal,0,2024-12-03T00:00:00,224,8000.0,https://www.camara.leg.br/cota-parlamentar/documentos/publ/1472/2024/7838728.pdf,I9 SOLUCOES EM MARKETING E MIDIAS DIGITAIS LTDA,34930569000178,8000.0,0.0,,2093487,0,Alberto Fraga
2024,8,DIVULGAÇÃO DA ATIVIDADE PARLAMENTAR.,7800394,Nota Fiscal,0,2024-09-10T00:00:00,205,36000.0,https://www.camara.leg.br/cota-parlamentar/documentos/publ/1472/2024/7800394.pdf,QUALIGRAFF IMPRESSOS E SERVIÇOS GRÁFICOS LTDA,31422968000130,36000.0,0.0,,2072673,0,Alberto Fraga
2024,10,DIVULGAÇÃO DA ATIVIDADE PARLAMENTAR.,7829582,Nota Fiscal,0,2024-11-11T00:00:00,234,41800.0,https://www.camara.leg.br/cota-parlamentar/documentos/publ/1472/2024/7829582.pdf,QUALIGRAFF IMPRESSOS E SERVIÇOS GRÁFICOS LTDA,31422968000130,41800.0,0.0,,2088617,0,Alberto Fraga
2024,11,DIVULGAÇÃO DA ATIVIDADE PARLAMENTAR.,7849435,Nota Fiscal,0,2024-12-18T00:00:00,248,28000.0,https://www.camara.leg.br/cota-parlamentar/documentos/publ/1472/2024/7849435.pdf,QUALIGRAFF IMPRESSOS E SERVIÇOS GRÁFICOS LTDA,31422968000130,28000.0,0.0,,2099282,0,Alberto Fraga
2024,12,DIVULGAÇÃO DA ATIVIDADE PARLAMENTAR.,7858681,Nota Fiscal,0,2025-01-23T00:00:00,253,26000.0,https://www.camara.leg.br/cota-parlamentar/documentos/publ/1472/2025/7858681.pdf,QUALIGRAFF IMPRESSOS E SERVIÇOS GRÁFICOS LTDA,31422968000130,26000.0,0.0,,2105647,0,Alberto Fraga
2024,3,DIVULGAÇÃO DA ATIVIDADE PARLAMENTAR.,7704390,Nota Fiscal,0,2024-03-13T00:00:00,54,22400.0,https://www.camara.leg.br/cota-parlamentar/documentos/publ/1472/2024/7704390.pdf,QUALIGRAFF IMPRESSOS E SERVIÇOS GRÁFICOS LTDA,31422968000130,22400.0,0.0,,2022488,0,Alberto Fraga
2024,4,DIVULGAÇÃO DA ATIVIDADE PARLAMENTAR.,7734610,Nota Fiscal,0,2024-05-14T00:00:00,65,34000.0,https://www.camara.leg.br/cota-parlamentar/documentos/publ/1472/2024/7734610.pdf,QUALIGRAFF IMPRESSOS E SERVIÇOS GRÁFICOS LTDA,31422968000130,34000.0,0.0,,2039079,0,Alberto Fraga
2024,5,DIVULGAÇÃO DA ATIVIDADE PARLAMENTAR.,7758779,Nota Fiscal,0,2024-06-25T00:00:00,74,26000.0,https://www.camara.leg.br/cota-parlamentar/documentos/publ/1472/2024/7758779.pdf,QUALIGRAFF IMPRESSOS E SERVIÇOS GRÁFICOS LTDA,31422968000130,26000.0,0.0,,2051634,0,Alberto Fraga
2024,6,DIVULGAÇÃO DA ATIVIDADE PARLAMENTAR.,7780451,Nota Fiscal,0,2024-07-26T00:00:00,84,26000.0,https://www.camara.leg.br/cota-parlamentar/documentos/publ/1472/2024/7780451.pdf,QUALIGRAFF IMPRESSOS E SERVIÇOS GRÁFICOS LTDA,31422968000130,26000.0,0.0,,2062619,0,Alberto Fraga
2024,1,PASSAGEM AÉREA - REEMBOLSO,7674366,Nota Fiscal,0,2024-01-17T00:00:00,9572141399516,2883.41,https://www.camara.leg.br/cota-parlamentar/documentos/publ/1472/2024/7674366.pdf,Latam Linhas Aéreas S.A,02012862000160,2883.41,0.0,,2005631,0,Alberto Fraga
2024,1,TELEFONIA,7685764,Nota Fiscal,0,2024-01-19T00:00:00,00000458664229,951.41,,telefonica brasil s/a,02558157000162,499.99,451.42,,2012396,0,Alberto Fraga
2024,2,TELEFONIA,7704495,Nota Fiscal,0,2024-02-21T00:00:00,1121358838,953.33,,TELEFÔNICA BRASIL S/A - VIVO,02558157000162,953.33,0.0,,2022528,0,Alberto Fraga
2024,2,LOCAÇÃO OU FRETAMENTO DE VEÍCULOS AUTOMOTORES,7685743,Recibos/Outros,1,2024-01-26T00:00:00,00009,7449.0,https://www.camara.leg.br/cota-parlamentar/documentos/publ/1472/2024/7685743.pdf,SENNA LOCADORA DE AUTOMOVEIS LTDA,42902121000179,7449.0,0.0,,2012395,0,Alberto Fraga
2024,6,LOCAÇÃO OU FRETAMENTO DE VEÍCULOS AUTOMOTORES,7754590,Recibos/Outros,1,2024-05-26T00:00:00,0001,7449.0,https://www.camara.leg.br/cota-parlamentar/documentos/publ/1472/2024/7754590.pdf,SENNA LOCADORA DE AUTOMOVEIS LTDA,42902121000179,7449.0,0.0,,2049542,0,Alberto Fraga
2024,6,LOCAÇÃO OU FRETAMENTO DE VEÍCULOS AUTOMOTORES,7754590,Recibos/Outros,1,2024-05-26T00:00:00,0001,7449.0,https://www.camara.leg.br/cota-parlamentar/documentos/publ/1472/2024/7754590.pdf,SENNA LOCADORA DE AUTOMOVEIS LTDA,42902121000179,-0.0,0.0,,2049542,0,Alberto Fraga
2024,4,LOCAÇÃO OU FRETAMENTO DE VEÍCULOS AUTOMOTORES,7722469,Recibos/Outros,1,2024-03-26T00:00:00,00011,7449.0,https://www.camara.leg.br/cota-parlamentar/documentos/publ/1472/2024/7722469.pdf,SENNA LOCADORA DE AUTOMOVEIS LTDA,42902121000179,7449.0,0.0,,2032227,0,Alberto Fraga
2024,5,LOCAÇÃO OU FRETAMENTO DE VEÍCULOS AUTOMOTORES,7731366,Recibos/Outros,1,2024-04-26T00:00:00,00012,7449.0,https://www.camara.leg.br/cota-parlamentar/documentos/publ/1472/2024/7731366.pdf,SENNA LOCADORA DE AUTOMOVEIS LTDA,42902121000179,7449.0,0.0,,2036882,0,Alberto Fraga
2024,1,LOCAÇÃO OU FRETAMENTO DE VEÍCULOS AUTOMOTORES,7673088,Recibos/Outros,1,2023-12-26T00:00:00,0008,7449.0,https://www.camara.leg.br/cota-parlamentar/documentos/publ/1472/2024/7673088.pdf,SENNA LOCADORA DE AUTOMOVEIS LTDA,42902121000179,7449.0,0.0,,2004820,0,Alberto Fraga
2024,3,LOCAÇÃO OU FRETAMENTO DE VEÍCULOS AUTOMOTORES,7705462,Recibos/Outros,1,2024-02-26T00:00:00,0010,7449.0,https://www.camara.leg.br/cota-parlamentar/documentos/publ/1472/2024/7705462.pdf,SENNA LOCADORA DE AUTOMOVEIS LTDA,42902121000179,7449.0,0.0,,2023075,0,Alberto Fraga
2024,7,LOCAÇÃO OU FRETAMENTO DE VEÍCULOS AUTOMOTORES,7780481,Recibos/Outros,1,2024-06-26T00:00:00,02,7449.0,https://www.camara.leg.br/cota-parlamentar/documentos/publ/1472/2024/7780481.pdf,SENNA LOCADORA DE AUTOMOVEIS LTDA,42902121000179,7449.0,0.0,,2062636,0,Alberto Fraga
2024,7,LOCAÇÃO OU FRETAMENTO DE VEÍCULOS AUTOMOTORES,7780481,Recibos/Outros,1,2024-06-26T00:00:00,02,7449.0,https://www.camara.leg.br/cota-parlamentar/documentos/publ/1472/2024/7780481.pdf,SENNA LOCADORA DE AUTOMOVEIS LTDA,42902121000179,-0.0,0.0,,2062636,0,Alberto Fraga
2024,10,LOCAÇÃO OU FRETAMENTO DE VEÍCULOS AUTOMOTORES,7841469,Recibos/Outros,1,2024-09-26T00:00:00,02,7449.0,https://www.camara.leg.br/cota-parlamentar/documentos/publ/1472/2024/7841469.pdf,SENNA LOCADORA DE AUTOMOVEIS LTDA,42902121000179,7449.0,0.0,,2095094,0,Alberto Fraga
2024,8,LOCAÇÃO OU FRETAMENTO DE VEÍCULOS AUTOMOTORES,7791980,Recibos/Outros,1,2024-07-26T00:00:00,03,7449.0,https://www.camara.leg.br/cota-parlamentar/documentos/publ/1472/2024/7791980.pdf,SENNA LOCADORA DE AUTOMOVEIS LTDA,42902121000179,7449.0,0.0,,2068306,0,Alberto Fraga
2024,8,LOCAÇÃO OU FRETAMENTO DE VEÍCULOS AUTOMOTORES,7791980,Recibos/Outros,1,2024-07-26T00:00:00,03,7449.0,https://www.camara.leg.br/cota-parlamentar/documentos/publ/1472/2024/7791980.pdf,SENNA LOCADORA DE AUTOMOVEIS LTDA,42902121000179,-0.0,0.0,,2068306,0,Alberto Fraga
2024,9,LOCAÇÃO OU FRETAMENTO DE VEÍCULOS AUTOMOTORES,7841478,Recibos/Outros,1,2024-10-26T00:00:00,03,7449.0,https://www.camara.leg.br/cota-parlamentar/documentos/publ/1472/2024/7841478.pdf,SENNA LOCADORA DE AUTOMOVEIS LTDA,42902121000179,7449.0,0.0,,2095095,0,Alberto Fraga
2024,6,PASSAGEM AÉREA - SIGEPA,262853,Nota Fiscal,0,2024-06-20T12:00:00,WLG6HG,741.25,,AZUL,,741.25,0.0,0,0,0,Alberto Fraga
2024,2,PASSAGEM AÉREA - SIGEPA,227344,Nota Fiscal,0,2024-02-15T12:00:00,1272111751147,50.0,,GOL,,50.0,0.0,0,0,0,Alberto Fraga
2024,2,PASSAGEM AÉREA - SIGEPA,227344,Nota Fiscal,0,2024-02-15T12:00:00,1272111751147,538.61,,GOL,,538.61,0.0,0,0,0,Alberto Fraga
2024,2,PASSAGEM AÉREA - SIGEPA,227344,Nota Fiscal,0,2024-02-20T12:00:00,1272111751147,-50.0,,GOL,,-50.0,0.0,0,0,0,Alberto Fraga
2024,2,PASSAGEM AÉREA - SIGEPA,227344,Nota Fiscal,0,2024-02-20T12:00:00,1272111751147,-29.51,,GOL,,-29.51,0.0,0,0,0,Alberto Fraga
2024,11,PASSAGEM AÉREA - SIGEPA,287326,Nota Fiscal,0,2024-11-05T12:00:00,1272126525061,1829.98,,GOL,,1829.98,0.0,0,0,0,Alberto Fraga
2024,1,PASSAGEM AÉREA - SIGEPA,221497,Nota Fiscal,0,2024-01-16T12:00:00,1010-031897,-3174.73,,MAP,,-3174.73,0.0,0,0,0,Alberto Fraga
2024,1,PASSAGEM AÉREA - SIGEPA,221497,Nota Fiscal,0,2024-01-16T12:00:00,1010-031897,3174.73,,MAP,,3174.73,0.0,0,0,0,Alberto Fraga
2024,1,PASSAGEM AÉREA - SIGEPA,222382,Nota Fiscal,0,2024-01-23T12:00:00,9572142138031,1380.76,,TAM,,1380.76,0.0,0,0,0,Alberto Fraga
2024,2,PASSAGEM AÉREA - SIGEPA,227852,Nota Fiscal,0,2024-02-18T12:00:00,9572145402034,-29.51,,TAM,,-29.51,0.0,0,0,0,Alberto Fraga
2024,2,PASSAGEM AÉREA - SIGEPA,227852,Nota Fiscal,0,2024-02-18T12:00:00,9572145402034,65.0,,TAM,,65.0,0.0,0,0,0,Alberto Fraga
2024,2,PASSAGEM AÉREA - SIGEPA,227852,Nota Fiscal,0,2024-02-18T12:00:00,9572145402034,1367.51,,TAM,,1367.51,0.0,0,0,0,Alberto Fraga
2024,4,PASSAGEM AÉREA - SIGEPA,239135,Nota Fiscal,0,2024-04-01T12:00:00,9572150972357,59.0,,TAM,,59.0,0.0,0,0,0,Alberto Fraga
2024,4,PASSAGEM AÉREA - SIGEPA,239135,Nota Fiscal,0,2024-04-01T12:00:00,9572150972357,2875.24,,TAM,,2875.24,0.0,0,0,0,Alberto Fraga
2024,5,PASSAGEM AÉREA - SIGEPA,254903,Nota Fiscal,0,2024-05-22T12:00:00,9572157787456,74.0,,TAM,,74.0,0.0,0,0,0,Alberto Fraga
2024,5,PASSAGEM AÉREA - SIGEPA,254903,Nota Fiscal,0,2024-05-22T12:00:00,9572157787456,1367.51,,TAM,,1367.51,0.0,0,0,0,Alberto Fraga
2024,5,PASSAGEM AÉREA - SIGEPA,255548,Nota Fiscal,0,2024-05-24T12:00:00,9572158045995,64.0,,TAM,,64.0,0.0,0,0,0,Alberto Fraga
2024,5,PASSAGEM AÉREA - SIGEPA,255548,Nota Fiscal,0,2024-05-24T12:00:00,9572158045995,1383.07,,TAM,,1383.07,0.0,0,0,0,Alberto Fraga
2024,7,PASSAGEM AÉREA - SIGEPA,268099,Nota Fiscal,0,2024-07-12T12:00:00,9572165074938,80.0,,TAM,,80.0,0.0,0,0,0,Alberto Fraga
2024,7,PASSAGEM AÉREA - SIGEPA,268099,Nota Fiscal,0,2024-07-12T12:00:00,9572165074938,1468.51,,TAM,,1468.51,0.0,0,0,0,Alberto Fraga
2024,7,PASSAGEM AÉREA - SIGEPA,268362,Nota Fiscal,0,2024-07-15T12:00:00,9572165436345,80.0,,TAM,,80.0,0.0,0,0,0,Alberto Fraga
2024,7,PASSAGEM AÉREA - SIGEPA,268362,Nota Fiscal,0,2024-07-15T12:00:00,9572165436345,1468.51,,TAM,,1468.51,0.0,0,0,0,Alberto Fraga
2024,7,PASSAGEM AÉREA - SIGEPA,269772,Nota Fiscal,0,2024-07-25T12:00:00,9572166950110,1484.07,,TAM,,1484.07,0.0,0,0,0,Alberto Fraga
2024,9,PASSAGEM AÉREA - SIGEPA,277371,Nota Fiscal,0,2024-09-09T12:00:00,9572173282505,2657.75,,TAM,,2657.75,0.0,0,0,0,Alberto Fraga
2024,3,MANUTENÇÃO DE ESCRITÓRIO DE APOIO À ATIVIDADE PARLAMENTAR,7710290,Nota Fiscal,0,2024-03-12T00:00:00,169,220.0,https://www.camara.leg.br/cota-parlamentar/documentos/publ/3402/2024/7710290.pdf,APIS SOLUÇÕES TECNOLOGIA DA INFORMAÇÃO LTDA,01432068000102,220.0,0.0,,2025662,0,Bia Kicis
2024,4,MANUTENÇÃO DE ESCRITÓRIO DE APOIO À ATIVIDADE PARLAMENTAR,7724285,Nota Fiscal,0,2024-04-24T00:00:00,182,220.0,https://www.camara.leg.br/cota-parlamentar/documentos/publ/3402/2024/7724285.pdf,APIS SOLUÇÕES TECNOLOGIA DA INFORMAÇÃO LTDA,01432068000102,220.0,0.0,,2033129,0,Bia Kicis
2024,5,MANUTENÇÃO DE ESCRITÓRIO DE APOIO À ATIVIDADE PARLAMENTAR,7750996,Nota Fiscal,0,2024-05-16T00:00:00,202,220.0,https://www.camara.leg.br/cota-parlamentar/documentos/publ/3402/2024/7750996.pdf,APIS SOLUÇÕES TECNOLOGIA DA INFORMAÇÃO LTDA,01432068000102,220.0,0.0,,2047671,0,Bia Kicis
2024,6,MANUTENÇÃO DE ESCRITÓRIO DE APOIO À ATIVIDADE PARLAMENTAR,7759602,Nota Fiscal,0,2024-06-04T00:00:00,204,220.0,https://www.camara.leg.br/cota-parlamentar/documentos/publ/3402/2024/7759602.pdf,APIS SOLUÇÕES TECNOLOGIA DA INFORMAÇÃO LTDA,01432068000102,220.0,0.0,,2052048,0,Bia Kicis
2024,7,MANUTENÇÃO DE ESCRITÓRIO DE APOIO À ATIVIDADE PARLAMENTAR,7770061,Nota Fiscal,0,2024-07-10T00:00:00,229,220.0,https://www.camara.leg.br/cota-parlamentar/documentos/publ/3402/2024/7770061.pdf,APIS SOLUÇÕES TECNOLOGIA DA INFORMAÇÃO LTDA,01432068000102,220.0,0.0,,2057475,0,Bia Kicis
2024,8,MANUTENÇÃO DE ESCRITÓRIO DE APOIO À ATIVIDADE PARLAMENTAR,7790943,Nota Fiscal,0,2024-08-09T00:00:00,241,220.0,https://www.camara.leg.br/cota-parlamentar/documentos/publ/3402/2024/7790943.pdf,APIS SOLUÇÕES TECNOLOGIA DA INFORMAÇÃO LTDA,01432068000102,220.0,0.0,,2067805,0,Bia Kicis
2024,9,MANUTENÇÃO DE ESCRITÓRIO DE APOIO À ATIVIDADE PARLAMENTAR,7809996,Nota Fiscal,0,2024-09-12T00:00:00,259,220.0,https://www.camara.leg.br/cota-parlamentar/documentos/publ/3402/2024/7809996.pdf,APIS SOLUÇÕES TECNOLOGIA DA INFORMAÇÃO LTDA,01432068000102,220.0,0.0,,2077659,0,Bia Kicis
2024,10,MANUTENÇÃO DE ESCRITÓRIO DE APOIO À ATIVIDADE PARLAMENTAR,7818022,Nota Fiscal,0,2024-10-16T00:00:00,273,220.0,https://www.camara.leg.br/cota-parlamentar/documentos/publ/3402/2024/7818022.pdf,APIS SOLUÇÕES TECNOLOGIA DA INFORMAÇÃO LTDA,01432068000102,220.0,0.0,,2082349,0,Bia Kicis
2024,12,MANUTENÇÃO DE ESCRITÓRIO DE APOIO À ATIVIDADE PARLAMENTAR,7847773,Nota Fiscal,0,2024-12-16T00:00:00,303,220.0,https://www.camara.leg.br/cota-parlamentar/documentos/publ/3402/2024/7847773.pdf,APIS SOLUÇÕES TECNOLOGIA DA INFORMAÇÃO LTDA,01432068000102,220.0,0.0,,2098437,0,Bia Kicis
2024,1,MANUTENÇÃO DE ESCRITÓRIO DE APOIO À ATIVIDADE PARLAMENTAR,7673678,Nota Fiscal,0,2024-01-12T00:00:00,80659180,31.92,https://www.camara.leg.br/cota-parlamentar/documentos/publ/3402/2024/7673678.pdf,CEB DISTRIBUICAO S.A.,07522669000192,31.92,0.0,,2005230,0,Bia Kicis
2024,1,MANUTENÇÃO DE ESCRITÓRIO DE APOIO À ATIVIDADE PARLAMENTAR,7673669,Nota Fiscal,0,2024-01-12T00:00:00,80659181,31.92,https://www.camara.leg.br/cota-parlamentar/documentos/publ/3402/2024/7673669.pdf,CEB DISTRIBUICAO S.A.,07522669000192,31.92,0.0,,2005230,0,Bia Kicis
2024,1,MANUTENÇÃO DE ESCRITÓRIO DE APOIO À ATIVIDADE PARLAMENTAR,7673667,Nota Fiscal,0,2024-01-12T00:00:00,80659182,131.48,https://www.camara.leg.br/cota-parlamentar/documentos/publ/3402/2024/7673667.pdf,CEB DISTRIBUICAO S.A.,07522669000192,131.48,0.0,,2005230,0,Bia Kicis
2024,2,MANUTENÇÃO DE ESCRITÓRIO DE APOIO À ATIVIDADE PARLAMENTAR,7689928,Nota Fiscal,0,2024-02-14T00:00:00,81932358,32.04,https://www.camara.leg.br/cota-parlamentar/documentos/publ/3402/2024/7689928.pdf,CEB DISTRIBUICAO S.A.,07522669000192,32.04,0.0,,2014685,0,Bia Kicis
2024,2,MANUTENÇÃO DE ESCRITÓRIO DE APOIO À ATIVIDADE PARLAMENTAR,7689979,Nota Fiscal,0,2024-02-14T00:00:00,81932359,32.93,https://www.camara.leg.br/cota-parlamentar/documentos/publ/3402/2024/7689979.pdf,CEB DISTRIBUICAO S.A.,07522669000192,32.93,0.0,,2014685,0,Bia Kicis
2024,2,MANUTENÇÃO DE ESCRITÓRIO DE APOIO À ATIVIDADE PARLAMENTAR,7689970,Nota Fiscal,0,2024-02-14T00:00:00,81932360,174.45,https://www.camara.leg.br/cota-parlamentar/documentos/publ/3402/2024/7689970.pdf,CEB DISTRIBUICAO S.A.,07522669000192,174.45,0.0,,2014685,0,Bia Kicis
2024,3,MANUTENÇÃO DE ESCRITÓRIO DE APOIO À ATIVIDADE PARLAMENTAR,7724058,Nota Fiscal,0,2024-03-14T00:00:00,83110761,32.35,https://www.camara.leg.br/cota-parlamentar/documentos/publ/3402/2024/7724058.pdf,CEB DISTRIBUICAO S.A.,07522669000192,32.35,0.0,,2033010,0,Bia Kicis
2024,3,MANUTENÇÃO DE ESCRITÓRIO DE APOIO À ATIVIDADE PARLAMENTAR,7724043,Nota Fiscal,0,2024-03-14T00:00:00,83110763,151.1,https://www.camara.leg.br/cota-parlamentar/documentos/publ/3402/2024/7724043.pdf,CEB DISTRIBUICAO S.A.,07522669000192,151.1,0.0,,2033010,0,Bia Kicis
2024,4,MANUTENÇÃO DE ESCRITÓRIO DE APOIO À ATIVIDADE PARLAMENTAR,7722944,Nota Fiscal,0,2024-04-11T00:00:00,84290010,32.1,https://www.camara.leg.br/cota-parlamentar/documentos/publ/3402/2024/7722944.pdf,CEB DISTRIBUICAO S.A.,07522669000192,32.1,0.0,,2032486,0,Bia Kicis
2024,4,MANUTENÇÃO DE ESCRITÓRIO DE APOIO À ATIVIDADE PARLAMENTAR,7722947,Nota Fiscal,0,2024-04-11T00:00:00,84290011,32.1,https://www.camara.leg.br/cota-parlamentar/documentos/publ/3402/2024/7722947.pdf,CEB DISTRIBUICAO S.A.,07522669000192,32.1,0.0,,2032486,0,Bia Kicis
2024,4,MANUTENÇÃO DE ESCRITÓRIO DE APOIO À ATIVIDADE PARLAMENTAR,7722948,Nota Fiscal,0,2024-04-11T00:00:00,84290012,138.35,https://www.camara.leg.br/cota-parlamentar/documentos/publ/3402/2024/7722948.pdf,CEB DISTRIBUICAO S.A.,07522669000192,138.35,0.0,,2032487,0,Bia Kicis
2024,5,MANUTENÇÃO DE ESCRITÓRIO DE APOIO À ATIVIDADE PARLAMENTAR,7740110,Nota Fiscal,0,2024-05-13T00:00:00,85470002,33.9,https://www.camara.leg.br/cota-parlamentar/documentos/publ/3402/2024/7740110.pdf,CEB DISTRIBUICAO S.A.,07522669000192,32.82,1.08,,2041936,0,Bia Kicis
2024,5,MANUTENÇÃO DE ESCRITÓRIO DE APOIO À ATIVIDADE PARLAMENTAR,7740362,Nota Fiscal,0,2024-05-13T00:00:00,85470003,33.73,https://www.camara.leg.br/cota-parlamentar/documentos/publ/3402/2024/7740362.pdf,CEB DISTRIBUICAO S.A.,07522669000192,33.73,0.0,,2041936,0,Bia Kicis
2024,5,MANUTENÇÃO DE ESCRITÓRIO DE APOIO À ATIVIDADE PARLAMENTAR,7740369,Nota Fiscal,0,2024-05-13T00:00:00,85470004,160.71,https://www.camara.leg.br/cota-parlamentar/documentos/publ/3402/2024/7740369.pdf,CEB DISTRIBUICAO S.A.,07522669000192,155.75,4.96,,2041936,0,Bia Kicis
2024,6,MANUTENÇÃO DE ESCRITÓRIO DE APOIO À ATIVIDADE PARLAMENTAR,7760736,Nota Fiscal,0,2024-06-12T00:00:00,86652291,32.48,https://www.camara.leg.br/cota-parlamentar/documentos/publ/3402/2024/7760736.pdf,CEB DISTRIBUICAO S.A.,07522669000192,32.48,0.0,,2052603,0,Bia Kicis
2024,6,MANUTENÇÃO DE ESCRITÓRIO DE APOIO À ATIVIDADE PARLAMENTAR,7760734,Nota Fiscal,0,2024-06-12T00:00:00,86652292,35.19,https://www.camara.leg.br/cota-parlamentar/documentos/publ/3402/2024/7760734.pdf,CEB DISTRIBUICAO S.A.,07522669000192,35.19,0.0,,2052603,0,Bia Kicis
2024,6,MANUTENÇÃO DE ESCRITÓRIO DE APOIO À ATIVIDADE PARLAMENTAR,7760737,Nota Fiscal,0,2024-06-12T00:00:00,86652293,143.65,https://www.camara.leg.br/cota-parlamentar/documentos/publ/3402/2024/7760737.pdf,CEB DISTRIBUICAO S.A.,07522669000192,143.65,0.0,,2052603,0,Bia Kicis
2024,7,MANUTENÇÃO DE ESCRITÓRIO DE APOIO À ATIVIDADE PARLAMENTAR,7771885,Nota Fiscal,0,2024-07-11T00:00:00,87834033,32.5,https://www.camara.leg.br/cota-parlamentar/documentos/publ/3402/2024/7771885.pdf,CEB DISTRIBUICAO S.A.,07522669000192,32.5,0.0,,2058380,0,Bia Kicis
2024,7,MANUTENÇÃO DE ESCRITÓRIO DE APOIO À ATIVIDADE PARLAMENTAR,7771838,Nota Fiscal,0,2024-07-11T00:00:00,87834034,32.5,https://www.camara.leg.br/cota-parlamentar/documentos/publ/3402/2024/7771838.pdf,CEB DISTRIBUICAO S.A.,07522669000192,32.5,0.0,,2058380,0,Bia Kicis
2024,7,MANUTENÇÃO DE ESCRITÓRIO DE APOIO À ATIVIDADE PARLAMENTAR,7771824,Nota Fiscal,0,2024-07-11T00:00:00,87834035,164.47,https://www.camara.leg.br/cota-parlamentar/documentos/publ/3402/2024/7771824.pdf,CEB DISTRIBUICAO S.A.,07522669000192,164.47,0.0,,2058380,0,Bia Kicis
2024,8,MANUTENÇÃO DE ESCRITÓRIO DE APOIO À ATIVIDADE PARLAMENTAR,7788850,Nota Fiscal,0,2024-08-12T00:00:00,89016924,32.41,https://www.camara.leg.br/cota-parlamentar/documentos/publ/3402/2024/7788850.pdf,CEB DISTRIBUICAO S.A.,07522669000192,32.41,0.0,,2066645,0,Bia Kicis
2024,8,MANUTENÇÃO DE ESCRITÓRIO DE APOIO À ATIVIDADE PARLAMENTAR,7788847,Nota Fiscal,0,2024-08-12T00:00:00,89016925,41.93,https://www.camara.leg.br/cota-parlamentar/documentos/publ/3402/2024/7788847.pdf,CEB DISTRIBUICAO S.A.,07522669000192,39.6,2.33,,2066645,0,Bia Kicis
2024,8,MANUTENÇÃO DE ESCRITÓRIO DE APOIO À ATIVIDADE PARLAMENTAR,7788082,Nota Fiscal,0,2024-08-12T00:00:00,89016926,156.79,https://www.camara.leg.br/cota-parlamentar/documentos/publ/3402/2024/7788082.pdf,CEB DISTRIBUICAO S.A.,07522669000192,156.79,0.0,,2066524,0,Bia Kicis
2024,9,MANUTENÇÃO DE ESCRITÓRIO DE APOIO À ATIVIDADE PARLAMENTAR,7803302,Nota Fiscal,0,2024-09-13T00:00:00,90202019,34.92,https://www.camara.leg.br/cota-parlamentar/documentos/publ/3402/2024/7803302.pdf,CEB DISTRIBUICAO S.A.,07522669000192,34.92,0.0,,2074117,0,Bia Kicis
2024,9,MANUTENÇÃO DE ESCRITÓRIO DE APOIO À ATIVIDADE PARLAMENTAR,7803299,Nota Fiscal,0,2024-09-13T00:00:00,90202020,37.69,https://www.camara.leg.br/cota-parlamentar/documentos/publ/3402/2024/7803299.pdf,CEB DISTRIBUICAO S.A.,07522669000192,37.69,0.0,,2074117,0,Bia Kicis
2024,9,MANUTENÇÃO DE ESCRITÓRIO DE APOIO À ATIVIDADE PARLAMENTAR,7803195,Nota Fiscal,0,2024-09-13T00:00:00,90202021,165.76,https://www.camara.leg.br/cota-parlamentar/documentos/publ/3402/2024/7803195.pdf,CEB DISTRIBUICAO S.A.,07522669000192,165.76,0.0,,2074117,0,Bia Kicis
2024,10,MANUTENÇÃO DE ESCRITÓRIO DE APOIO À ATIVIDADE PARLAMENTAR,7818640,Nota Fiscal,0,2024-10-11T00:00:00,91388559,36.26,https://www.camara.leg.br/cota-parlamentar/documentos/publ/3402/2024/7818640.pdf,CEB DISTRIBUICAO S.A.,07522669000192,36.26,0.0,,2082702,0,Bia Kicis
2024,10,MANUTENÇÃO DE ESCRITÓRIO DE APOIO À ATIVIDADE PARLAMENTAR,7818646,Nota Fiscal,0,2024-10-11T00:00:00,91388560,39.25,https://www.camara.leg.br/cota-parlamentar/documentos/publ/3402/2024/7818646.pdf,CEB DISTRIBUICAO S.A.,07522669000192,39.25,0.0,,2082702,0,Bia Kicis
2024,10,MANUTENÇÃO DE ESCRITÓRIO DE APOIO À ATIVIDADE PARLAMENTAR,7818641,Nota Fiscal,0,2024-10-11T00:00:00,91388561,166.41,https://www.camara.leg.br/cota-parlamentar/documentos/publ/3402/2024/7818641.pdf,CEB DISTRIBUICAO S.A.,07522669000192,166.41,0.0,,2082702,0,Bia Kicis
2024,11,MANUTENÇÃO DE ESCRITÓRIO DE APOIO À ATIVIDADE PARLAMENTAR,7834978,Nota Fiscal,0,2024-11-12T00:00:00,92576410,33.99,https://www.camara.leg.br/cota-parlamentar/documentos/publ/3402/2024/7834978.pdf,CEB DISTRIBUICAO S.A.,07522669000192,33.99,0.0,,2091662,0,Bia Kicis
2024,11,MANUTENÇÃO DE ESCRITÓRIO DE APOIO À ATIVIDADE PARLAMENTAR,7835072,Nota Fiscal,0,2024-11-12T00:00:00,92576411,33.99,https://www.camara.leg.br/cota-parlamentar/documentos/publ/3402/2024/7835072.pdf,CEB DISTRIBUICAO S.A.,07522669000192,33.99,0.0,,2091662,0,Bia Kicis
2024,11,MANUTENÇÃO DE ESCRITÓRIO DE APOIO À ATIVIDADE PARLAMENTAR,7835345,Nota Fiscal,0,2024-11-12T00:00:00,92576412,154.4,https://www.camara.leg.br/cota-parlamentar/documentos/publ/3402/2024/7835345.pdf,CEB DISTRIBUICAO S.A.,07522669000192,154.4,0.0,,2091662,0,Bia Kicis
2024,12,MANUTENÇÃO DE ESCRITÓRIO DE APOIO À ATIVIDADE PARLAMENTAR,7848525,Nota Fiscal,0,2024-12-14T00:00:00,93766114,33.49,https://www.camara.leg.br/cota-parlamentar/documentos/publ/3402/2024/7848525.pdf,CEB DISTRIBUICAO S.A.,07522669000192,33.49,0.0,,2098809,0,Bia Kicis
2024,12,MANUTENÇÃO DE ESCRITÓRIO DE APOIO À ATIVIDADE PARLAMENTAR,7848450,Nota Fiscal,0,2024-12-14T00:00:00,93766115,31.74,https://www.camara.leg.br/cota-parlamentar/documentos/publ/3402/2024/7848450.pdf,CEB DISTRIBUICAO S.A.,07522669000192,31.74,0.0,,2098809,0,Bia Kicis
2024,12,MANUTENÇÃO DE ESCRITÓRIO DE APOIO À ATIVIDADE PARLAMENTAR,7848537,Nota Fiscal,0,2024-12-14T00:00:00,93766116,152.51,https://www.camara.leg.br/cota-parlamentar/documentos/publ/3402/2024/7848537.pdf,CEB DISTRIBUICAO S.A.,07522669000192,152.51,0.0,,2098809,0,Bia Kicis
2024,1,MANUTENÇÃO DE ESCRITÓRIO DE APOIO À ATIVIDADE PARLAMENTAR,7670110,Recibos/Outros,1,2024-01-02T00:00:00,62358,295.55,https://www.camara.leg.br/cota-parlamentar/documentos/publ/3402/2024/7670110.pdf,Condomínio do Edifício Central Park,01194020000103,295.55,0.0,,2003020,0,Bia Kicis
2024,2,MANUTENÇÃO DE ESCRITÓRIO DE APOIO À ATIVIDADE PARLAMENTAR,7680137,Recibos/Outros,1,2024-02-01T00:00:00,62622,295.55,https://www.camara.leg.br/cota-parlamentar/documentos/publ/3402/2024/7680137.pdf,Condomínio do Edifício Central Park,01194020000103,295.55,0.0,,2009239,0,Bia Kicis
2024,3,MANUTENÇÃO DE ESCRITÓRIO DE APOIO À ATIVIDADE PARLAMENTAR,7694899,Recibos/Outros,1,2024-03-01T00:00:00,62882,295.55,https://www.camara.leg.br/cota-parlamentar/documentos/publ/3402/2024/7694899.pdf,Condomínio do Edifício Central Park,01194020000103,295.55,0.0,,2017385,0,Bia Kicis
2024,4,MANUTENÇÃO DE ESCRITÓRIO DE APOIO À ATIVIDADE PARLAMENTAR,7712170,Recibos/Outros,1,2024-04-01T00:00:00,63146,295.55,https://www.camara.leg.br/cota-parlamentar/documentos/publ/3402/2024/7712170.pdf,Condomínio do Edifício Central Park,01194020000103,295.55,0.0,,2026697,0,Bia Kicis
2024,4,MANUTENÇÃO DE ESCRITÓRIO DE APOIO À ATIVIDADE PARLAMENTAR,7730714,Recibos/Outros,1,2024-04-01T00:00:00,63146,295.55,https://www.camara.leg.br/cota-parlamentar/documentos/publ/3402/2024/7730714.pdf,Condomínio do Edifício Central Park,01194020000103,295.55,0.0,,2036533,0,Bia Kicis
2024,5,MANUTENÇÃO DE ESCRITÓRIO DE APOIO À ATIVIDADE PARLAMENTAR,7730723,Recibos/Outros,1,2024-05-02T00:00:00,63672,309.22,https://www.camara.leg.br/cota-parlamentar/documentos/publ/3402/2024/7730723.pdf,Condomínio do Edifício Central Park,01194020000103,309.22,0.0,,2036540,0,Bia Kicis
2024,6,MANUTENÇÃO DE ESCRITÓRIO DE APOIO À ATIVIDADE PARLAMENTAR,7749150,Recibos/Outros,1,2024-06-03T00:00:00,64473,309.22,https://www.camara.leg.br/cota-parlamentar/documentos/publ/3402/2024/7749150.pdf,Condomínio do Edifício Central Park,01194020000103,309.22,0.0,,2046674,0,Bia Kicis
2024,7,MANUTENÇÃO DE ESCRITÓRIO DE APOIO À ATIVIDADE PARLAMENTAR,7763743,Recibos/Outros,1,2024-07-01T00:00:00,64743,309.22,https://www.camara.leg.br/cota-parlamentar/documentos/publ/3402/2024/7763743.pdf,Condomínio do Edifício Central Park,01194020000103,309.22,0.0,,2054115,0,Bia Kicis
2024,7,MANUTENÇÃO DE ESCRITÓRIO DE APOIO À ATIVIDADE PARLAMENTAR,7771816,Nota Fiscal Eletrônica,4,2024-07-12T00:00:00,892900,33.4,http://www.camara.leg.br/cota-parlamentar/nota-fiscal-eletronica?ideDocumentoFiscal=7771816,Kalunga SA,43283811005976,33.4,0.0,,2058342,0,Bia Kicis
2024,11,MANUTENÇÃO DE ESCRITÓRIO DE APOIO À ATIVIDADE PARLAMENTAR,7850059,Recibos/Outros,1,2024-11-29T00:00:00,10117,145.0,https://www.camara.leg.br/cota-parlamentar/documentos/publ/3402/2024/7850059.pdf,LOCATI SERVIÇOS E LOCAÇÃO DE EQUIPAMENTOS,48423624000148,145.0,0.0,,2099621,0,Bia Kicis
2024,11,MANUTENÇÃO DE ESCRITÓRIO DE APOIO À ATIVIDADE PARLAMENTAR,7850063,Recibos/Outros,1,2024-11-29T00:00:00,10118,2600.0,https://www.camara.leg.br/cota-parlamentar/documentos/publ/3402/2024/7850063.pdf,LOCATI SERVIÇOS E LOCAÇÃO DE EQUIPAMENTOS,48423624000148,2600.0,0.0,,2099623,0,Bia Kicis
2024,12,MANUTENÇÃO DE ESCRITÓRIO DE APOIO À ATIVIDADE PARLAMENTAR,7882069,Recibos/Outros,1,2024-12-18T00:00:00,10234,145.0,https://www.camara.leg.br/cota-parlamentar/documentos/publ/3402/2025/7882069.pdf,LOCATI SERVIÇOS E LOCAÇÃO DE EQUIPAMENTOS,48423624000148,145.0,0.0,,2118124,0,Bia Kicis
2024,12,MANUTENÇÃO DE ESCRITÓRIO DE APOIO À ATIVIDADE PARLAMENTAR,7882062,Recibos/Outros,1,2024-12-18T00:00:00,10235,2600.0,https://www.camara.leg.br/cota-parlamentar/documentos/publ/3402/2025/7882062.pdf,LOCATI SERVIÇOS E LOCAÇÃO DE EQUIPAMENTOS,48423624000148,2600.0,0.0,,2118116,0,Bia Kicis
2024,1,MANUTENÇÃO DE ESCRITÓRIO DE APOIO À ATIVIDADE PARLAMENTAR,7674302,Recibos/Outros,1,2024-01-19T00:00:00,4664,145.0,https://www.camara.leg.br/cota-parlamentar/documentos/publ/3402/2024/7674302.pdf,LOCATI SERVIÇOS E LOCAÇÃO DE EQUIPAMENTOS,48423624000148,145.0,0.0,,2005592,0,Bia Kicis
2024,2,MANUTENÇÃO DE ESCRITÓRIO DE APOIO À ATIVIDADE PARLAMENTAR,7697403,Recibos/Outros,1,2024-02-23T00:00:00,5395,145.0,https://www.camara.leg.br/cota-parlamentar/documentos/publ/3402/2024/7697403.pdf,LOCATI SERVIÇOS E LOCAÇÃO DE EQUIPAMENTOS,48423624000148,145.0,0.0,,2018761,0,Bia Kicis
2024,3,MANUTENÇÃO DE ESCRITÓRIO DE APOIO À ATIVIDADE PARLAMENTAR,7710285,Recibos/Outros,1,2024-03-21T00:00:00,5845,145.0,https://www.camara.leg.br/cota-parlamentar/documentos/publ/3402/2024/7710285.pdf,LOCATI SERVIÇOS E LOCAÇÃO DE EQUIPAMENTOS,48423624000148,145.0,0.0,,2025658,0,Bia Kicis
2024,3,MANUTENÇÃO DE ESCRITÓRIO DE APOIO À ATIVIDADE PARLAMENTAR,7710872,Recibos/Outros,1,2024-03-25T00:00:00,6113,2600.0,https://www.camara.leg.br/cota-parlamentar/documentos/publ/3402/2024/7710872.pdf,LOCATI SERVIÇOS E LOCAÇÃO DE EQUIPAMENTOS,48423624000148,2600.0,0.0,,2026009,0,Bia Kicis
2024,4,MANUTENÇÃO DE ESCRITÓRIO DE APOIO À ATIVIDADE PARLAMENTAR,7728052,Recibos/Outros,1,2024-04-30T00:00:00,6778,145.0,https://www.camara.leg.br/cota-parlamentar/documentos/publ/3402/2024/7728052.pdf,LOCATI SERVIÇOS E LOCAÇÃO DE EQUIPAMENTOS,48423624000148,145.0,0.0,,2035024,0,Bia Kicis
2024,4,MANUTENÇÃO DE ESCRITÓRIO DE APOIO À ATIVIDADE PARLAMENTAR,7728051,Recibos/Outros,1,2024-04-30T00:00:00,6779,2600.0,https://www.camara.leg.br/cota-parlamentar/documentos/publ/3402/2024/7728051.pdf,LOCATI SERVIÇOS E LOCAÇÃO DE EQUIPAMENTOS,48423624000148,2600.0,0.0,,2035025,0,Bia Kicis
2024,5,MANUTENÇÃO DE ESCRITÓRIO DE APOIO À ATIVIDADE PARLAMENTAR,7753245,Recibos/Outros,1,2024-05-28T00:00:00,7249,145.0,https://www.camara.leg.br/cota-parlamentar/documentos/publ/3402/2024/7753245.pdf,LOCATI SERVIÇOS E LOCAÇÃO DE EQUIPAMENTOS,48423624000148,145.0,0.0,,2048883,0,Bia Kicis
2024,5,MANUTENÇÃO DE ESCRITÓRIO DE APOIO À ATIVIDADE PARLAMENTAR,7753242,Recibos/Outros,1,2024-05-28T00:00:00,7250,2600.0,https://www.camara.leg.br/cota-parlamentar/documentos/publ/3402/2024/7753242.pdf,LOCATI SERVIÇOS E LOCAÇÃO DE EQUIPAMENTOS,48423624000148,2600.0,0.0,,2048884,0,Bia Kicis
2024,6,MANUTENÇÃO DE ESCRITÓRIO DE APOIO À ATIVIDADE PARLAMENTAR,7760733,Recibos/Outros,1,2024-06-26T00:00:00,7792,145.0,https://www.camara.leg.br/cota-parlamentar/documentos/publ/3402/2024/7760733.pdf,LOCATI SERVIÇOS E LOCAÇÃO DE EQUIPAMENTOS,48423624000148,145.0,0.0,,2052601,0,Bia Kicis
2024,6,MANUTENÇÃO DE ESCRITÓRIO DE APOIO À ATIVIDADE PARLAMENTAR,7760732,Recibos/Outros,1,2024-06-26T00:00:00,7793,2600.0,https://www.camara.leg.br/cota-parlamentar/documentos/publ/3402/2024/7760732.pdf,LOCATI SERVIÇOS E LOCAÇÃO DE EQUIPAMENTOS,48423624000148,2600.0,0.0,,2052602,0,Bia Kicis
2024,1,MANUTENÇÃO DE ESCRITÓRIO DE APOIO À ATIVIDADE PARLAMENTAR,7675246,Nota Fiscal,0,2024-01-19T00:00:00,81,2600.0,https://www.camara.leg.br/cota-parlamentar/documentos/publ/3402/2024/7675246.pdf,LOCATI SERVIÇOS E LOCAÇÃO DE EQUIPAMENTOS,48423624000148,2600.0,0.0,,2006051,0,Bia Kicis
2024,7,MANUTENÇÃO DE ESCRITÓRIO DE APOIO À ATIVIDADE PARLAMENTAR,7777158,Recibos/Outros,1,2024-07-30T00:00:00,8297,145.0,https://www.camara.leg.br/cota-parlamentar/documentos/publ/3402/2024/7777158.pdf,LOCATI SERVIÇOS E LOCAÇÃO DE EQUIPAMENTOS,48423624000148,145.0,0.0,,2060983,0,Bia Kicis
2024,7,MANUTENÇÃO DE ESCRITÓRIO DE APOIO À ATIVIDADE PARLAMENTAR,7777159,Recibos/Outros,1,2024-07-30T00:00:00,8298,2600.0,https://www.camara.leg.br/cota-parlamentar/documentos/publ/3402/2024/7777159.pdf,LOCATI SERVIÇOS E LOCAÇÃO DE EQUIPAMENTOS,48423624000148,2600.0,0.0,,2060984,0,Bia Kicis
2024,8,MANUTENÇÃO DE ESCRITÓRIO DE APOIO À ATIVIDADE PARLAMENTAR,7791991,Recibos/Outros,1,2024-08-26T00:00:00,8658,145.0,https://www.camara.leg.br/cota-parlamentar/documentos/publ/3402/2024/7791991.pdf,LOCATI SERVIÇOS E LOCAÇÃO DE EQUIPAMENTOS,48423624000148,145.0,0.0,,2068315,0,Bia Kicis
2024,8,MANUTENÇÃO DE ESCRITÓRIO DE APOIO À ATIVIDADE PARLAMENTAR,7791973,Recibos/Outros,1,2024-08-26T00:00:00,8659,2600.0,https://www.camara.leg.br/cota-parlamentar/documentos/publ/3402/2024/7791973.pdf,LOCATI SERVIÇOS E LOCAÇÃO DE EQUIPAMENTOS,48423624000148,2600.0,0.0,,2068316,0,Bia Kicis
2024,9,MANUTENÇÃO DE ESCRITÓRIO DE APOIO À ATIVIDADE PARLAMENTAR,7806102,Recibos/Outros,1,2024-09-23T00:00:00,9112,145.0,https://www.camara.leg.br/cota-parlamentar/documentos/publ/3402/2024/7806102.pdf,LOCATI SERVIÇOS E LOCAÇÃO DE EQUIPAMENTOS,48423624000148,145.0,0.0,,2075603,0,Bia Kicis
2024,9,MANUTENÇÃO DE ESCRITÓRIO DE APOIO À ATIVIDADE PARLAMENTAR,7806104,Recibos/Outros,1,2024-09-23T00:00:00,9114,2600.0,https://www.camara.leg.br/cota-parlamentar/documentos/publ/3402/2024/7806104.pdf,LOCATI SERVIÇOS E LOCAÇÃO DE EQUIPAMENTOS,48423624000148,2600.0,0.0,,2075604,0,Bia Kicis
2024,2,MANUTENÇÃO DE ESCRITÓRIO DE APOIO À ATIVIDADE PARLAMENTAR,7697388,Nota Fiscal,0,2024-02-23T00:00:00,92,2600.0,https://www.camara.leg.br/cota-parlamentar/documentos/publ/3402/2024/7697388.pdf,LOCATI SERVIÇOS E LOCAÇÃO DE EQUIPAMENTOS,48423624000148,2600.0,0.0,,2018756,0,Bia Kicis
2024,10,MANUTENÇÃO DE ESCRITÓRIO DE APOIO À ATIVIDADE PARLAMENTAR,7824093,Recibos/Outros,1,2024-10-28T00:00:00,9616,145.0,https://www.camara.leg.br/cota-parlamentar/documentos/publ/3402/2024/7824093.pdf,LOCATI SERVIÇOS E LOCAÇÃO DE EQUIPAMENTOS,48423624000148,145.0,0.0,,2085472,0,Bia Kicis
2024,10,MANUTENÇÃO DE ESCRITÓRIO DE APOIO À ATIVIDADE PARLAMENTAR,7824107,Recibos/Outros,1,2024-10-28T00:00:00,9617,2600.0,https://www.camara.leg.br/cota-parlamentar/documentos/publ/3402/2024/7824107.pdf,LOCATI SERVIÇOS E LOCAÇÃO DE EQUIPAMENTOS,48423624000148,2600.0,0.0,,2085473,0,Bia Kicis
2024,8,MANUTENÇÃO DE ESCRITÓRIO DE APOIO À ATIVIDADE PARLAMENTAR,7788857,Recibos/Outros,1,2024-08-07T00:00:00,100003,6192.12,https://www.camara.leg.br/cota-parlamentar/documentos/publ/3402/2024/7788857.pdf,PLANALTO CENTRAL IMOVEIS LTDA,00581058000176,6192.12,0.0,,2066648,0,Bia Kicis
2024,1,MANUTENÇÃO DE ESCRITÓRIO DE APOIO À ATIVIDADE PARLAMENTAR,7673628,Recibos/Outros,1,2024-01-17T00:00:00,70683,6192.12,https://www.camara.leg.br/cota-parlamentar/documentos/publ/3402/2024/7673628.pdf,PLANALTO CENTRAL IMOVEIS LTDA,00581058000176,6192.12,0.0,,2005181,0,Bia Kicis
2024,2,MANUTENÇÃO DE ESCRITÓRIO DE APOIO À ATIVIDADE PARLAMENTAR,7686449,Recibos/Outros,1,2024-02-16T00:00:00,70684,6192.12,https://www.camara.leg.br/cota-parlamentar/documentos/publ/3402/2024/7686449.pdf,PLANALTO CENTRAL IMOVEIS LTDA,00581058000176,6192.12,0.0,,2012807,0,Bia Kicis
2024,3,MANUTENÇÃO DE ESCRITÓRIO DE APOIO À ATIVIDADE PARLAMENTAR,7701428,Recibos/Outros,1,2024-03-06T00:00:00,70685,6192.12,https://www.camara.leg.br/cota-parlamentar/documentos/publ/3402/2024/7701428.pdf,PLANALTO CENTRAL IMOVEIS LTDA,00581058000176,6192.12,0.0,,2021766,0,Bia Kicis
2024,4,MANUTENÇÃO DE ESCRITÓRIO DE APOIO À ATIVIDADE PARLAMENTAR,7717660,Recibos/Outros,1,2024-04-03T00:00:00,70688,6192.12,https://www.camara.leg.br/cota-parlamentar/documentos/publ/3402/2024/7717660.pdf,PLANALTO CENTRAL IMOVEIS LTDA,00581058000176,6192.12,0.0,,2029731,0,Bia Kicis
2024,5,MANUTENÇÃO DE ESCRITÓRIO DE APOIO À ATIVIDADE PARLAMENTAR,7730719,Recibos/Outros,1,2024-05-02T00:00:00,75052,6192.12,https://www.camara.leg.br/cota-parlamentar/documentos/publ/3402/2024/7730719.pdf,PLANALTO CENTRAL IMOVEIS LTDA,00581058000176,6192.12,0.0,,2036541,0,Bia Kicis
2024,6,MANUTENÇÃO DE ESCRITÓRIO DE APOIO À ATIVIDADE PARLAMENTAR,7750848,Recibos/Outros,1,2024-06-11T00:00:00,75053,6192.12,https://www.camara.leg.br/cota-parlamentar/documentos/publ/3402/2024/7750848.pdf,PLANALTO CENTRAL IMOVEIS LTDA,00581058000176,6192.12,0.0,,2047581,0,Bia Kicis
2024,9,MANUTENÇÃO DE ESCRITÓRIO DE APOIO À ATIVIDADE PARLAMENTAR,7795946,Recibos/Outros,1,2024-09-03T00:00:00,75056,6192.12,https://www.camara.leg.br/cota-parlamentar/documentos/publ/3402/2024/7795946.pdf,PLANALTO CENTRAL IMOVEIS LTDA,00581058000176,6192.12,0.0,,2070716,0,Bia Kicis
2024,10,MANUTENÇÃO DE ESCRITÓRIO DE APOIO À ATIVIDADE PARLAMENTAR,7814156,Recibos/Outros,1,2024-10-02T00:00:00,75057,6192.12,https://www.camara.leg.br/cota-parlamentar/documentos/publ/3402/2024/7814156.pdf,PLANALTO CENTRAL IMOVEIS LTDA,00581058000176,6192.12,0.0,,2080376,0,Bia Kicis
2024,11,MANUTENÇÃO DE ESCRITÓRIO DE APOIO À ATIVIDADE PARLAMENTAR,7829459,Recibos/Outros,1,2024-11-01T00:00:00,75058,6192.12,https://www.camara.leg.br/cota-parlamentar/documentos/publ/3402/2024/7829459.pdf,PLANALTO CENTRAL IMOVEIS LTDA,00581058000176,6192.12,0.0,,2088531,0,Bia Kicis
2024,12,MANUTENÇÃO DE ESCRITÓRIO DE APOIO À ATIVIDADE PARLAMENTAR,7847827,Recibos/Outros,1,2024-12-09T00:00:00,75059,6192.12,https://www.camara.leg.br/cota-parlamentar/documentos/publ/3402/2024/7847827.pdf,PLANALTO CENTRAL IMOVEIS LTDA,00581058000176,6192.12,0.0,,2098475,0,Bia Kicis
2024,7,MANUTENÇÃO DE ESCRITÓRIO DE APOIO À ATIVIDADE PARLAMENTAR,7773767,Recibos/Outros,1,2024-07-04T00:00:00,A100003/01,6192.12,https://www.camara.leg.br/cota-parlamentar/documentos/publ/3402/2024/7773767.pdf,PLANALTO CENTRAL IMOVEIS LTDA,00581058000176,6192.12,0.0,,2059317,0,Bia Kicis
2024,7,MANUTENÇÃO DE ESCRITÓRIO DE APOIO À ATIVIDADE PARLAMENTAR,7764834,Nota Fiscal Eletrônica,4,2024-07-03T00:00:00,63958,235.58,http://www.camara.leg.br/cota-parlamentar/nota-fiscal-eletronica?ideDocumentoFiscal=7764834,PONTUAL COMERCIO DE EMBALAGENS LTDA,33203691000180,235.58,0.0,,2054705,0,Bia Kicis
2024,4,MANUTENÇÃO DE ESCRITÓRIO DE APOIO À ATIVIDADE PARLAMENTAR,7731256,Recibos/Outros,1,2024-05-03T00:00:00,s/n,600.0,https://www.camara.leg.br/cota-parlamentar/documentos/publ/3402/2024/7731256.pdf,Ronaldo Rodrigues dos Santos,00482242604,600.0,0.0,,2036831,0,Bia Kicis
2024,5,MANUTENÇÃO DE ESCRITÓRIO DE APOIO À ATIVIDADE PARLAMENTAR,7749207,Recibos/Outros,1,2024-06-04T00:00:00,s/n,600.0,https://www.camara.leg.br/cota-parlamentar/documentos/publ/3402/2024/7749207.pdf,Ronaldo Rodrigues dos Santos,00482242604,600.0,0.0,,2046702,0,Bia Kicis
2024,6,MANUTENÇÃO DE ESCRITÓRIO DE APOIO À ATIVIDADE PARLAMENTAR,7768192,Recibos/Outros,1,2024-07-04T00:00:00,s/n,600.0,https://www.camara.leg.br/cota-parlamentar/documentos/publ/3402/2024/7768192.pdf,Ronaldo Rodrigues dos Santos,00482242604,600.0,0.0,,2056517,0,Bia Kicis
2024,7,MANUTENÇÃO DE ESCRITÓRIO DE APOIO À ATIVIDADE PARLAMENTAR,7780173,Recibos/Outros,1,2024-08-05T00:00:00,s/n,600.0,https://www.camara.leg.br/cota-parlamentar/documentos/publ/3402/2024/7780173.pdf,Ronaldo Rodrigues dos Santos,00482242604,600.0,0.0,,2062506,0,Bia Kicis
2024,8,MANUTENÇÃO DE ESCRITÓRIO DE APOIO À ATIVIDADE PARLAMENTAR,7796793,Recibos/Outros,1,2024-09-03T00:00:00,s/n,600.0,https://www.camara.leg.br/cota-parlamentar/documentos/publ/3402/2024/7796793.pdf,Ronaldo Rodrigues dos Santos,00482242604,600.0,0.0,,2070733,0,Bia Kicis
2024,9,MANUTENÇÃO DE ESCRITÓRIO DE APOIO À ATIVIDADE PARLAMENTAR,7813803,Recibos/Outros,1,2024-10-03T00:00:00,s/n,600.0,https://www.camara.leg.br/cota-parlamentar/documentos/publ/3402/2024/7813803.pdf,Ronaldo Rodrigues dos Santos,00482242604,600.0,0.0,,2080218,0,Bia Kicis
2024,10,MANUTENÇÃO DE ESCRITÓRIO DE APOIO À ATIVIDADE PARLAMENTAR,7826895,Recibos/Outros,1,2024-11-01T00:00:00,s/n,600.0,https://www.camara.leg.br/cota-parlamentar/documentos/publ/3402/2024/7826895.pdf,Ronaldo Rodrigues dos Santos,00482242604,600.0,0.0,,2087118,0,Bia Kicis
2024,12,MANUTENÇÃO DE ESCRITÓRIO DE APOIO À ATIVIDADE PARLAMENTAR,7860982,Recibos/Outros,1,2024-12-04T00:00:00,s/n,600.0,https://www.camara.leg.br/cota-parlamentar/documentos/publ/3402/2025/7860982.pdf,Ronaldo Rodrigues dos Santos,00482242604,600.0,0.0,,2105893,0,Bia Kicis
2024,9,MANUTENÇÃO DE ESCRITÓRIO DE APOIO À ATIVIDADE PARLAMENTAR,7805950,Nota Fiscal Eletrônica,4,2024-09-24T00:00:00,5997,94.8,http://www.camara.leg.br/cota-parlamentar/nota-fiscal-eletronica?ideDocumentoFiscal=7805950,WMS COMERCIO DE ARTIGOS DE PAPELARIA LTDA,12132854000100,94.8,0.0,,2075518,0,Bia Kicis
2024,10,MANUTENÇÃO DE ESCRITÓRIO DE APOIO À ATIVIDADE PARLAMENTAR,7812449,Nota Fiscal Eletrônica,4,2024-10-03T00:00:00,6008,300.0,http://www.camara.leg.br/cota-parlamentar/nota-fiscal-eletronica?ideDocumentoFiscal=7812449,WMS COMERCIO DE ARTIGOS DE PAPELARIA LTDA,12132854000100,300.0,0.0,,2079547,0,Bia Kicis
2024,11,MANUTENÇÃO DE ESCRITÓRIO DE APOIO À ATIVIDADE PARLAMENTAR,7826914,Nota Fiscal Eletrônica,4,2024-11-04T00:00:00,6075,367.9,http://www.camara.leg.br/cota-parlamentar/nota-fiscal-eletronica?ideDocumentoFiscal=7826914,WMS COMERCIO DE ARTIGOS DE PAPELARIA LTDA,12132854000100,367.9,0.0,,2087130,0,Bia Kicis
2024,4,MANUTENÇÃO DE ESCRITÓRIO DE APOIO À ATIVIDADE PARLAMENTAR,7730316,Nota Fiscal,0,2024-04-24T00:00:00,5624,348.1,https://www.camara.leg.br/cota-parlamentar/documentos/publ/3402/2024/7730316.pdf,WMS COMERCIO DE ARTIGOS DE PAPELARIA LTDA-ME,12132854000100,348.1,0.0,,2036329,0,Bia Kicis
2024,11,COMBUSTÍVEIS E LUBRIFICANTES.,7836833,Nota Fiscal Eletrônica,4,2024-11-20T17:11:28,806606,210.72,http://www.camara.leg.br/cota-parlamentar/nota-fiscal-eletronica?ideDocumentoFiscal=7836833,024 - CTN - CASCOL COMBUSTIVEIS PARA VEICULOS LTDA,00306597002493,210.72,0.0,,2092485,0,Bia Kicis
2024,1,COMBUSTÍVEIS E LUBRIFICANTES.,7672894,Nota Fiscal Eletrônica,4,2024-01-13T00:00:00,110751,210.41,http://www.camara.leg.br/cota-parlamentar/nota-fiscal-eletronica?ideDocumentoFiscal=7672894,039 - QI 13 - CASCOL COMBUSTIVEIS PARA VEICULOS LTDA,00306597003970,210.41,0.0,,2004697,0,Bia Kicis
2024,3,COMBUSTÍVEIS E LUBRIFICANTES.,7709008,Nota Fiscal Eletrônica,4,2024-03-21T21:15:18,1364722,217.48,http://www.camara.leg.br/cota-parlamentar/nota-fiscal-eletronica?ideDocumentoFiscal=7709008,050 - QI 28 - CASCOL COMBUSTIVEIS PARA VEICULOS LTDA,00306597005085,217.48,0.0,,2025502,0,Bia Kicis
2024,7,COMBUSTÍVEIS E LUBRIFICANTES.,7765198,Nota Fiscal Eletrônica,4,2024-07-04T10:40:56,1472404,217.46,http://www.camara.leg.br/cota-parlamentar/nota-fiscal-eletronica?ideDocumentoFiscal=7765198,050 - QI 28 - CASCOL COMBUSTIVEIS PARA VEICULOS LTDA,00306597005085,217.46,0.0,,2054928,0,Bia Kicis
2024,4,COMBUSTÍVEIS E LUBRIFICANTES.,7724863,Nota Fiscal Eletrônica,4,2024-04-22T07:41:18,702548,225.1,http://www.camara.leg.br/cota-parlamentar/nota-fiscal-eletronica?ideDocumentoFiscal=7724863,053 - G PARK - CASCOL COMBUSTIVEIS PARA VEICULOS LTDA,00306597005328,225.1,0.0,,2033381,0,Bia Kicis
2024,9,COMBUSTÍVEIS E LUBRIFICANTES.,7804020,Nota Fiscal Eletrônica,4,2024-09-12T14:27:48,1215107,296.98,http://www.camara.leg.br/cota-parlamentar/nota-fiscal-eletronica?ideDocumentoFiscal=7804020,062 - GUARA 2 - CASCOL COMBUSTIVEIS PARA VEICULOS LTDA,00306597006219,296.98,0.0,,2074489,0,Bia Kicis
2024,9,COMBUSTÍVEIS E LUBRIFICANTES.,7809877,Nota Fiscal Eletrônica,4,2024-09-27T15:26:03,338692,223.68,http://www.camara.leg.br/cota-parlamentar/nota-fiscal-eletronica?ideDocumentoFiscal=7809877,069 - PENISULA - CASCOL COMBUSTIVEIS PARA VEICULOS LTDA,00306597006995,223.68,0.0,,2077640,0,Bia Kicis
2024,11,COMBUSTÍVEIS E LUBRIFICANTES.,7836941,Nota Fiscal Eletrônica,4,2024-11-01T11:06:52,348345,228.08,http://www.camara.leg.br/cota-parlamentar/nota-fiscal-eletronica?ideDocumentoFiscal=7836941,069 - PENISULA - CASCOL COMBUSTIVEIS PARA VEICULOS LTDA,00306597006995,228.08,0.0,,2092485,0,Bia Kicis
2024,2,COMBUSTÍVEIS E LUBRIFICANTES.,7693971,Nota Fiscal Eletrônica,4,2024-02-26T00:00:00,1960040,216.42,http://www.camara.leg.br/cota-parlamentar/nota-fiscal-eletronica?ideDocumentoFiscal=7693971,071 - LAGO NORTE - CASCOL COMBUSTIVEIS PARA VEICULOS LTDA,00306597007100,216.42,0.0,,2016833,0,Bia Kicis
2024,10,COMBUSTÍVEIS E LUBRIFICANTES.,7814172,Nota Fiscal Eletrônica,4,2024-10-09T13:07:05,462308,211.69,http://www.camara.leg.br/cota-parlamentar/nota-fiscal-eletronica?ideDocumentoFiscal=7814172,072 - 403 SUL - CASCOL COMBUSTIVEIS PARA VEICULOS LTDA,00306597007290,211.69,0.0,,2080377,0,Bia Kicis
2024,6,COMBUSTÍVEIS E LUBRIFICANTES.,7752219,Nota Fiscal Eletrônica,4,2024-06-10T20:49:14,913735,216.58,http://www.camara.leg.br/cota-parlamentar/nota-fiscal-eletronica?ideDocumentoFiscal=7752219,076 - MELHOR 10 - CASCOL COMBUSTIVEIS PARA VEICULOS LTDA,00306597007614,216.58,0.0,,2048290,0,Bia Kicis
2024,1,COMBUSTÍVEIS E LUBRIFICANTES.,7671954,Nota Fiscal Eletrônica,4,2024-01-08T00:00:00,673232,182.85,http://www.camara.leg.br/cota-parlamentar/nota-fiscal-eletronica?ideDocumentoFiscal=7671954,086 - PLANALTO - CASCOL COMBUSTIVEIS PARA VEICULOS LTDA,00306597008696,182.85,0.0,,2004124,0,Bia Kicis
2024,7,COMBUSTÍVEIS E LUBRIFICANTES.,7786981,Nota Fiscal Eletrônica,4,2024-07-17T13:16:15,259019,248.04,http://www.camara.leg.br/cota-parlamentar/nota-fiscal-eletronica?ideDocumentoFiscal=7786981,16 - QI 23 - CASCOL COMBUSTIVEIS PARA VEICULOS LTDA,00306597001683,248.04,0.0,,2065721,0,Bia Kicis
2024,1,COMBUSTÍVEIS E LUBRIFICANTES.,7678468,Nota Fiscal Eletrônica,4,2024-01-31T00:00:00,284340,203.87,http://www.camara.leg.br/cota-parlamentar/nota-fiscal-eletronica?ideDocumentoFiscal=7678468,19 - 303 SUL - CASCOL COMBUSTIVEIS PARA VEICULOS LTDA,00306597001926,203.87,0.0,,2007835,0,Bia Kicis
2024,6,COMBUSTÍVEIS E LUBRIFICANTES.,7747290,Nota Fiscal Eletrônica,4,2024-06-03T18:29:11,122014,226.43,http://www.camara.leg.br/cota-parlamentar/nota-fiscal-eletronica?ideDocumentoFiscal=7747290,AUTO POSTO 302 SUL LTDA,30642701000195,226.43,0.0,,2045568,0,Bia Kicis
2024,1,COMBUSTÍVEIS E LUBRIFICANTES.,7676957,Nota Fiscal Eletrônica,4,2024-01-29T00:00:00,11825,205.28,http://www.camara.leg.br/cota-parlamentar/nota-fiscal-eletronica?ideDocumentoFiscal=7676957,AUTO POSTO 303 NORTE LTDA,38194212000120,205.28,0.0,,2007021,0,Bia Kicis
2024,6,COMBUSTÍVEIS E LUBRIFICANTES.,7753478,Nota Fiscal Eletrônica,4,2024-06-13T20:05:17,18761,223.83,http://www.camara.leg.br/cota-parlamentar/nota-fiscal-eletronica?ideDocumentoFiscal=7753478,AUTO POSTO 303 NORTE LTDA,38194212000120,223.83,0.0,,2049004,0,Bia Kicis
2024,3,COMBUSTÍVEIS E LUBRIFICANTES.,7710877,Nota Fiscal Eletrônica,4,2024-03-27T09:15:15,19621,193.25,http://www.camara.leg.br/cota-parlamentar/nota-fiscal-eletronica?ideDocumentoFiscal=7710877,AUTO POSTO 303 NORTE LTDA,38194212000120,193.25,0.0,,2026012,0,Bia Kicis
2024,8,COMBUSTÍVEIS E LUBRIFICANTES.,7790944,Nota Fiscal Eletrônica,4,2024-08-23T07:36:28,24465,223.56,http://www.camara.leg.br/cota-parlamentar/nota-fiscal-eletronica?ideDocumentoFiscal=7790944,AUTO POSTO 303 NORTE LTDA,38194212000120,223.56,0.0,,2067806,0,Bia Kicis
2024,9,COMBUSTÍVEIS E LUBRIFICANTES.,7806513,Nota Fiscal Eletrônica,4,2024-09-25T07:32:01,27709,225.82,http://www.camara.leg.br/cota-parlamentar/nota-fiscal-eletronica?ideDocumentoFiscal=7806513,AUTO POSTO 303 NORTE LTDA,38194212000120,225.82,0.0,,2075844,0,Bia Kicis
2024,9,COMBUSTÍVEIS E LUBRIFICANTES.,7804032,Nota Fiscal Eletrônica,4,2024-09-17T07:22:29,31856,207.38,http://www.camara.leg.br/cota-parlamentar/nota-fiscal-eletronica?ideDocumentoFiscal=7804032,AUTO POSTO 303 NORTE LTDA,38194212000120,207.38,0.0,,2074489,0,Bia Kicis
2024,10,COMBUSTÍVEIS E LUBRIFICANTES.,7816218,Nota Fiscal Eletrônica,4,2024-10-14T07:31:27,40275,225.48,http://www.camara.leg.br/cota-parlamentar/nota-fiscal-eletronica?ideDocumentoFiscal=7816218,AUTO POSTO 303 NORTE LTDA,38194212000120,225.48,0.0,,2081396,0,Bia Kicis
2024,5,COMBUSTÍVEIS E LUBRIFICANTES.,7728847,Nota Fiscal Eletrônica,4,2024-05-01T00:00:00,21614,104.37,http://www.camara.leg.br/cota-parlamentar/nota-fiscal-eletronica?ideDocumentoFiscal=7728847,AUTO POSTO 306 NORTE LTDA,22398818000147,104.37,0.0,,2035506,0,Bia Kicis
2024,5,COMBUSTÍVEIS E LUBRIFICANTES.,7740754,Nota Fiscal Eletrônica,4,2024-05-15T21:31:27,395618,149.46,http://www.camara.leg.br/cota-parlamentar/nota-fiscal-eletronica?ideDocumentoFiscal=7740754,AUTO POSTO 306 NORTE LTDA,22398818000147,149.46,0.0,,2042150,0,Bia Kicis
2024,6,COMBUSTÍVEIS E LUBRIFICANTES.,7759262,Nota Fiscal Eletrônica,4,2024-06-20T20:05:53,401022,155.14,http://www.camara.leg.br/cota-parlamentar/nota-fiscal-eletronica?ideDocumentoFiscal=7759262,AUTO POSTO 306 NORTE LTDA,22398818000147,155.14,0.0,,2051893,0,Bia Kicis
2024,10,COMBUSTÍVEIS E LUBRIFICANTES.,7824071,Nota Fiscal Eletrônica,4,2024-10-22T13:28:41,422495,167.95,http://www.camara.leg.br/cota-parlamentar/nota-fiscal-eletronica?ideDocumentoFiscal=7824071,AUTO POSTO 306 NORTE LTDA,22398818000147,167.95,0.0,,2085454,0,Bia Kicis
2024,10,COMBUSTÍVEIS E LUBRIFICANTES.,7824065,Nota Fiscal Eletrônica,4,2024-10-30T21:46:35,424313,206.33,http://www.camara.leg.br/cota-parlamentar/nota-fiscal-eletronica?ideDocumentoFiscal=7824065,AUTO POSTO 306 NORTE LTDA,22398818000147,206.33,0.0,,2085454,0,Bia Kicis
2024,11,COMBUSTÍVEIS E LUBRIFICANTES.,7835515,Nota Fiscal Eletrônica,4,2024-11-12T21:37:35,426964,173.96,http://www.camara.leg.br/cota-parlamentar/nota-fiscal-eletronica?ideDocumentoFiscal=7835515,AUTO POSTO 306 NORTE LTDA,22398818000147,173.96,0.0,,2091739,0,Bia Kicis
2024,11,COMBUSTÍVEIS E LUBRIFICANTES.,7836821,Nota Fiscal Eletrônica,4,2024-11-27T22:07:53,429579,187.41,http://www.camara.leg.br/cota-parlamentar/nota-fiscal-eletronica?ideDocumentoFiscal=7836821,AUTO POSTO 306 NORTE LTDA,22398818000147,187.41,0.0,,2092399,0,Bia Kicis
2024,12,COMBUSTÍVEIS E LUBRIFICANTES.,7850066,Nota Fiscal Eletrônica,4,2024-12-09T09:48:16,432376,136.49,http://www.camara.leg.br/cota-parlamentar/nota-fiscal-eletronica?ideDocumentoFiscal=7850066,AUTO POSTO 306 NORTE LTDA,22398818000147,136.49,0.0,,2099625,0,Bia Kicis
2024,12,COMBUSTÍVEIS E LUBRIFICANTES.,7850065,Nota Fiscal Eletrônica,4,2024-12-18T22:10:17,434205,157.43,http://www.camara.leg.br/cota-parlamentar/nota-fiscal-eletronica?ideDocumentoFiscal=7850065,AUTO POSTO 306 NORTE LTDA,22398818000147,157.43,0.0,,2099624,0,Bia Kicis
2024,6,COMBUSTÍVEIS E LUBRIFICANTES.,7763755,Nota Fiscal Eletrônica,4,2024-06-29T15:54:31,48395,115.28,http://www.camara.leg.br/cota-parlamentar/nota-fiscal-eletronica?ideDocumentoFiscal=7763755,AUTO POSTO 306 NORTE LTDA,22398818000147,115.28,0.0,,2054125,0,Bia Kicis
2024,10,COMBUSTÍVEIS E LUBRIFICANTES.,7813955,Nota Fiscal Eletrônica,4,2024-10-08T21:30:27,56011,176.93,http://www.camara.leg.br/cota-parlamentar/nota-fiscal-eletronica?ideDocumentoFiscal=7813955,AUTO POSTO 306 NORTE LTDA,22398818000147,176.93,0.0,,2080289,0,Bia Kicis
2024,3,COMBUSTÍVEIS E LUBRIFICANTES.,7704649,Nota Fiscal Eletrônica,4,2024-03-18T00:00:00,587743,193.17,http://www.camara.leg.br/cota-parlamentar/nota-fiscal-eletronica?ideDocumentoFiscal=7704649,AUTO POSTO AEROPORTO LTDA,08202116000115,193.17,0.0,,2022630,0,Bia Kicis
2024,4,COMBUSTÍVEIS E LUBRIFICANTES.,7721553,Nota Fiscal Eletrônica,4,2024-04-13T09:35:03,593899,206.47,http://www.camara.leg.br/cota-parlamentar/nota-fiscal-eletronica?ideDocumentoFiscal=7721553,AUTO POSTO AEROPORTO LTDA,08202116000115,206.47,0.0,,2031716,0,Bia Kicis
2024,7,COMBUSTÍVEIS E LUBRIFICANTES.,7763749,Nota Fiscal Eletrônica,4,2024-07-01T12:51:47,612788,208.53,http://www.camara.leg.br/cota-parlamentar/nota-fiscal-eletronica?ideDocumentoFiscal=7763749,AUTO POSTO AEROPORTO LTDA,08202116000115,208.53,0.0,,2054128,0,Bia Kicis
2024,9,COMBUSTÍVEIS E LUBRIFICANTES.,7809938,Nota Fiscal Eletrônica,4,2024-09-29T05:38:54,630921,255.91,http://www.camara.leg.br/cota-parlamentar/nota-fiscal-eletronica?ideDocumentoFiscal=7809938,AUTO POSTO AEROPORTO LTDA,08202116000115,255.91,0.0,,2077640,0,Bia Kicis
2024,11,COMBUSTÍVEIS E LUBRIFICANTES.,7836935,Nota Fiscal Eletrônica,4,2024-11-15T07:25:56,639674,235.56,http://www.camara.leg.br/cota-parlamentar/nota-fiscal-eletronica?ideDocumentoFiscal=7836935,AUTO POSTO AEROPORTO LTDA,08202116000115,235.56,0.0,,2092485,0,Bia Kicis
2024,8,COMBUSTÍVEIS E LUBRIFICANTES.,7798927,Nota Fiscal Eletrônica,4,2024-08-29T14:53:39,663075,249.5,http://www.camara.leg.br/cota-parlamentar/nota-fiscal-eletronica?ideDocumentoFiscal=7798927,AUTO POSTO CINCO ESTRELAS LTDA,00692418000107,249.5,0.0,,2072065,0,Bia Kicis
2024,5,COMBUSTÍVEIS E LUBRIFICANTES.,7747043,Nota Fiscal Eletrônica,4,2024-05-30T13:38:50,690552,196.42,http://www.camara.leg.br/cota-parlamentar/nota-fiscal-eletronica?ideDocumentoFiscal=7747043,AUTO POSTO CINCO ESTRELAS LTDA,00692418000611,196.42,0.0,,2045559,0,Bia Kicis
2024,12,COMBUSTÍVEIS E LUBRIFICANTES.,7847800,Nota Fiscal Eletrônica,4,2024-12-15T07:06:32,976388,222.68,http://www.camara.leg.br/cota-parlamentar/nota-fiscal-eletronica?ideDocumentoFiscal=7847800,AUTO POSTO CINCO ESTRELAS LTDA,00692418001260,222.68,0.0,,2098457,0,Bia Kicis
2024,3,COMBUSTÍVEIS E LUBRIFICANTES.,7697923,Nota Fiscal Eletrônica,4,2024-03-06T14:19:48,510964,203.46,http://www.camara.leg.br/cota-parlamentar/nota-fiscal-eletronica?ideDocumentoFiscal=7697923,AUTO POSTO CINCO ESTRELAS LTDA,00692418002231,203.46,0.0,,2020929,0,Bia Kicis
2024,11,COMBUSTÍVEIS E LUBRIFICANTES.,7836937,Nota Fiscal Eletrônica,4,2024-11-03T14:28:49,665944,220.7,http://www.camara.leg.br/cota-parlamentar/nota-fiscal-eletronica?ideDocumentoFiscal=7836937,AUTO POSTO CINCO ESTRELAS LTDA,00692418002231,220.7,0.0,,2092485,0,Bia Kicis
2024,12,COMBUSTÍVEIS E LUBRIFICANTES.,7851828,Nota Fiscal Eletrônica,4,2024-12-24T00:25:00,3206,211.08,http://www.camara.leg.br/cota-parlamentar/nota-fiscal-eletronica?ideDocumentoFiscal=7851828,AUTO POSTO EPTG LTDA,34051439000165,211.08,0.0,,2100649,0,Bia Kicis
2024,12,COMBUSTÍVEIS E LUBRIFICANTES.,7850884,Nota Fiscal Eletrônica,4,2024-12-21T18:38:58,5587,290.86,http://www.camara.leg.br/cota-parlamentar/nota-fiscal-eletronica?ideDocumentoFiscal=7850884,AUTO POSTO EPTG LTDA,34051439000165,290.86,0.0,,2100093,0,Bia Kicis
2024,6,COMBUSTÍVEIS E LUBRIFICANTES.,7754327,Nota Fiscal Eletrônica,4,2024-06-16T09:27:30,327288,295.81,http://www.camara.leg.br/cota-parlamentar/nota-fiscal-eletronica?ideDocumentoFiscal=7754327,AUTO POSTO FENIX ODJ EIRELI,25004046000100,295.81,0.0,,2049412,0,Bia Kicis
2024,8,COMBUSTÍVEIS E LUBRIFICANTES.,7786828,Nota Fiscal Eletrônica,4,2024-08-01T00:00:00,11037,238.58,http://www.camara.leg.br/cota-parlamentar/nota-fiscal-eletronica?ideDocumentoFiscal=7786828,AUTO POSTO GOLDEN GAS 202 LTDA,30880112000145,238.58,0.0,,2065726,0,Bia Kicis
2024,6,COMBUSTÍVEIS E LUBRIFICANTES.,7747287,Nota Fiscal Eletrônica,4,2024-06-02T13:33:16,11074,229.99,http://www.camara.leg.br/cota-parlamentar/nota-fiscal-eletronica?ideDocumentoFiscal=7747287,AUTO POSTO LAGO NORTE LTDA,29178006000135,229.99,0.0,,2045568,0,Bia Kicis
2024,7,COMBUSTÍVEIS E LUBRIFICANTES.,7772883,Nota Fiscal Eletrônica,4,2024-07-17T10:36:11,15958,206.95,http://www.camara.leg.br/cota-parlamentar/nota-fiscal-eletronica?ideDocumentoFiscal=7772883,AUTO POSTO LAGO NORTE LTDA,29178006000135,206.95,0.0,,2058864,0,Bia Kicis
2024,1,COMBUSTÍVEIS E LUBRIFICANTES.,7676949,Nota Fiscal Eletrônica,4,2024-01-27T00:00:00,1619,203.4,http://www.camara.leg.br/cota-parlamentar/nota-fiscal-eletronica?ideDocumentoFiscal=7676949,AUTO POSTO LAGO NORTE LTDA,29178006000135,203.4,0.0,,2007021,0,Bia Kicis
2024,1,COMBUSTÍVEIS E LUBRIFICANTES.,7678456,Nota Fiscal Eletrônica,4,2024-01-25T00:00:00,28883,141.05,http://www.camara.leg.br/cota-parlamentar/nota-fiscal-eletronica?ideDocumentoFiscal=7678456,AUTO POSTO LAGO NORTE LTDA,29178006000135,141.05,0.0,,2007835,0,Bia Kicis
2024,1,COMBUSTÍVEIS E LUBRIFICANTES.,7672900,Nota Fiscal Eletrônica,4,2024-01-11T00:00:00,29319,209.29,http://www.camara.leg.br/cota-parlamentar/nota-fiscal-eletronica?ideDocumentoFiscal=7672900,AUTO POSTO LAGO NORTE LTDA,29178006000135,209.29,0.0,,2004697,0,Bia Kicis
2024,1,COMBUSTÍVEIS E LUBRIFICANTES.,7675523,Nota Fiscal Eletrônica,4,2024-01-24T12:29:04,30241,213.51,http://www.camara.leg.br/cota-parlamentar/nota-fiscal-eletronica?ideDocumentoFiscal=7675523,AUTO POSTO LAGO NORTE LTDA,29178006000135,213.51,0.0,,2006185,0,Bia Kicis
2024,2,COMBUSTÍVEIS E LUBRIFICANTES.,7687788,Nota Fiscal Eletrônica,4,2024-02-17T00:00:00,3124,201.92,http://www.camara.leg.br/cota-parlamentar/nota-fiscal-eletronica?ideDocumentoFiscal=7687788,AUTO POSTO LAGO NORTE LTDA,29178006000135,201.92,0.0,,2013520,0,Bia Kicis
2024,3,COMBUSTÍVEIS E LUBRIFICANTES.,7701341,Nota Fiscal Eletrônica,4,2024-03-08T22:33:17,31621,215.12,http://www.camara.leg.br/cota-parlamentar/nota-fiscal-eletronica?ideDocumentoFiscal=7701341,AUTO POSTO LAGO NORTE LTDA,29178006000135,215.12,0.0,,2020956,0,Bia Kicis
2024,2,COMBUSTÍVEIS E LUBRIFICANTES.,7688679,Nota Fiscal Eletrônica,4,2024-02-08T00:00:00,31657,216.63,http://www.camara.leg.br/cota-parlamentar/nota-fiscal-eletronica?ideDocumentoFiscal=7688679,AUTO POSTO LAGO NORTE LTDA,29178006000135,216.63,0.0,,2013939,0,Bia Kicis
2024,3,COMBUSTÍVEIS E LUBRIFICANTES.,7697358,Nota Fiscal Eletrônica,4,2024-03-04T08:50:40,32723,202.8,http://www.camara.leg.br/cota-parlamentar/nota-fiscal-eletronica?ideDocumentoFiscal=7697358,AUTO POSTO LAGO NORTE LTDA,29178006000135,202.8,0.0,,2018732,0,Bia Kicis
2024,2,COMBUSTÍVEIS E LUBRIFICANTES.,7690620,Nota Fiscal Eletrônica,4,2024-02-23T00:00:00,32787,217.38,http://www.camara.leg.br/cota-parlamentar/nota-fiscal-eletronica?ideDocumentoFiscal=7690620,AUTO POSTO LAGO NORTE LTDA,29178006000135,217.38,0.0,,2015040,0,Bia Kicis
2024,3,COMBUSTÍVEIS E LUBRIFICANTES.,7695941,Nota Fiscal Eletrônica,4,2024-03-01T23:42:14,32883,218.03,http://www.camara.leg.br/cota-parlamentar/nota-fiscal-eletronica?ideDocumentoFiscal=7695941,AUTO POSTO LAGO NORTE LTDA,29178006000135,218.03,0.0,,2017975,0,Bia Kicis
2024,4,COMBUSTÍVEIS E LUBRIFICANTES.,7721568,Nota Fiscal Eletrônica,4,2024-04-18T08:35:45,34711,212.26,http://www.camara.leg.br/cota-parlamentar/nota-fiscal-eletronica?ideDocumentoFiscal=7721568,AUTO POSTO LAGO NORTE LTDA,29178006000135,212.26,0.0,,2031716,0,Bia Kicis
2024,3,COMBUSTÍVEIS E LUBRIFICANTES.,7710880,Nota Fiscal Eletrônica,4,2024-03-31T15:32:51,35619,198.84,http://www.camara.leg.br/cota-parlamentar/nota-fiscal-eletronica?ideDocumentoFiscal=7710880,AUTO POSTO LAGO NORTE LTDA,29178006000135,198.84,0.0,,2026012,0,Bia Kicis
2024,4,COMBUSTÍVEIS E LUBRIFICANTES.,7721534,Nota Fiscal Eletrônica,4,2024-04-15T22:17:34,36875,213.0,http://www.camara.leg.br/cota-parlamentar/nota-fiscal-eletronica?ideDocumentoFiscal=7721534,AUTO POSTO LAGO NORTE LTDA,29178006000135,213.0,0.0,,2031716,0,Bia Kicis
2024,5,COMBUSTÍVEIS E LUBRIFICANTES.,7730741,Nota Fiscal,0,2024-05-04T00:00:00,37602,207.14,https://www.camara.leg.br/cota-parlamentar/documentos/publ/3402/2024/7730741.pdf,AUTO POSTO LAGO NORTE LTDA,29178006000135,207.14,0.0,,2036752,0,Bia Kicis
2024,5,COMBUSTÍVEIS E LUBRIFICANTES.,7731159,Nota Fiscal,0,2024-05-05T00:00:00,37699,218.93,https://www.camara.leg.br/cota-parlamentar/documentos/publ/3402/2024/7731159.pdf,AUTO POSTO LAGO NORTE LTDA,29178006000135,218.93,0.0,,2036785,0,Bia Kicis
2024,6,COMBUSTÍVEIS E LUBRIFICANTES.,7760130,Nota Fiscal Eletrônica,4,2024-06-24T08:35:32,38432,217.51,http://www.camara.leg.br/cota-parlamentar/nota-fiscal-eletronica?ideDocumentoFiscal=7760130,AUTO POSTO LAGO NORTE LTDA,29178006000135,217.51,0.0,,2052285,0,Bia Kicis
2024,6,COMBUSTÍVEIS E LUBRIFICANTES.,7749190,Nota Fiscal Eletrônica,4,2024-06-05T21:36:54,39568,189.51,http://www.camara.leg.br/cota-parlamentar/nota-fiscal-eletronica?ideDocumentoFiscal=7749190,AUTO POSTO LAGO NORTE LTDA,29178006000135,189.51,0.0,,2046693,0,Bia Kicis
2024,5,COMBUSTÍVEIS E LUBRIFICANTES.,7742622,Nota Fiscal Eletrônica,4,2024-05-27T08:58:54,40458,213.11,http://www.camara.leg.br/cota-parlamentar/nota-fiscal-eletronica?ideDocumentoFiscal=7742622,AUTO POSTO LAGO NORTE LTDA,29178006000135,213.11,0.0,,2043027,0,Bia Kicis
2024,7,COMBUSTÍVEIS E LUBRIFICANTES.,7774801,Nota Fiscal Eletrônica,4,2024-07-21T21:18:34,41222,216.94,http://www.camara.leg.br/cota-parlamentar/nota-fiscal-eletronica?ideDocumentoFiscal=7774801,AUTO POSTO LAGO NORTE LTDA,29178006000135,216.94,0.0,,2059814,0,Bia Kicis
2024,6,COMBUSTÍVEIS E LUBRIFICANTES.,7755792,Nota Fiscal Eletrônica,4,2024-06-18T09:14:22,41673,196.98,http://www.camara.leg.br/cota-parlamentar/nota-fiscal-eletronica?ideDocumentoFiscal=7755792,AUTO POSTO LAGO NORTE LTDA,29178006000135,196.98,0.0,,2050090,0,Bia Kicis
2024,1,COMBUSTÍVEIS E LUBRIFICANTES.,7672014,Nota Fiscal Eletrônica,4,2024-01-06T00:00:00,44,206.45,http://www.camara.leg.br/cota-parlamentar/nota-fiscal-eletronica?ideDocumentoFiscal=7672014,AUTO POSTO LAGO NORTE LTDA,29178006000135,206.45,0.0,,2004124,0,Bia Kicis
2024,7,COMBUSTÍVEIS E LUBRIFICANTES.,7770138,Nota Fiscal Eletrônica,4,2024-07-11T17:55:21,45271,215.46,http://www.camara.leg.br/cota-parlamentar/nota-fiscal-eletronica?ideDocumentoFiscal=7770138,AUTO POSTO LAGO NORTE LTDA,29178006000135,215.46,0.0,,2057502,0,Bia Kicis
2024,7,COMBUSTÍVEIS E LUBRIFICANTES.,7774797,Nota Fiscal Eletrônica,4,2024-07-19T09:32:58,46183,213.81,http://www.camara.leg.br/cota-parlamentar/nota-fiscal-eletronica?ideDocumentoFiscal=7774797,AUTO POSTO LAGO NORTE LTDA,29178006000135,213.81,0.0,,2059814,0,Bia Kicis
2024,8,COMBUSTÍVEIS E LUBRIFICANTES.,7788875,Nota Fiscal Eletrônica,4,2024-08-15T08:36:22,47647,223.68,http://www.camara.leg.br/cota-parlamentar/nota-fiscal-eletronica?ideDocumentoFiscal=7788875,AUTO POSTO LAGO NORTE LTDA,29178006000135,223.68,0.0,,2066660,0,Bia Kicis
2024,2,COMBUSTÍVEIS E LUBRIFICANTES.,7683936,Nota Fiscal Eletrônica,4,2024-02-03T00:00:00,478170,229.77,http://www.camara.leg.br/cota-parlamentar/nota-fiscal-eletronica?ideDocumentoFiscal=7683936,AUTO POSTO LAGO NORTE LTDA,29178006000135,229.77,0.0,,2011352,0,Bia Kicis
2024,8,COMBUSTÍVEIS E LUBRIFICANTES.,7793137,Nota Fiscal Eletrônica,4,2024-08-20T00:00:00,48383,224.64,http://www.camara.leg.br/cota-parlamentar/nota-fiscal-eletronica?ideDocumentoFiscal=7793137,AUTO POSTO LAGO NORTE LTDA,29178006000135,224.64,0.0,,2068853,0,Bia Kicis
2024,3,COMBUSTÍVEIS E LUBRIFICANTES.,7710072,Nota Fiscal Eletrônica,4,2024-03-24T18:05:58,486414,200.73,http://www.camara.leg.br/cota-parlamentar/nota-fiscal-eletronica?ideDocumentoFiscal=7710072,AUTO POSTO LAGO NORTE LTDA,29178006000135,200.73,0.0,,2025657,0,Bia Kicis
2024,11,COMBUSTÍVEIS E LUBRIFICANTES.,7836920,Nota Fiscal Eletrônica,4,2024-11-22T23:12:22,48718,218.29,http://www.camara.leg.br/cota-parlamentar/nota-fiscal-eletronica?ideDocumentoFiscal=7836920,AUTO POSTO LAGO NORTE LTDA,29178006000135,218.29,0.0,,2092485,0,Bia Kicis
2024,4,COMBUSTÍVEIS E LUBRIFICANTES.,7714389,Nota Fiscal Eletrônica,4,2024-04-07T10:21:44,488938,216.61,http://www.camara.leg.br/cota-parlamentar/nota-fiscal-eletronica?ideDocumentoFiscal=7714389,AUTO POSTO LAGO NORTE LTDA,29178006000135,216.61,0.0,,2027927,0,Bia Kicis
2024,8,COMBUSTÍVEIS E LUBRIFICANTES.,7793127,Nota Fiscal Eletrônica,4,2024-08-27T21:46:27,49301,205.68,http://www.camara.leg.br/cota-parlamentar/nota-fiscal-eletronica?ideDocumentoFiscal=7793127,AUTO POSTO LAGO NORTE LTDA,29178006000135,205.68,0.0,,2068848,0,Bia Kicis
2024,5,COMBUSTÍVEIS E LUBRIFICANTES.,7728846,Nota Fiscal Eletrônica,4,2024-05-01T00:00:00,494594,213.07,http://www.camara.leg.br/cota-parlamentar/nota-fiscal-eletronica?ideDocumentoFiscal=7728846,AUTO POSTO LAGO NORTE LTDA,29178006000135,213.07,0.0,,2035506,0,Bia Kicis
2024,5,COMBUSTÍVEIS E LUBRIFICANTES.,7737182,Nota Fiscal Eletrônica,4,2024-05-17T14:14:06,498443,223.51,http://www.camara.leg.br/cota-parlamentar/nota-fiscal-eletronica?ideDocumentoFiscal=7737182,AUTO POSTO LAGO NORTE LTDA,29178006000135,223.51,0.0,,2040763,0,Bia Kicis
2024,12,COMBUSTÍVEIS E LUBRIFICANTES.,7846841,Nota Fiscal Eletrônica,4,2024-12-13T13:20:45,49973,238.47,http://www.camara.leg.br/cota-parlamentar/nota-fiscal-eletronica?ideDocumentoFiscal=7846841,AUTO POSTO LAGO NORTE LTDA,29178006000135,238.47,0.0,,2097938,0,Bia Kicis
2024,5,COMBUSTÍVEIS E LUBRIFICANTES.,7742650,Nota Fiscal Eletrônica,4,2024-05-25T09:47:39,500053,217.02,http://www.camara.leg.br/cota-parlamentar/nota-fiscal-eletronica?ideDocumentoFiscal=7742650,AUTO POSTO LAGO NORTE LTDA,29178006000135,217.02,0.0,,2043041,0,Bia Kicis
2024,9,COMBUSTÍVEIS E LUBRIFICANTES.,7804030,Nota Fiscal Eletrônica,4,2024-09-14T20:32:54,50499,226.64,http://www.camara.leg.br/cota-parlamentar/nota-fiscal-eletronica?ideDocumentoFiscal=7804030,AUTO POSTO LAGO NORTE LTDA,29178006000135,226.64,0.0,,2074489,0,Bia Kicis
2024,6,COMBUSTÍVEIS E LUBRIFICANTES.,7760127,Nota Fiscal Eletrônica,4,2024-06-21T19:34:31,507040,215.72,http://www.camara.leg.br/cota-parlamentar/nota-fiscal-eletronica?ideDocumentoFiscal=7760127,AUTO POSTO LAGO NORTE LTDA,29178006000135,215.72,0.0,,2052285,0,Bia Kicis
2024,9,COMBUSTÍVEIS E LUBRIFICANTES.,7805441,Nota Fiscal Eletrônica,4,2024-09-22T21:19:57,51207,219.61,http://www.camara.leg.br/cota-parlamentar/nota-fiscal-eletronica?ideDocumentoFiscal=7805441,AUTO POSTO LAGO NORTE LTDA,29178006000135,219.61,0.0,,2075223,0,Bia Kicis
2024,9,COMBUSTÍVEIS E LUBRIFICANTES.,7805435,Nota Fiscal Eletrônica,4,2024-09-19T09:36:48,51585,228.74,http://www.camara.leg.br/cota-parlamentar/nota-fiscal-eletronica?ideDocumentoFiscal=7805435,AUTO POSTO LAGO NORTE LTDA,29178006000135,228.74,0.0,,2075223,0,Bia Kicis
2024,7,COMBUSTÍVEIS E LUBRIFICANTES.,7777139,Nota Fiscal Eletrônica,4,2024-07-30T06:19:03,517506,212.54,http://www.camara.leg.br/cota-parlamentar/nota-fiscal-eletronica?ideDocumentoFiscal=7777139,AUTO POSTO LAGO NORTE LTDA,29178006000135,212.54,0.0,,2060969,0,Bia Kicis
2024,9,COMBUSTÍVEIS E LUBRIFICANTES.,7805437,Nota Fiscal Eletrônica,4,2024-09-20T23:21:41,51770,237.34,http://www.camara.leg.br/cota-parlamentar/nota-fiscal-eletronica?ideDocumentoFiscal=7805437,AUTO POSTO LAGO NORTE LTDA,29178006000135,237.34,0.0,,2075223,0,Bia Kicis
2024,9,COMBUSTÍVEIS E LUBRIFICANTES.,7799039,Nota Fiscal Eletrônica,4,2024-09-09T23:22:53,52150,220.37,http://www.camara.leg.br/cota-parlamentar/nota-fiscal-eletronica?ideDocumentoFiscal=7799039,AUTO POSTO LAGO NORTE LTDA,29178006000135,220.37,0.0,,2072066,0,Bia Kicis
2024,8,COMBUSTÍVEIS E LUBRIFICANTES.,7788876,Nota Fiscal Eletrônica,4,2024-08-18T08:28:10,522680,218.04,http://www.camara.leg.br/cota-parlamentar/nota-fiscal-eletronica?ideDocumentoFiscal=7788876,AUTO POSTO LAGO NORTE LTDA,29178006000135,218.04,0.0,,2066660,0,Bia Kicis
2024,8,COMBUSTÍVEIS E LUBRIFICANTES.,7780170,Nota Fiscal Eletrônica,4,2024-08-01T22:08:38,54156,204.82,http://www.camara.leg.br/cota-parlamentar/nota-fiscal-eletronica?ideDocumentoFiscal=7780170,AUTO POSTO LAGO NORTE LTDA,29178006000135,204.82,0.0,,2062504,0,Bia Kicis
2024,11,COMBUSTÍVEIS E LUBRIFICANTES.,7836844,Nota Fiscal Eletrônica,4,2024-11-24T20:28:35,546163,223.78,http://www.camara.leg.br/cota-parlamentar/nota-fiscal-eletronica?ideDocumentoFiscal=7836844,AUTO POSTO LAGO NORTE LTDA,29178006000135,223.78,0.0,,2092485,0,Bia Kicis
2024,11,COMBUSTÍVEIS E LUBRIFICANTES.,7836871,Nota Fiscal Eletrônica,4,2024-11-27T13:04:41,546770,231.61,http://www.camara.leg.br/cota-parlamentar/nota-fiscal-eletronica?ideDocumentoFiscal=7836871,AUTO POSTO LAGO NORTE LTDA,29178006000135,231.61,0.0,,2092485,0,Bia Kicis
2024,10,COMBUSTÍVEIS E LUBRIFICANTES.,7836942,Nota Fiscal Eletrônica,4,2024-10-25T07:48:16,56067,216.37,http://www.camara.leg.br/cota-parlamentar/nota-fiscal-eletronica?ideDocumentoFiscal=7836942,AUTO POSTO LAGO NORTE LTDA,29178006000135,216.37,0.0,,2092484,0,Bia Kicis
2024,10,COMBUSTÍVEIS E LUBRIFICANTES.,7822670,Nota Fiscal Eletrônica,4,2024-10-29T10:50:45,56344,239.4,http://www.camara.leg.br/cota-parlamentar/nota-fiscal-eletronica?ideDocumentoFiscal=7822670,AUTO POSTO LAGO NORTE LTDA,29178006000135,239.4,0.0,,2084802,0,Bia Kicis
2024,8,COMBUSTÍVEIS E LUBRIFICANTES.,7793143,Nota Fiscal Eletrônica,4,2024-08-25T00:00:00,56766,211.67,http://www.camara.leg.br/cota-parlamentar/nota-fiscal-eletronica?ideDocumentoFiscal=7793143,AUTO POSTO LAGO NORTE LTDA,29178006000135,211.67,0.0,,2068853,0,Bia Kicis
2024,12,COMBUSTÍVEIS E LUBRIFICANTES.,7850520,Nota Fiscal Eletrônica,4,2024-12-18T06:51:46,57343,242.93,http://www.camara.leg.br/cota-parlamentar/nota-fiscal-eletronica?ideDocumentoFiscal=7850520,AUTO POSTO LAGO NORTE LTDA,29178006000135,242.93,0.0,,2099888,0,Bia Kicis
2024,12,COMBUSTÍVEIS E LUBRIFICANTES.,7850834,Nota Fiscal Eletrônica,4,2024-12-22T10:54:23,57573,190.15,http://www.camara.leg.br/cota-parlamentar/nota-fiscal-eletronica?ideDocumentoFiscal=7850834,AUTO POSTO LAGO NORTE LTDA,29178006000135,190.15,0.0,,2100078,0,Bia Kicis
2024,10,COMBUSTÍVEIS E LUBRIFICANTES.,7817323,Nota Fiscal Eletrônica,4,2024-10-12T09:28:46,61365,217.4,http://www.camara.leg.br/cota-parlamentar/nota-fiscal-eletronica?ideDocumentoFiscal=7817323,AUTO POSTO LAGO NORTE LTDA,29178006000135,217.4,0.0,,2081997,0,Bia Kicis
2024,10,COMBUSTÍVEIS E LUBRIFICANTES.,7822608,Nota Fiscal Eletrônica,4,2024-10-16T14:34:46,61691,231.95,http://www.camara.leg.br/cota-parlamentar/nota-fiscal-eletronica?ideDocumentoFiscal=7822608,AUTO POSTO LAGO NORTE LTDA,29178006000135,231.95,0.0,,2084802,0,Bia Kicis
2024,10,COMBUSTÍVEIS E LUBRIFICANTES.,7822616,Nota Fiscal Eletrônica,4,2024-10-23T06:47:08,62193,223.02,http://www.camara.leg.br/cota-parlamentar/nota-fiscal-eletronica?ideDocumentoFiscal=7822616,AUTO POSTO LAGO NORTE LTDA,29178006000135,223.02,0.0,,2084802,0,Bia Kicis
2024,11,COMBUSTÍVEIS E LUBRIFICANTES.,7836930,Nota Fiscal Eletrônica,4,2024-11-17T08:18:32,64178,241.97,http://www.camara.leg.br/cota-parlamentar/nota-fiscal-eletronica?ideDocumentoFiscal=7836930,AUTO POSTO LAGO NORTE LTDA,29178006000135,241.97,0.0,,2092485,0,Bia Kicis
2024,12,COMBUSTÍVEIS E LUBRIFICANTES.,7853106,Nota Fiscal Eletrônica,4,2024-12-31T18:27:39,66867,218.4,http://www.camara.leg.br/cota-parlamentar/nota-fiscal-eletronica?ideDocumentoFiscal=7853106,AUTO POSTO LAGO NORTE LTDA,29178006000135,218.4,0.0,,2101396,0,Bia Kicis
2024,4,COMBUSTÍVEIS E LUBRIFICANTES.,7728053,Nota Fiscal Eletrônica,4,2024-04-26T22:19:54,8003,202.88,http://www.camara.leg.br/cota-parlamentar/nota-fiscal-eletronica?ideDocumentoFiscal=7728053,AUTO POSTO LAGO NORTE LTDA,29178006000135,202.88,0.0,,2035026,0,Bia Kicis
2024,12,COMBUSTÍVEIS E LUBRIFICANTES.,7844113,Nota Fiscal Eletrônica,4,2024-12-10T20:08:08,804718,243.67,http://www.camara.leg.br/cota-parlamentar/nota-fiscal-eletronica?ideDocumentoFiscal=7844113,AUTO POSTO LS COMERCIO DE DERIVADOS DE PETROLEO LTDA,05256794000172,243.67,0.0,,2096537,0,Bia Kicis
2024,8,COMBUSTÍVEIS E LUBRIFICANTES.,7798933,Nota Fiscal Eletrônica,4,2024-08-15T19:06:33,46,193.66,http://www.camara.leg.br/cota-parlamentar/nota-fiscal-eletronica?ideDocumentoFiscal=7798933,AUTO POSTO ORIGINAL BRASILIA 409 DERIVADOS DE PETROLEO LTDA,20645413000130,193.66,0.0,,2072065,0,Bia Kicis
2024,6,COMBUSTÍVEIS E LUBRIFICANTES.,7760719,Nota Fiscal Eletrônica,4,2024-06-27T11:43:28,746773,222.56,http://www.camara.leg.br/cota-parlamentar/nota-fiscal-eletronica?ideDocumentoFiscal=7760719,AUTO POSTO ORIGINAL BRASILIA 409 DERIVADOS DE PETROLEO LTDA,20645413000130,222.56,0.0,,2052600,0,Bia Kicis
2024,11,COMBUSTÍVEIS E LUBRIFICANTES.,7863932,Nota Fiscal Eletrônica,4,2024-11-24T00:00:00,797130,241.71,http://www.camara.leg.br/cota-parlamentar/nota-fiscal-eletronica?ideDocumentoFiscal=7863932,AUTO POSTO ORIGINAL BRASILIA 409 DERIVADOS DE PETROLEO LTDA,20645413000130,241.71,0.0,,2107750,0,Bia Kicis
2024,11,COMBUSTÍVEIS E LUBRIFICANTES.,7836922,Nota Fiscal Eletrônica,4,2024-11-18T16:09:24,1088039,219.42,http://www.camara.leg.br/cota-parlamentar/nota-fiscal-eletronica?ideDocumentoFiscal=7836922,AUTO POSTO PETER PAN 01 LTDA,05000684000226,219.42,0.0,,2092485,0,Bia Kicis
2024,1,COMBUSTÍVEIS E LUBRIFICANTES.,7673660,Nota Fiscal Eletrônica,4,2024-01-15T19:35:59,1330527,200.01,http://www.camara.leg.br/cota-parlamentar/nota-fiscal-eletronica?ideDocumentoFiscal=7673660,AUTO POSTO SOF NORTE LTDA,03951672000170,200.01,0.0,,2005203,0,Bia Kicis
2024,2,COMBUSTÍVEIS E LUBRIFICANTES.,7683562,Nota Fiscal Eletrônica,4,2024-02-06T00:00:00,956282,207.06,http://www.camara.leg.br/cota-parlamentar/nota-fiscal-eletronica?ideDocumentoFiscal=7683562,AUTO POSTO SOF NORTE LTDA,03951672000170,207.06,0.0,,2011137,0,Bia Kicis
2024,8,COMBUSTÍVEIS E LUBRIFICANTES.,7780171,Nota Fiscal Eletrônica,4,2024-08-04T18:26:13,51772,230.1,http://www.camara.leg.br/cota-parlamentar/nota-fiscal-eletronica?ideDocumentoFiscal=7780171,AUTO POSTO SOMAR LTDA,19953783000156,230.1,0.0,,2062504,0,Bia Kicis
2024,8,COMBUSTÍVEIS E LUBRIFICANTES.,7786976,Nota Fiscal Eletrônica,4,2024-08-08T16:43:21,67073,235.94,http://www.camara.leg.br/cota-parlamentar/nota-fiscal-eletronica?ideDocumentoFiscal=7786976,AUTO POSTO VIA ESTRUTURAL LTDA - LAGO SUL,23597031000258,235.94,0.0,,2065726,0,Bia Kicis
2024,10,COMBUSTÍVEIS E LUBRIFICANTES.,7850865,Nota Fiscal Eletrônica,4,2024-10-31T13:06:52,71797,214.96,http://www.camara.leg.br/cota-parlamentar/nota-fiscal-eletronica?ideDocumentoFiscal=7850865,AUTO POSTO VIA ESTRUTURAL LTDA - LAGO SUL,23597031000258,214.96,0.0,,2100090,0,Bia Kicis
2024,8,COMBUSTÍVEIS E LUBRIFICANTES.,7788868,Nota Fiscal Eletrônica,4,2024-08-12T15:20:03,2654121,221.57,http://www.camara.leg.br/cota-parlamentar/nota-fiscal-eletronica?ideDocumentoFiscal=7788868,AUTO SHOPPING DERIVADOS DE PETROLEO LTDA,37063328001058,221.57,0.0,,2066660,0,Bia Kicis
2024,10,COMBUSTÍVEIS E LUBRIFICANTES.,7850853,Nota Fiscal Eletrônica,4,2024-10-12T00:00:00,2766800,208.29,http://www.camara.leg.br/cota-parlamentar/nota-fiscal-eletronica?ideDocumentoFiscal=7850853,AUTO SHOPPING DERIVADOS DE PETROLEO LTDA,37063328001058,208.29,0.0,,2100084,0,Bia Kicis
2024,4,COMBUSTÍVEIS E LUBRIFICANTES.,7743784,Nota Fiscal,0,2024-04-20T00:00:00,764898,208.92,https://www.camara.leg.br/cota-parlamentar/documentos/publ/3402/2024/7743784.pdf,AUTO SHOPPING DERIVADOS DE PETROLEO LTDA,37063328002372,208.92,0.0,,2043595,0,Bia Kicis
2024,4,COMBUSTÍVEIS E LUBRIFICANTES.,7723614,Nota Fiscal Eletrônica,4,2024-04-20T15:39:58,764898,208.92,http://www.camara.leg.br/cota-parlamentar/nota-fiscal-eletronica?ideDocumentoFiscal=7723614,AUTO SHOPPING DERIVADOS DE PETROLEO LTDA,37063328002372,208.92,0.0,,2032761,0,Bia Kicis
2024,9,COMBUSTÍVEIS E LUBRIFICANTES.,7796729,Nota Fiscal Eletrônica,4,2024-09-03T00:00:00,667247,232.05,http://www.camara.leg.br/cota-parlamentar/nota-fiscal-eletronica?ideDocumentoFiscal=7796729,AUTO SHOPPING DERIVADOS DE PETROLEO LTDA,37063328003000,232.05,0.0,,2070717,0,Bia Kicis
2024,7,COMBUSTÍVEIS E LUBRIFICANTES.,7767104,Nota Fiscal Eletrônica,4,2024-07-08T00:00:00,794676,234.59,http://www.camara.leg.br/cota-parlamentar/nota-fiscal-eletronica?ideDocumentoFiscal=7767104,BRASAL COMBUSTIVEIS LTDA,00097626000400,234.59,0.0,,2055960,0,Bia Kicis
2024,1,COMBUSTÍVEIS E LUBRIFICANTES.,7670888,Nota Fiscal Eletrônica,4,2024-01-03T00:00:00,48687,199.99,http://www.camara.leg.br/cota-parlamentar/nota-fiscal-eletronica?ideDocumentoFiscal=7670888,DRA4 DERIVADOS DE PETROLEO LTDA,19257042000130,199.99,0.0,,2003470,0,Bia Kicis
2024,4,COMBUSTÍVEIS E LUBRIFICANTES.,7725062,Nota Fiscal Eletrônica,4,2024-04-24T00:00:00,51971,210.38,http://www.camara.leg.br/cota-parlamentar/nota-fiscal-eletronica?ideDocumentoFiscal=7725062,DRA4 DERIVADOS DE PETROLEO LTDA,19257042000130,210.38,0.0,,2033498,0,Bia Kicis
2024,10,COMBUSTÍVEIS E LUBRIFICANTES.,7809858,Nota Fiscal Eletrônica,4,2024-10-01T14:55:03,57054,225.37,http://www.camara.leg.br/cota-parlamentar/nota-fiscal-eletronica?ideDocumentoFiscal=7809858,DRA4 DERIVADOS DE PETROLEO LTDA,19257042000130,225.37,0.0,,2077592,0,Bia Kicis
2024,10,COMBUSTÍVEIS E LUBRIFICANTES.,7816215,Nota Fiscal Eletrônica,4,2024-10-11T14:31:48,57413,150.38,http://www.camara.leg.br/cota-parlamentar/nota-fiscal-eletronica?ideDocumentoFiscal=7816215,DRA4 DERIVADOS DE PETROLEO LTDA,19257042000130,150.38,0.0,,2081393,0,Bia Kicis
2024,12,COMBUSTÍVEIS E LUBRIFICANTES.,7850511,Nota Fiscal Eletrônica,4,2024-12-20T13:37:52,60122,225.71,http://www.camara.leg.br/cota-parlamentar/nota-fiscal-eletronica?ideDocumentoFiscal=7850511,DRA4 DERIVADOS DE PETROLEO LTDA,19257042000130,225.71,0.0,,2099882,0,Bia Kicis
2024,5,COMBUSTÍVEIS E LUBRIFICANTES.,7738119,Nota Fiscal Eletrônica,4,2024-05-19T12:39:02,404652,237.13,http://www.camara.leg.br/cota-parlamentar/nota-fiscal-eletronica?ideDocumentoFiscal=7738119,N.G.5 - PETROLEO E DERIVADOS LTDA,13353196000140,237.13,0.0,,2040763,0,Bia Kicis
2024,8,COMBUSTÍVEIS E LUBRIFICANTES.,7796782,Nota Fiscal Eletrônica,4,2024-08-30T00:00:00,422100,226.9,http://www.camara.leg.br/cota-parlamentar/nota-fiscal-eletronica?ideDocumentoFiscal=7796782,N.G.5 - PETROLEO E DERIVADOS LTDA,13353196000140,226.9,0.0,,2070714,0,Bia Kicis
2024,9,COMBUSTÍVEIS E LUBRIFICANTES.,7795397,Nota Fiscal Eletrônica,4,2024-09-01T18:06:14,422421,209.76,http://www.camara.leg.br/cota-parlamentar/nota-fiscal-eletronica?ideDocumentoFiscal=7795397,N.G.5 - PETROLEO E DERIVADOS LTDA,13353196000140,209.76,0.0,,2070002,0,Bia Kicis
2024,9,COMBUSTÍVEIS E LUBRIFICANTES.,7804022,Nota Fiscal Eletrônica,4,2024-09-12T17:08:11,424506,220.94,http://www.camara.leg.br/cota-parlamentar/nota-fiscal-eletronica?ideDocumentoFiscal=7804022,N.G.5 - PETROLEO E DERIVADOS LTDA,13353196000140,220.94,0.0,,2074489,0,Bia Kicis
2024,10,COMBUSTÍVEIS E LUBRIFICANTES.,7827032,Nota Fiscal Eletrônica,4,2024-10-18T00:00:00,431017,235.56,http://www.camara.leg.br/cota-parlamentar/nota-fiscal-eletronica?ideDocumentoFiscal=7827032,N.G.5 - PETROLEO E DERIVADOS LTDA,13353196000140,235.56,0.0,,2088968,0,Bia Kicis
2024,10,COMBUSTÍVEIS E LUBRIFICANTES.,7836948,Nota Fiscal Eletrônica,4,2024-10-20T16:30:14,431436,242.42,http://www.camara.leg.br/cota-parlamentar/nota-fiscal-eletronica?ideDocumentoFiscal=7836948,N.G.5 - PETROLEO E DERIVADOS LTDA,13353196000140,242.42,0.0,,2092484,0,Bia Kicis
2024,9,COMBUSTÍVEIS E LUBRIFICANTES.,7805443,Nota Fiscal Eletrônica,4,2024-09-19T00:00:00,27910,50.0,http://www.camara.leg.br/cota-parlamentar/nota-fiscal-eletronica?ideDocumentoFiscal=7805443,POSTO COMERCIAL UNB LTDA,09386909000102,50.0,0.0,,2075223,0,Bia Kicis
2024,1,COMBUSTÍVEIS E LUBRIFICANTES.,7672889,Nota Fiscal Eletrônica,4,2024-01-11T00:00:00,752344,166.55,http://www.camara.leg.br/cota-parlamentar/nota-fiscal-eletronica?ideDocumentoFiscal=7672889,POSTO DA TORRE EIRELI EPP,04473193000159,166.55,0.0,,2004697,0,Bia Kicis
2024,1,COMBUSTÍVEIS E LUBRIFICANTES.,7678485,Nota Fiscal Eletrônica,4,2024-01-31T00:00:00,788875,162.98,http://www.camara.leg.br/cota-parlamentar/nota-fiscal-eletronica?ideDocumentoFiscal=7678485,POSTO DA TORRE EIRELI EPP,04473193000159,162.98,0.0,,2007835,0,Bia Kicis
2024,2,COMBUSTÍVEIS E LUBRIFICANTES.,7693980,Nota Fiscal Eletrônica,4,2024-02-26T00:00:00,816521,191.13,http://www.camara.leg.br/cota-parlamentar/nota-fiscal-eletronica?ideDocumentoFiscal=7693980,POSTO DA TORRE EIRELI EPP,04473193000159,191.13,0.0,,2016833,0,Bia Kicis
2024,2,COMBUSTÍVEIS E LUBRIFICANTES.,7693976,Nota Fiscal Eletrônica,4,2024-02-29T00:00:00,819642,207.71,http://www.camara.leg.br/cota-parlamentar/nota-fiscal-eletronica?ideDocumentoFiscal=7693976,POSTO DA TORRE EIRELI EPP,04473193000159,207.71,0.0,,2016833,0,Bia Kicis
2024,3,COMBUSTÍVEIS E LUBRIFICANTES.,7701292,Nota Fiscal Eletrônica,4,2024-03-09T15:51:02,830458,153.67,http://www.camara.leg.br/cota-parlamentar/nota-fiscal-eletronica?ideDocumentoFiscal=7701292,POSTO DA TORRE EIRELI EPP,04473193000159,153.67,0.0,,2020944,0,Bia Kicis
2024,3,COMBUSTÍVEIS E LUBRIFICANTES.,7706757,Nota Fiscal Eletrônica,4,2024-03-20T19:36:16,843188,135.67,http://www.camara.leg.br/cota-parlamentar/nota-fiscal-eletronica?ideDocumentoFiscal=7706757,POSTO DA TORRE EIRELI EPP,04473193000159,135.67,0.0,,2023791,0,Bia Kicis
2024,1,COMBUSTÍVEIS E LUBRIFICANTES.,7674303,Nota Fiscal Eletrônica,4,2024-01-19T00:00:00,10415,212.08,http://www.camara.leg.br/cota-parlamentar/nota-fiscal-eletronica?ideDocumentoFiscal=7674303,POSTO DE COMBUSTIVEIS 311 NORTE LTDA,02885153000199,212.08,0.0,,2005593,0,Bia Kicis
2024,1,COMBUSTÍVEIS E LUBRIFICANTES.,7675263,Nota Fiscal Eletrônica,4,2024-01-22T07:20:15,384900,208.55,http://www.camara.leg.br/cota-parlamentar/nota-fiscal-eletronica?ideDocumentoFiscal=7675263,POSTO DE COMBUSTIVEIS 311 NORTE LTDA,02885153000199,208.55,0.0,,2006064,0,Bia Kicis
2024,8,COMBUSTÍVEIS E LUBRIFICANTES.,7786782,Nota Fiscal Eletrônica,4,2024-08-10T17:47:49,39947,115.6,http://www.camara.leg.br/cota-parlamentar/nota-fiscal-eletronica?ideDocumentoFiscal=7786782,POSTO DE COMBUSTIVEIS 311 NORTE LTDA,02885153000199,115.6,0.0,,2065726,0,Bia Kicis
2024,12,COMBUSTÍVEIS E LUBRIFICANTES.,7851825,Nota Fiscal Eletrônica,4,2024-12-27T00:00:00,45858,218.58,http://www.camara.leg.br/cota-parlamentar/nota-fiscal-eletronica?ideDocumentoFiscal=7851825,POSTO DE COMBUSTIVEIS 311 NORTE LTDA,02885153000199,218.58,0.0,,2100649,0,Bia Kicis
2024,12,COMBUSTÍVEIS E LUBRIFICANTES.,7853266,Nota Fiscal Eletrônica,4,2024-12-29T20:37:16,27651,232.02,http://www.camara.leg.br/cota-parlamentar/nota-fiscal-eletronica?ideDocumentoFiscal=7853266,POSTO DE COMBUSTIVEIS ABASTECE RIACHO FUNDO II LTDA,08884038000186,232.02,0.0,,2101699,0,Bia Kicis
2024,6,COMBUSTÍVEIS E LUBRIFICANTES.,7747297,Nota Fiscal Eletrônica,4,2024-06-03T00:00:00,11034,188.65,http://www.camara.leg.br/cota-parlamentar/nota-fiscal-eletronica?ideDocumentoFiscal=7747297,POSTO DE COMBUSTIVEL QI 09 LAGO SUL LTDA,32965877000103,188.65,0.0,,2045568,0,Bia Kicis
2024,7,COMBUSTÍVEIS E LUBRIFICANTES.,7767086,Nota Fiscal Eletrônica,4,2024-07-06T00:00:00,15045,182.29,http://www.camara.leg.br/cota-parlamentar/nota-fiscal-eletronica?ideDocumentoFiscal=7767086,POSTO DE COMBUSTIVEL QI 09 LAGO SUL LTDA,32965877000103,182.29,0.0,,2055960,0,Bia Kicis
2024,7,COMBUSTÍVEIS E LUBRIFICANTES.,7777140,Nota Fiscal Eletrônica,4,2024-07-26T12:10:57,16694,228.21,http://www.camara.leg.br/cota-parlamentar/nota-fiscal-eletronica?ideDocumentoFiscal=7777140,POSTO DE COMBUSTIVEL QI 09 LAGO SUL LTDA,32965877000103,228.21,0.0,,2060969,0,Bia Kicis
2024,2,COMBUSTÍVEIS E LUBRIFICANTES.,7687801,Nota Fiscal Eletrônica,4,2024-02-20T00:00:00,2830,211.48,http://www.camara.leg.br/cota-parlamentar/nota-fiscal-eletronica?ideDocumentoFiscal=7687801,POSTO DE COMBUSTIVEL QI 09 LAGO SUL LTDA,32965877000103,211.48,0.0,,2013520,0,Bia Kicis
2024,8,COMBUSTÍVEIS E LUBRIFICANTES.,7783511,Nota Fiscal Eletrônica,4,2024-08-08T11:46:30,194466,220.94,http://www.camara.leg.br/cota-parlamentar/nota-fiscal-eletronica?ideDocumentoFiscal=7783511,POSTO DE GASOLINA DOS ANOES LTDA,00360990000179,220.94,0.0,,2064077,0,Bia Kicis
2024,4,COMBUSTÍVEIS E LUBRIFICANTES.,7713214,Nota Fiscal Eletrônica,4,2024-04-03T13:03:09,24696,221.49,http://www.camara.leg.br/cota-parlamentar/nota-fiscal-eletronica?ideDocumentoFiscal=7713214,POSTO DE SERVICO 307 LTDA,00044347000136,221.49,0.0,,2027234,0,Bia Kicis
2024,10,COMBUSTÍVEIS E LUBRIFICANTES.,7822635,Nota Fiscal Eletrônica,4,2024-10-26T20:25:53,904,231.4,http://www.camara.leg.br/cota-parlamentar/nota-fiscal-eletronica?ideDocumentoFiscal=7822635,POSTO DE SERVICO 307 LTDA,00044347000136,231.4,0.0,,2084802,0,Bia Kicis
2024,6,COMBUSTÍVEIS E LUBRIFICANTES.,7754311,Nota Fiscal Eletrônica,4,2024-06-16T06:35:25,107003,222.08,http://www.camara.leg.br/cota-parlamentar/nota-fiscal-eletronica?ideDocumentoFiscal=7754311,POSTO PARAISO LTDA,07214648000100,222.08,0.0,,2049412,0,Bia Kicis
2024,9,COMBUSTÍVEIS E LUBRIFICANTES.,7798915,Nota Fiscal Eletrônica,4,2024-09-07T00:00:00,50989,243.27,http://www.camara.leg.br/cota-parlamentar/nota-fiscal-eletronica?ideDocumentoFiscal=7798915,ROTA 406 COMBUSTIVEIS LTDA,31165607000155,243.27,0.0,,2072066,0,Bia Kicis
2024,6,COMBUSTÍVEIS E LUBRIFICANTES.,7747478,Nota Fiscal Eletrônica,4,2024-06-03T18:28:18,75076,120.05,http://www.camara.leg.br/cota-parlamentar/nota-fiscal-eletronica?ideDocumentoFiscal=7747478,ROTA 411 COMBUSTIVEIS LTDA,32077655000154,120.05,0.0,,2045658,0,Bia Kicis
2024,5,COMBUSTÍVEIS E LUBRIFICANTES.,7742638,Nota Fiscal Eletrônica,4,2024-05-23T14:36:38,398677,200.04,http://www.camara.leg.br/cota-parlamentar/nota-fiscal-eletronica?ideDocumentoFiscal=7742638,SOBRAL COM DER DE PETROLEO LTDA,00217596000186,200.04,0.0,,2043041,0,Bia Kicis
2024,1,DIVULGAÇÃO DA ATIVIDADE PARLAMENTAR.,7674314,Nota Fiscal,0,2024-01-19T00:00:00,10,6000.0,https://www.camara.leg.br/cota-parlamentar/documentos/publ/3402/2024/7674314.pdf,ANDRE ORRU CESAR DE AZEVEDO,46611379000177,6000.0,0.0,,2005599,0,Bia Kicis
2024,2,DIVULGAÇÃO DA ATIVIDADE PARLAMENTAR.,7690627,Nota Fiscal,0,2024-02-22T00:00:00,11,6000.0,https://www.camara.leg.br/cota-parlamentar/documentos/publ/3402/2024/7690627.pdf,ANDRE ORRU CESAR DE AZEVEDO,46611379000177,6000.0,0.0,,2015046,0,Bia Kicis
2024,3,DIVULGAÇÃO DA ATIVIDADE PARLAMENTAR.,7709428,Nota Fiscal,0,2024-03-22T00:00:00,15,6000.0,https://www.camara.leg.br/cota-parlamentar/documentos/publ/3402/2024/7709428.pdf,ANDRE ORRU CESAR DE AZEVEDO,46611379000177,6000.0,0.0,,2025501,0,Bia Kicis
2024,4,DIVULGAÇÃO DA ATIVIDADE PARLAMENTAR.,7725848,Nota Fiscal,0,2024-04-25T00:00:00,16,6000.0,https://www.camara.leg.br/cota-parlamentar/documentos/publ/3402/2024/7725848.pdf,ANDRE ORRU CESAR DE AZEVEDO,46611379000177,6000.0,0.0,,2033876,0,Bia Kicis
2024,5,DIVULGAÇÃO DA ATIVIDADE PARLAMENTAR.,7737175,Nota Fiscal,0,2024-05-17T00:00:00,20,6000.0,https://www.camara.leg.br/cota-parlamentar/documentos/publ/3402/2024/7737175.pdf,ANDRE ORRU CESAR DE AZEVEDO,46611379000177,6000.0,0.0,,2040366,0,Bia Kicis
2024,6,DIVULGAÇÃO DA ATIVIDADE PARLAMENTAR.,7753098,Nota Fiscal,0,2024-06-13T00:00:00,23,6000.0,https://www.camara.leg.br/cota-parlamentar/documentos/publ/3402/2024/7753098.pdf,ANDRE ORRU CESAR DE AZEVEDO,46611379000177,6000.0,0.0,,2048786,0,Bia Kicis
2024,7,DIVULGAÇÃO DA ATIVIDADE PARLAMENTAR.,7774771,Nota Fiscal,0,2024-07-22T00:00:00,28,6000.0,https://www.camara.leg.br/cota-parlamentar/documentos/publ/3402/2024/7774771.pdf,ANDRE ORRU CESAR DE AZEVEDO,46611379000177,6000.0,0.0,,2059804,0,Bia Kicis
2024,8,DIVULGAÇÃO DA ATIVIDADE PARLAMENTAR.,7792000,Nota Fiscal,0,2024-08-26T00:00:00,31,6000.0,https://www.camara.leg.br/cota-parlamentar/documentos/publ/3402/2024/7792000.pdf,ANDRE ORRU CESAR DE AZEVEDO,46611379000177,6000.0,0.0,,2068321,0,Bia Kicis
2024,9,DIVULGAÇÃO DA ATIVIDADE PARLAMENTAR.,7806480,Nota Fiscal,0,2024-09-25T00:00:00,34,6000.0,https://www.camara.leg.br/cota-parlamentar/documentos/publ/3402/2024/7806480.pdf,ANDRE ORRU CESAR DE AZEVEDO,46611379000177,6000.0,0.0,,2075828,0,Bia Kicis
2024,10,DIVULGAÇÃO DA ATIVIDADE PARLAMENTAR.,7822756,Nota Fiscal,0,2024-10-28T00:00:00,37,6000.0,https://www.camara.leg.br/cota-parlamentar/documentos/publ/3402/2024/7822756.pdf,ANDRE ORRU CESAR DE AZEVEDO,46611379000177,6000.0,0.0,,2084828,0,Bia Kicis
2024,11,DIVULGAÇÃO DA ATIVIDADE PARLAMENTAR.,7839427,Nota Fiscal,0,2024-11-29T00:00:00,40,6000.0,https://www.camara.leg.br/cota-parlamentar/documentos/publ/3402/2024/7839427.pdf,ANDRE ORRU CESAR DE AZEVEDO,46611379000177,6000.0,0.0,,2093935,0,Bia Kicis
2024,12,DIVULGAÇÃO DA ATIVIDADE PARLAMENTAR.,7851794,Nota Fiscal,0,2024-12-24T00:00:00,41,6000.0,https://www.camara.leg.br/cota-parlamentar/documentos/publ/3402/2024/7851794.pdf,ANDRE ORRU CESAR DE AZEVEDO,46611379000177,6000.0,0.0,,2100645,0,Bia Kicis
2024,10,DIVULGAÇÃO DA ATIVIDADE PARLAMENTAR.,7818151,Nota Fiscal,0,2024-10-17T00:00:00,00073,5000.0,https://www.camara.leg.br/cota-parlamentar/documentos/publ/3402/2024/7818151.pdf,BITTAR EDITORA PLANEJAMENTO ESTRATEGICO LTDA,39572622000120,5000.0,0.0,,2082420,0,Bia Kicis
2024,1,DIVULGAÇÃO DA ATIVIDADE PARLAMENTAR.,7674304,Nota Fiscal,0,2024-01-19T00:00:00,44,5000.0,https://www.camara.leg.br/cota-parlamentar/documentos/publ/3402/2024/7674304.pdf,BITTAR EDITORA PLANEJAMENTO ESTRATEGICO LTDA,39572622000120,5000.0,0.0,,2005594,0,Bia Kicis
2024,2,DIVULGAÇÃO DA ATIVIDADE PARLAMENTAR.,7690631,Nota Fiscal,0,2024-02-19T00:00:00,49,5000.0,https://www.camara.leg.br/cota-parlamentar/documentos/publ/3402/2024/7690631.pdf,BITTAR EDITORA PLANEJAMENTO ESTRATEGICO LTDA,39572622000120,5000.0,0.0,,2015049,0,Bia Kicis
2024,3,DIVULGAÇÃO DA ATIVIDADE PARLAMENTAR.,7708807,Nota Fiscal,0,2024-03-20T00:00:00,52,5000.0,https://www.camara.leg.br/cota-parlamentar/documentos/publ/3402/2024/7708807.pdf,BITTAR EDITORA PLANEJAMENTO ESTRATEGICO LTDA,39572622000120,5000.0,0.0,,2024901,0,Bia Kicis
2024,4,DIVULGAÇÃO DA ATIVIDADE PARLAMENTAR.,7731293,Nota Fiscal,0,2024-04-18T00:00:00,56,5000.0,https://www.camara.leg.br/cota-parlamentar/documentos/publ/3402/2024/7731293.pdf,BITTAR EDITORA PLANEJAMENTO ESTRATEGICO LTDA,39572622000120,5000.0,0.0,,2036852,0,Bia Kicis
2024,5,DIVULGAÇÃO DA ATIVIDADE PARLAMENTAR.,7736171,Nota Fiscal,0,2024-05-15T00:00:00,59,5000.0,https://www.camara.leg.br/cota-parlamentar/documentos/publ/3402/2024/7736171.pdf,BITTAR EDITORA PLANEJAMENTO ESTRATEGICO LTDA,39572622000120,5000.0,0.0,,2039876,0,Bia Kicis
2024,6,DIVULGAÇÃO DA ATIVIDADE PARLAMENTAR.,7754261,Nota Fiscal,0,2024-06-17T00:00:00,62,5000.0,https://www.camara.leg.br/cota-parlamentar/documentos/publ/3402/2024/7754261.pdf,BITTAR EDITORA PLANEJAMENTO ESTRATEGICO LTDA,39572622000120,5000.0,0.0,,2049397,0,Bia Kicis
2024,7,DIVULGAÇÃO DA ATIVIDADE PARLAMENTAR.,7774785,Nota Fiscal,0,2024-07-16T00:00:00,65,5000.0,https://www.camara.leg.br/cota-parlamentar/documentos/publ/3402/2024/7774785.pdf,BITTAR EDITORA PLANEJAMENTO ESTRATEGICO LTDA,39572622000120,5000.0,0.0,,2059805,0,Bia Kicis
2024,8,DIVULGAÇÃO DA ATIVIDADE PARLAMENTAR.,7788647,Nota Fiscal,0,2024-08-19T00:00:00,68,5000.0,https://www.camara.leg.br/cota-parlamentar/documentos/publ/3402/2024/7788647.pdf,BITTAR EDITORA PLANEJAMENTO ESTRATEGICO LTDA,39572622000120,5000.0,0.0,,2066527,0,Bia Kicis
2024,9,DIVULGAÇÃO DA ATIVIDADE PARLAMENTAR.,7803309,Nota Fiscal,0,2024-09-17T00:00:00,71,5000.0,https://www.camara.leg.br/cota-parlamentar/documentos/publ/3402/2024/7803309.pdf,BITTAR EDITORA PLANEJAMENTO ESTRATEGICO LTDA,39572622000120,5000.0,0.0,,2074118,0,Bia Kicis
2024,11,DIVULGAÇÃO DA ATIVIDADE PARLAMENTAR.,7830617,Nota Fiscal,0,2024-11-14T00:00:00,76,5000.0,https://www.camara.leg.br/cota-parlamentar/documentos/publ/3402/2024/7830617.pdf,BITTAR EDITORA PLANEJAMENTO ESTRATEGICO LTDA,39572622000120,5000.0,0.0,,2089169,0,Bia Kicis
2024,12,DIVULGAÇÃO DA ATIVIDADE PARLAMENTAR.,7839425,Nota Fiscal,0,2024-12-02T00:00:00,77,5000.0,https://www.camara.leg.br/cota-parlamentar/documentos/publ/3402/2024/7839425.pdf,BITTAR EDITORA PLANEJAMENTO ESTRATEGICO LTDA,39572622000120,5000.0,0.0,,2093933,0,Bia Kicis
2024,1,DIVULGAÇÃO DA ATIVIDADE PARLAMENTAR.,7680129,Nota Fiscal,0,2024-02-01T00:00:00,10,3500.0,https://www.camara.leg.br/cota-parlamentar/documentos/publ/3402/2024/7680129.pdf,NATALI AMORIM GOMES MORALES,50137444000141,3500.0,0.0,,2009229,0,Bia Kicis
2024,2,DIVULGAÇÃO DA ATIVIDADE PARLAMENTAR.,7694898,Nota Fiscal,0,2024-02-29T00:00:00,11,3500.0,https://www.camara.leg.br/cota-parlamentar/documentos/publ/3402/2024/7694898.pdf,NATALI AMORIM GOMES MORALES,50137444000141,3500.0,0.0,,2017382,0,Bia Kicis
2024,3,DIVULGAÇÃO DA ATIVIDADE PARLAMENTAR.,7713213,Nota Fiscal,0,2024-04-03T00:00:00,12,3500.0,https://www.camara.leg.br/cota-parlamentar/documentos/publ/3402/2024/7713213.pdf,NATALI AMORIM GOMES MORALES,50137444000141,3500.0,0.0,,2027228,0,Bia Kicis
2024,4,DIVULGAÇÃO DA ATIVIDADE PARLAMENTAR.,7728054,Nota Fiscal,0,2024-04-29T00:00:00,13,3500.0,https://www.camara.leg.br/cota-parlamentar/documentos/publ/3402/2024/7728054.pdf,NATALI AMORIM GOMES MORALES,50137444000141,3500.0,0.0,,2035027,0,Bia Kicis
2024,5,DIVULGAÇÃO DA ATIVIDADE PARLAMENTAR.,7739390,Nota Fiscal,0,2024-05-20T00:00:00,14,3500.0,https://www.camara.leg.br/cota-parlamentar/documentos/publ/3402/2024/7739390.pdf,NATALI AMORIM GOMES MORALES,50137444000141,3500.0,0.0,,2041457,0,Bia Kicis
2024,6,DIVULGAÇÃO DA ATIVIDADE PARLAMENTAR.,7761195,Nota Fiscal,0,2024-06-28T00:00:00,15,3500.0,https://www.camara.leg.br/cota-parlamentar/documentos/publ/3402/2024/7761195.pdf,NATALI AMORIM GOMES MORALES,50137444000141,3500.0,0.0,,2052798,0,Bia Kicis
2024,7,DIVULGAÇÃO DA ATIVIDADE PARLAMENTAR.,7775298,Nota Fiscal,0,2024-07-24T00:00:00,16,3500.0,https://www.camara.leg.br/cota-parlamentar/documentos/publ/3402/2024/7775298.pdf,NATALI AMORIM GOMES MORALES,50137444000141,3500.0,0.0,,2060051,0,Bia Kicis
2024,8,DIVULGAÇÃO DA ATIVIDADE PARLAMENTAR.,7796637,Nota Fiscal,0,2024-09-04T00:00:00,17,3500.0,https://www.camara.leg.br/cota-parlamentar/documentos/publ/3402/2024/7796637.pdf,NATALI AMORIM GOMES MORALES,50137444000141,3500.0,0.0,,2070637,0,Bia Kicis
2024,9,DIVULGAÇÃO DA ATIVIDADE PARLAMENTAR.,7813494,Nota Fiscal,0,2024-10-07T00:00:00,18,3500.0,https://www.camara.leg.br/cota-parlamentar/documentos/publ/3402/2024/7813494.pdf,NATALI AMORIM GOMES MORALES,50137444000141,3500.0,0.0,,2080068,0,Bia Kicis
2024,10,DIVULGAÇÃO DA ATIVIDADE PARLAMENTAR.,7830190,Nota Fiscal,0,2024-11-12T00:00:00,19,3500.0,https://www.camara.leg.br/cota-parlamentar/documentos/publ/3402/2024/7830190.pdf,NATALI AMORIM GOMES MORALES,50137444000141,3500.0,0.0,,2088932,0,Bia Kicis
2024,11,DIVULGAÇÃO DA ATIVIDADE PARLAMENTAR.,7837316,Nota Fiscal,0,2024-11-29T00:00:00,20,3500.0,https://www.camara.leg.br/cota-parlamentar/documentos/publ/3402/2024/7837316.pdf,NATALI AMORIM GOMES MORALES,50137444000141,3500.0,0.0,,2092665,0,Bia Kicis
2024,12,DIVULGAÇÃO DA ATIVIDADE PARLAMENTAR.,7850480,Nota Fiscal,0,2024-12-20T00:00:00,21,3500.0,https://www.camara.leg.br/cota-parlamentar/documentos/publ/3402/2024/7850480.pdf,NATALI AMORIM GOMES MORALES,50137444000141,3500.0,0.0,,2099875,0,Bia Kicis
2024,4,PASSAGEM AÉREA - REEMBOLSO,7733209,Despesa no Exterior,2,2024-04-12T00:00:00,ETK220202125653901,6557.76,https://www.camara.leg.br/cota-parlamentar/documentos/publ/3402/2024/7733209.pdf,TAP PORTUGAL,33136896001919,6557.76,0.0,,2048836,0,Bia Kicis
2024,7,FORNECIMENTO DE ALIMENTAÇÃO DO PARLAMENTAR,7764207,Nota Fiscal Eletrônica,4,2024-07-03T00:00:00,19023,74.0,http://www.camara.leg.br/cota-parlamentar/nota-fiscal-eletronica?ideDocumentoFiscal=7764207,G&G COMERCIO DE ALIMENTOS E BEBIDAS LTDA,31919309000103,74.0,0.0,,2054331,0,Bia Kicis
2024,1,LOCAÇÃO OU FRETAMENTO DE VEÍCULOS AUTOMOTORES,7674313,Recibos/Outros,1,2024-01-05T00:00:00,012/2024,4500.0,https://www.camara.leg.br/cota-parlamentar/documentos/publ/3402/2024/7674313.pdf,Novacar Locadora de Veículos Ltda,19374791000148,4500.0,0.0,,2005595,0,Bia Kicis
2024,2,LOCAÇÃO OU FRETAMENTO DE VEÍCULOS AUTOMOTORES,7688904,Recibos/Outros,1,2024-02-02T00:00:00,026,4500.0,https://www.camara.leg.br/cota-parlamentar/documentos/publ/3402/2024/7688904.pdf,Novacar Locadora de Veículos Ltda,19374791000148,4500.0,0.0,,2014103,0,Bia Kicis
2024,3,LOCAÇÃO OU FRETAMENTO DE VEÍCULOS AUTOMOTORES,7708837,Recibos/Outros,1,2024-03-07T00:00:00,039,4500.0,https://www.camara.leg.br/cota-parlamentar/documentos/publ/3402/2024/7708837.pdf,Novacar Locadora de Veículos Ltda,19374791000148,4500.0,0.0,,2024925,0,Bia Kicis
2024,4,LOCAÇÃO OU FRETAMENTO DE VEÍCULOS AUTOMOTORES,7720857,Recibos/Outros,1,2024-04-15T00:00:00,0652024,4500.0,https://www.camara.leg.br/cota-parlamentar/documentos/publ/3402/2024/7720857.pdf,Novacar Locadora de Veículos Ltda,19374791000148,4500.0,0.0,,2031373,0,Bia Kicis
2024,5,LOCAÇÃO OU FRETAMENTO DE VEÍCULOS AUTOMOTORES,7753306,Recibos/Outros,1,2024-05-09T00:00:00,073,4600.0,https://www.camara.leg.br/cota-parlamentar/documentos/publ/3402/2024/7753306.pdf,Novacar Locadora de Veículos Ltda,19374791000148,4600.0,0.0,,2048897,0,Bia Kicis
2024,5,LOCAÇÃO OU FRETAMENTO DE VEÍCULOS AUTOMOTORES,7753164,Recibos/Outros,1,2024-05-15T00:00:00,073-1,2010.0,https://www.camara.leg.br/cota-parlamentar/documentos/publ/3402/2024/7753164.pdf,Novacar Locadora de Veículos Ltda,19374791000148,2010.0,0.0,,2048826,0,Bia Kicis
2024,6,LOCAÇÃO OU FRETAMENTO DE VEÍCULOS AUTOMOTORES,7753168,Recibos/Outros,1,2024-06-04T00:00:00,101,4600.0,https://www.camara.leg.br/cota-parlamentar/documentos/publ/3402/2024/7753168.pdf,Novacar Locadora de Veículos Ltda,19374791000148,4600.0,0.0,,2048828,0,Bia Kicis
2024,7,LOCAÇÃO OU FRETAMENTO DE VEÍCULOS AUTOMOTORES,7770142,Recibos/Outros,1,2024-07-08T00:00:00,127,5000.0,https://www.camara.leg.br/cota-parlamentar/documentos/publ/3402/2024/7770142.pdf,Novacar Locadora de Veículos Ltda,19374791000148,5000.0,0.0,,2057501,0,Bia Kicis
2024,8,LOCAÇÃO OU FRETAMENTO DE VEÍCULOS AUTOMOTORES,7783515,Nota Fiscal,0,2024-08-07T00:00:00,210,5000.0,https://www.camara.leg.br/cota-parlamentar/documentos/publ/3402/2024/7783515.pdf,Novacar Locadora de Veículos Ltda,19374791000148,5000.0,0.0,,2064081,0,Bia Kicis
2024,9,LOCAÇÃO OU FRETAMENTO DE VEÍCULOS AUTOMOTORES,7799812,Recibos/Outros,1,2024-09-05T00:00:00,2682024,5000.0,https://www.camara.leg.br/cota-parlamentar/documentos/publ/3402/2024/7799812.pdf,Novacar Locadora de Veículos Ltda,19374791000148,5000.0,0.0,,2072423,0,Bia Kicis
2024,10,LOCAÇÃO OU FRETAMENTO DE VEÍCULOS AUTOMOTORES,7810819,Recibos/Outros,1,2024-10-04T00:00:00,295,5000.0,https://www.camara.leg.br/cota-parlamentar/documentos/publ/3402/2024/7810819.pdf,Novacar Locadora de Veículos Ltda,19374791000148,5000.0,0.0,,2078160,0,Bia Kicis
2024,11,LOCAÇÃO OU FRETAMENTO DE VEÍCULOS AUTOMOTORES,7829482,Recibos/Outros,1,2024-11-04T00:00:00,318,5000.0,https://www.camara.leg.br/cota-parlamentar/documentos/publ/3402/2024/7829482.pdf,Novacar Locadora de Veículos Ltda,19374791000148,5000.0,0.0,,2088544,0,Bia Kicis
2024,12,LOCAÇÃO OU FRETAMENTO DE VEÍCULOS AUTOMOTORES,7843113,Recibos/Outros,1,2024-12-04T00:00:00,3432024,5000.0,https://www.camara.leg.br/cota-parlamentar/documentos/publ/3402/2024/7843113.pdf,Novacar Locadora de Veículos Ltda,19374791000148,5000.0,0.0,,2096037,0,Bia Kicis
2024,10,"SERVIÇO DE TÁXI, PEDÁGIO E ESTACIONAMENTO",7818196,Recibos/Outros,1,2024-10-11T00:00:00,s/n,5.4,https://www.camara.leg.br/cota-parlamentar/documentos/publ/3402/2024/7818196.pdf,CONCEBRA - CONCESSIONARIA DAS RODOVIAS CENTRAIS DO BRASIL S.A.,18572225000188,5.4,0.0,,2082442,0,Bia Kicis
2024,10,"SERVIÇO DE TÁXI, PEDÁGIO E ESTACIONAMENTO",7818167,Recibos/Outros,1,2024-10-11T00:00:00,s/n,7.4,https://www.camara.leg.br/cota-parlamentar/documentos/publ/3402/2024/7818167.pdf,CONCEBRA - CONCESSIONARIA DAS RODOVIAS CENTRAIS DO BRASIL S.A.,18572225000188,7.4,0.0,,2082442,0,Bia Kicis
2024,10,"SERVIÇO DE TÁXI, PEDÁGIO E ESTACIONAMENTO",7818202,Recibos/Outros,1,2024-10-11T00:00:00,s/n,7.4,https://www.camara.leg.br/cota-parlamentar/documentos/publ/3402/2024/7818202.pdf,CONCEBRA - CONCESSIONARIA DAS RODOVIAS CENTRAIS DO BRASIL S.A.,18572225000188,7.4,0.0,,2082442,0,Bia Kicis
2024,10,"SERVIÇO DE TÁXI, PEDÁGIO E ESTACIONAMENTO",7818204,Recibos/Outros,1,2024-10-11T00:00:00,s/n,7.4,https://www.camara.leg.br/cota-parlamentar/documentos/publ/3402/2024/7818204.pdf,CONCEBRA - CONCESSIONARIA DAS RODOVIAS CENTRAIS DO BRASIL S.A.,18572225000188,7.4,0.0,,2082442,0,Bia Kicis
2024,6,PASSAGEM AÉREA - SIGEPA,264001,Nota Fiscal,0,2024-06-26T12:00:00,1272118969090,1903.85,,GOL,,1903.85,0.0,0,0,0,Bia Kicis
2024,6,PASSAGEM AÉREA - SIGEPA,264004,Nota Fiscal,0,2024-06-26T12:00:00,1272118969394,1903.85,,GOL,,1903.85,0.0,0,0,0,Bia Kicis
2024,6,PASSAGEM AÉREA - SIGEPA,264012,Nota Fiscal,0,2024-06-26T12:00:00,1272118970044,1519.45,,GOL,,1519.45,0.0,0,0,0,Bia Kicis
2024,7,PASSAGEM AÉREA - SIGEPA,264012,Nota Fiscal,0,2024-07-08T12:00:00,1272118970044,-1445.74,,GOL,,-1445.74,0.0,0,0,0,Bia Kicis
2024,6,PASSAGEM AÉREA - SIGEPA,264013,Nota Fiscal,0,2024-06-26T12:00:00,1272118970603,1519.45,,GOL,,1519.45,0.0,0,0,0,Bia Kicis
2024,7,PASSAGEM AÉREA - SIGEPA,264013,Nota Fiscal,0,2024-07-08T12:00:00,1272118970603,-1445.74,,GOL,,-1445.74,0.0,0,0,0,Bia Kicis
2024,5,PASSAGEM AÉREA - SIGEPA,257237,Nota Fiscal,0,2024-05-29T12:00:00,9572158785256,839.36,,TAM,,839.36,0.0,0,0,0,Bia Kicis
2024,5,PASSAGEM AÉREA - SIGEPA,257240,Nota Fiscal,0,2024-05-29T12:00:00,9572158785700,542.01,,TAM,,542.01,0.0,0,0,0,Bia Kicis
2024,7,PASSAGEM AÉREA - SIGEPA,266477,Nota Fiscal,0,2024-07-07T12:00:00,9572164339902,68.0,,TAM,,68.0,0.0,0,0,0,Bia Kicis
2024,7,PASSAGEM AÉREA - SIGEPA,266477,Nota Fiscal,0,2024-07-07T12:00:00,9572164339902,1493.2,,TAM,,1493.2,0.0,0,0,0,Bia Kicis
2024,7,PASSAGEM AÉREA - SIGEPA,266479,Nota Fiscal,0,2024-07-07T12:00:00,9572164340977,1484.15,,TAM,,1484.15,0.0,0,0,0,Bia Kicis
2024,11,PASSAGEM AÉREA - SIGEPA,289998,Nota Fiscal,0,2024-11-14T12:00:00,9572207422665,75.0,,TAM,,75.0,0.0,0,0,0,Bia Kicis
2024,11,PASSAGEM AÉREA - SIGEPA,289998,Nota Fiscal,0,2024-11-14T12:00:00,9572207422665,1469.95,,TAM,,1469.95,0.0,0,0,0,Bia Kicis
2024,11,PASSAGEM AÉREA - SIGEPA,289999,Nota Fiscal,0,2024-11-14T12:00:00,9572207422772,75.0,,TAM,,75.0,0.0,0,0,0,Bia Kicis
2024,11,PASSAGEM AÉREA - SIGEPA,289999,Nota Fiscal,0,2024-11-14T12:00:00,9572207422772,1345.93,,TAM,,1345.93,0.0,0,0,0,Bia Kicis
2024,7,MANUTENÇÃO DE ESCRITÓRIO DE APOIO À ATIVIDADE PARLAMENTAR,7767127,Nota Fiscal Eletrônica,4,2024-07-04T00:00:00,5838,714.9,http://www.camara.leg.br/cota-parlamentar/nota-fiscal-eletronica?ideDocumentoFiscal=7767127,WMS COMERCIO DE ARTIGOS DE PAPELARIA LTDA,12132854000100,714.9,0.0,,2055975,0,Erika Kokay
2024,9,MANUTENÇÃO DE ESCRITÓRIO DE APOIO À ATIVIDADE PARLAMENTAR,7799649,Nota Fiscal Eletrônica,4,2024-09-05T00:00:00,5962,567.0,http://www.camara.leg.br/cota-parlamentar/nota-fiscal-eletronica?ideDocumentoFiscal=7799649,WMS COMERCIO DE ARTIGOS DE PAPELARIA LTDA,12132854000100,567.0,0.0,,2072328,0,Erika Kokay
2024,10,MANUTENÇÃO DE ESCRITÓRIO DE APOIO À ATIVIDADE PARLAMENTAR,7808719,Nota Fiscal Eletrônica,4,2024-10-01T00:00:00,6004,992.0,http://www.camara.leg.br/cota-parlamentar/nota-fiscal-eletronica?ideDocumentoFiscal=7808719,WMS COMERCIO DE ARTIGOS DE PAPELARIA LTDA,12132854000100,992.0,0.0,,2076998,0,Erika Kokay
2024,11,MANUTENÇÃO DE ESCRITÓRIO DE APOIO À ATIVIDADE PARLAMENTAR,7833768,Nota Fiscal Eletrônica,4,2024-11-21T00:00:00,6131,665.8,http://www.camara.leg.br/cota-parlamentar/nota-fiscal-eletronica?ideDocumentoFiscal=7833768,WMS COMERCIO DE ARTIGOS DE PAPELARIA LTDA,12132854000100,665.8,0.0,,2090872,0,Erika Kokay
2024,2,MANUTENÇÃO DE ESCRITÓRIO DE APOIO À ATIVIDADE PARLAMENTAR,7685767,Nota Fiscal Eletrônica,4,2024-02-14T00:00:00,5403,699.2,http://www.camara.leg.br/cota-parlamentar/nota-fiscal-eletronica?ideDocumentoFiscal=7685767,WMS COMERCIO DE ARTIGOS DE PAPELARIA LTDA-ME,12132854000100,699.2,0.0,,2012397,0,Erika Kokay
2024,4,MANUTENÇÃO DE ESCRITÓRIO DE APOIO À ATIVIDADE PARLAMENTAR,7725839,Nota Fiscal Eletrônica,4,2024-04-25T00:00:00,5635,890.0,http://www.camara.leg.br/cota-parlamentar/nota-fiscal-eletronica?ideDocumentoFiscal=7725839,WMS COMERCIO DE ARTIGOS DE PAPELARIA LTDA-ME,12132854000100,890.0,0.0,,2033874,0,Erika Kokay
2024,1,COMBUSTÍVEIS E LUBRIFICANTES.,7675513,Nota Fiscal Eletrônica,4,2024-01-23T09:46:01,381112,194.99,http://www.camara.leg.br/cota-parlamentar/nota-fiscal-eletronica?ideDocumentoFiscal=7675513,021 - 204 SUL CASCOL COMBUSTIVEIS PARA VEICULOS LTDA,00306597002140,194.99,0.0,,2006176,0,Erika Kokay
2024,2,COMBUSTÍVEIS E LUBRIFICANTES.,7687342,Nota Fiscal Eletrônica,4,2024-02-11T00:00:00,385331,261.63,http://www.camara.leg.br/cota-parlamentar/nota-fiscal-eletronica?ideDocumentoFiscal=7687342,021 - 204 SUL CASCOL COMBUSTIVEIS PARA VEICULOS LTDA,00306597002140,261.63,0.0,,2013304,0,Erika Kokay
2024,4,COMBUSTÍVEIS E LUBRIFICANTES.,7710603,Nota Fiscal Eletrônica,4,2024-04-01T10:55:58,395921,225.37,http://www.camara.leg.br/cota-parlamentar/nota-fiscal-eletronica?ideDocumentoFiscal=7710603,021 - 204 SUL CASCOL COMBUSTIVEIS PARA VEICULOS LTDA,00306597002140,225.37,0.0,,2025853,0,Erika Kokay
2024,4,COMBUSTÍVEIS E LUBRIFICANTES.,7722501,Nota Fiscal Eletrônica,4,2024-04-22T10:24:55,403176,261.73,http://www.camara.leg.br/cota-parlamentar/nota-fiscal-eletronica?ideDocumentoFiscal=7722501,021 - 204 SUL CASCOL COMBUSTIVEIS PARA VEICULOS LTDA,00306597002140,261.73,0.0,,2032248,0,Erika Kokay
2024,6,COMBUSTÍVEIS E LUBRIFICANTES.,7744926,Nota Fiscal Eletrônica,4,2024-06-03T10:05:05,410780,262.02,http://www.camara.leg.br/cota-parlamentar/nota-fiscal-eletronica?ideDocumentoFiscal=7744926,021 - 204 SUL CASCOL COMBUSTIVEIS PARA VEICULOS LTDA,00306597002140,262.02,0.0,,2044250,0,Erika Kokay
2024,6,COMBUSTÍVEIS E LUBRIFICANTES.,7748917,Nota Fiscal Eletrônica,4,2024-06-06T14:53:51,412904,190.0,http://www.camara.leg.br/cota-parlamentar/nota-fiscal-eletronica?ideDocumentoFiscal=7748917,021 - 204 SUL CASCOL COMBUSTIVEIS PARA VEICULOS LTDA,00306597002140,190.0,0.0,,2046485,0,Erika Kokay
2024,6,COMBUSTÍVEIS E LUBRIFICANTES.,7754944,Nota Fiscal Eletrônica,4,2024-06-17T09:30:47,419478,242.85,http://www.camara.leg.br/cota-parlamentar/nota-fiscal-eletronica?ideDocumentoFiscal=7754944,021 - 204 SUL CASCOL COMBUSTIVEIS PARA VEICULOS LTDA,00306597002140,242.85,0.0,,2049709,0,Erika Kokay
2024,6,COMBUSTÍVEIS E LUBRIFICANTES.,7760731,Nota Fiscal Eletrônica,4,2024-06-26T19:39:48,426207,255.03,http://www.camara.leg.br/cota-parlamentar/nota-fiscal-eletronica?ideDocumentoFiscal=7760731,021 - 204 SUL CASCOL COMBUSTIVEIS PARA VEICULOS LTDA,00306597002140,255.03,0.0,,2052599,0,Erika Kokay
2024,7,COMBUSTÍVEIS E LUBRIFICANTES.,7764594,Nota Fiscal Eletrônica,4,2024-07-03T12:50:53,428479,210.0,http://www.camara.leg.br/cota-parlamentar/nota-fiscal-eletronica?ideDocumentoFiscal=7764594,021 - 204 SUL CASCOL COMBUSTIVEIS PARA VEICULOS LTDA,00306597002140,210.0,0.0,,2054545,0,Erika Kokay
2024,10,COMBUSTÍVEIS E LUBRIFICANTES.,7825120,Nota Fiscal Eletrônica,4,2024-10-28T21:13:13,461883,274.12,http://www.camara.leg.br/cota-parlamentar/nota-fiscal-eletronica?ideDocumentoFiscal=7825120,021 - 204 SUL CASCOL COMBUSTIVEIS PARA VEICULOS LTDA,00306597002140,274.12,0.0,,2086107,0,Erika Kokay
2024,11,COMBUSTÍVEIS E LUBRIFICANTES.,7827890,Nota Fiscal Eletrônica,4,2024-11-11T10:16:45,465277,286.43,http://www.camara.leg.br/cota-parlamentar/nota-fiscal-eletronica?ideDocumentoFiscal=7827890,021 - 204 SUL CASCOL COMBUSTIVEIS PARA VEICULOS LTDA,00306597002140,286.43,0.0,,2087701,0,Erika Kokay
2024,11,COMBUSTÍVEIS E LUBRIFICANTES.,7833764,Nota Fiscal Eletrônica,4,2024-11-21T10:47:05,467254,282.6,http://www.camara.leg.br/cota-parlamentar/nota-fiscal-eletronica?ideDocumentoFiscal=7833764,021 - 204 SUL CASCOL COMBUSTIVEIS PARA VEICULOS LTDA,00306597002140,282.6,0.0,,2090869,0,Erika Kokay
2024,12,COMBUSTÍVEIS E LUBRIFICANTES.,7843577,Nota Fiscal Eletrônica,4,2024-12-10T16:53:04,471301,267.97,http://www.camara.leg.br/cota-parlamentar/nota-fiscal-eletronica?ideDocumentoFiscal=7843577,021 - 204 SUL CASCOL COMBUSTIVEIS PARA VEICULOS LTDA,00306597002140,267.97,0.0,,2096214,0,Erika Kokay
2024,7,COMBUSTÍVEIS E LUBRIFICANTES.,7767799,Nota Fiscal Eletrônica,4,2024-07-08T21:57:39,2854589,261.04,http://www.camara.leg.br/cota-parlamentar/nota-fiscal-eletronica?ideDocumentoFiscal=7767799,048 - REC 1 - CASCOL COMBUSTIVEIS PARA VEICULOS LTDA,00306597004860,261.04,0.0,,2056297,0,Erika Kokay
2024,10,COMBUSTÍVEIS E LUBRIFICANTES.,7816348,Nota Fiscal Eletrônica,4,2024-10-13T17:58:43,2365580,283.1,http://www.camara.leg.br/cota-parlamentar/nota-fiscal-eletronica?ideDocumentoFiscal=7816348,057 - EXP CEILANDIA - CASCOL COMBUSTIVEIS PARA VEICULOS LTDA,00306597005751,283.1,0.0,,2081475,0,Erika Kokay
2024,3,COMBUSTÍVEIS E LUBRIFICANTES.,7705059,Nota Fiscal Eletrônica,4,2024-03-16T18:27:24,508247,80.0,http://www.camara.leg.br/cota-parlamentar/nota-fiscal-eletronica?ideDocumentoFiscal=7705059,068 - TAG SUL - CASCOL COMBUSTIVEIS PARA VEICULOS LTDA,00306597006804,80.0,0.0,,2022839,0,Erika Kokay
2024,10,COMBUSTÍVEIS E LUBRIFICANTES.,7812490,Nota Fiscal Eletrônica,4,2024-10-04T16:57:03,460316,181.85,http://www.camara.leg.br/cota-parlamentar/nota-fiscal-eletronica?ideDocumentoFiscal=7812490,072 - 403 SUL - CASCOL COMBUSTIVEIS PARA VEICULOS LTDA,00306597007290,181.85,0.0,,2079561,0,Erika Kokay
2024,10,COMBUSTÍVEIS E LUBRIFICANTES.,7818702,Nota Fiscal Eletrônica,4,2024-10-18T12:55:44,1004752,266.38,http://www.camara.leg.br/cota-parlamentar/nota-fiscal-eletronica?ideDocumentoFiscal=7818702,076 - MELHOR 10 - CASCOL COMBUSTIVEIS PARA VEICULOS LTDA,00306597007614,266.38,0.0,,2082733,0,Erika Kokay
2024,9,COMBUSTÍVEIS E LUBRIFICANTES.,7801808,Nota Fiscal Eletrônica,4,2024-09-13T14:53:41,979211,185.0,http://www.camara.leg.br/cota-parlamentar/nota-fiscal-eletronica?ideDocumentoFiscal=7801808,076 - MELHOR 10 - CASCOL COMBUSTIVEIS PARA VEICULOS LTDA,00306597007614,185.0,0.0,,2073391,0,Erika Kokay
2024,5,COMBUSTÍVEIS E LUBRIFICANTES.,7734276,Nota Fiscal,0,2024-05-08T00:00:00,8676,263.08,https://www.camara.leg.br/cota-parlamentar/documentos/publ/2403/2024/7734276.pdf,AUTO POSTO 109 NORTE LTDA,05849569000140,263.08,0.0,,2038917,0,Erika Kokay
2024,9,COMBUSTÍVEIS E LUBRIFICANTES.,7798612,Nota Fiscal Eletrônica,4,2024-09-07T19:04:37,998552,280.04,http://www.camara.leg.br/cota-parlamentar/nota-fiscal-eletronica?ideDocumentoFiscal=7798612,AUTO POSTO 109 NORTE LTDA,05849569000140,280.04,0.0,,2071811,0,Erika Kokay
2024,5,COMBUSTÍVEIS E LUBRIFICANTES.,7736698,Nota Fiscal Eletrônica,4,2024-05-15T00:00:00,118459,145.23,http://www.camara.leg.br/cota-parlamentar/nota-fiscal-eletronica?ideDocumentoFiscal=7736698,AUTO POSTO 302 SUL LTDA,30642701000195,145.23,0.0,,2040152,0,Erika Kokay
2024,12,COMBUSTÍVEIS E LUBRIFICANTES.,7837605,Nota Fiscal Eletrônica,4,2024-12-02T00:00:00,96856,256.67,http://www.camara.leg.br/cota-parlamentar/nota-fiscal-eletronica?ideDocumentoFiscal=7837605,AUTO POSTO 305 SUL LTDA.,32085527000152,256.67,0.0,,2092815,0,Erika Kokay
2024,12,COMBUSTÍVEIS E LUBRIFICANTES.,7846386,Nota Fiscal Eletrônica,4,2024-12-14T00:00:00,506422,250.0,http://www.camara.leg.br/cota-parlamentar/nota-fiscal-eletronica?ideDocumentoFiscal=7846386,AUTO POSTO AGUAS CLARAS LTDA,38076089000142,250.0,0.0,,2097716,0,Erika Kokay
2024,9,COMBUSTÍVEIS E LUBRIFICANTES.,7802939,Nota Fiscal Eletrônica,4,2024-09-15T00:00:00,9316,253.02,http://www.camara.leg.br/cota-parlamentar/nota-fiscal-eletronica?ideDocumentoFiscal=7802939,AUTO POSTO CASTANHEIRAS DERIVADOS DE PETROLEO LTDA,32013951000191,253.02,0.0,,2073903,0,Erika Kokay
2024,5,COMBUSTÍVEIS E LUBRIFICANTES.,7734285,Nota Fiscal,0,2024-05-06T00:00:00,1094,165.08,https://www.camara.leg.br/cota-parlamentar/documentos/publ/2403/2024/7734285.pdf,AUTO POSTO CINCO ESTRELAS LTDA,00692418000611,165.08,0.0,,2038917,0,Erika Kokay
2024,2,COMBUSTÍVEIS E LUBRIFICANTES.,7686091,Nota Fiscal Eletrônica,4,2024-02-09T17:00:44,508559,100.0,http://www.camara.leg.br/cota-parlamentar/nota-fiscal-eletronica?ideDocumentoFiscal=7686091,AUTO POSTO CINCO ESTRELAS LTDA,00692418000611,100.0,0.0,,2012588,0,Erika Kokay
2024,3,COMBUSTÍVEIS E LUBRIFICANTES.,7695450,Nota Fiscal Eletrônica,4,2024-03-01T09:54:47,541699,274.67,http://www.camara.leg.br/cota-parlamentar/nota-fiscal-eletronica?ideDocumentoFiscal=7695450,AUTO POSTO CINCO ESTRELAS LTDA,00692418000611,274.67,0.0,,2017729,0,Erika Kokay
2024,3,COMBUSTÍVEIS E LUBRIFICANTES.,7695447,Nota Fiscal Eletrônica,4,2024-03-04T11:22:53,546905,152.57,http://www.camara.leg.br/cota-parlamentar/nota-fiscal-eletronica?ideDocumentoFiscal=7695447,AUTO POSTO CINCO ESTRELAS LTDA,00692418000611,152.57,0.0,,2017729,0,Erika Kokay
2024,3,COMBUSTÍVEIS E LUBRIFICANTES.,7699999,Nota Fiscal Eletrônica,4,2024-03-11T11:01:32,560076,157.72,http://www.camara.leg.br/cota-parlamentar/nota-fiscal-eletronica?ideDocumentoFiscal=7699999,AUTO POSTO CINCO ESTRELAS LTDA,00692418000611,157.72,0.0,,2020261,0,Erika Kokay
2024,3,COMBUSTÍVEIS E LUBRIFICANTES.,7703388,Nota Fiscal Eletrônica,4,2024-03-15T13:28:45,568912,255.68,http://www.camara.leg.br/cota-parlamentar/nota-fiscal-eletronica?ideDocumentoFiscal=7703388,AUTO POSTO CINCO ESTRELAS LTDA,00692418000611,255.68,0.0,,2022032,0,Erika Kokay
2024,3,COMBUSTÍVEIS E LUBRIFICANTES.,7703793,Nota Fiscal Eletrônica,4,2024-03-18T12:01:24,573639,144.49,http://www.camara.leg.br/cota-parlamentar/nota-fiscal-eletronica?ideDocumentoFiscal=7703793,AUTO POSTO CINCO ESTRELAS LTDA,00692418000611,144.49,0.0,,2022214,0,Erika Kokay
2024,4,COMBUSTÍVEIS E LUBRIFICANTES.,7715020,Nota Fiscal Eletrônica,4,2024-04-08T14:18:41,607288,255.13,http://www.camara.leg.br/cota-parlamentar/nota-fiscal-eletronica?ideDocumentoFiscal=7715020,AUTO POSTO CINCO ESTRELAS LTDA,00692418000611,255.13,0.0,,2028236,0,Erika Kokay
2024,5,COMBUSTÍVEIS E LUBRIFICANTES.,7740051,Nota Fiscal Eletrônica,4,2024-05-22T10:33:02,678089,240.4,http://www.camara.leg.br/cota-parlamentar/nota-fiscal-eletronica?ideDocumentoFiscal=7740051,AUTO POSTO CINCO ESTRELAS LTDA,00692418000611,240.4,0.0,,2041785,0,Erika Kokay
2024,5,COMBUSTÍVEIS E LUBRIFICANTES.,7744518,Nota Fiscal Eletrônica,4,2024-05-29T15:02:29,688944,238.04,http://www.camara.leg.br/cota-parlamentar/nota-fiscal-eletronica?ideDocumentoFiscal=7744518,AUTO POSTO CINCO ESTRELAS LTDA,00692418000611,238.04,0.0,,2044023,0,Erika Kokay
2024,8,COMBUSTÍVEIS E LUBRIFICANTES.,7781066,Nota Fiscal Eletrônica,4,2024-08-05T15:24:34,768841,251.92,http://www.camara.leg.br/cota-parlamentar/nota-fiscal-eletronica?ideDocumentoFiscal=7781066,AUTO POSTO CINCO ESTRELAS LTDA,00692418000611,251.92,0.0,,2062860,0,Erika Kokay
2024,7,COMBUSTÍVEIS E LUBRIFICANTES.,7767121,Nota Fiscal Eletrônica,4,2024-07-06T19:51:41,811392,212.76,http://www.camara.leg.br/cota-parlamentar/nota-fiscal-eletronica?ideDocumentoFiscal=7767121,AUTO POSTO CINCO ESTRELAS LTDA,00692418001260,212.76,0.0,,2055970,0,Erika Kokay
2024,8,COMBUSTÍVEIS E LUBRIFICANTES.,7783738,Nota Fiscal Eletrônica,4,2024-08-10T16:13:00,126918,254.36,http://www.camara.leg.br/cota-parlamentar/nota-fiscal-eletronica?ideDocumentoFiscal=7783738,AUTO POSTO ESQUINA LIMITADA,02551867000160,254.36,0.0,,2064207,0,Erika Kokay
2024,8,COMBUSTÍVEIS E LUBRIFICANTES.,7790942,Nota Fiscal Eletrônica,4,2024-08-16T00:00:00,377149,268.96,http://www.camara.leg.br/cota-parlamentar/nota-fiscal-eletronica?ideDocumentoFiscal=7790942,AUTO POSTO GOLDEN GAS 202 LTDA,30880112000145,268.96,0.0,,2067804,0,Erika Kokay
2024,8,COMBUSTÍVEIS E LUBRIFICANTES.,7792193,Nota Fiscal Eletrônica,4,2024-08-22T00:00:00,70993,272.88,http://www.camara.leg.br/cota-parlamentar/nota-fiscal-eletronica?ideDocumentoFiscal=7792193,AUTO POSTO MORADA DOS NOBRES LTDA,09215903000164,272.88,0.0,,2068392,0,Erika Kokay
2024,4,COMBUSTÍVEIS E LUBRIFICANTES.,7718772,Nota Fiscal Eletrônica,4,2024-04-12T21:49:05,366209,259.99,http://www.camara.leg.br/cota-parlamentar/nota-fiscal-eletronica?ideDocumentoFiscal=7718772,AUTO POSTO NM 16 LTDA,11948180000154,259.99,0.0,,2030320,0,Erika Kokay
2024,5,COMBUSTÍVEIS E LUBRIFICANTES.,7736702,Nota Fiscal Eletrônica,4,2024-05-11T00:00:00,59320,230.86,http://www.camara.leg.br/cota-parlamentar/nota-fiscal-eletronica?ideDocumentoFiscal=7736702,AUTO POSTO RIACHO FUNDO 02 COMERCIAL DE COMBUSTIVEIS LTDA,33895033000104,230.86,0.0,,2040152,0,Erika Kokay
2024,7,COMBUSTÍVEIS E LUBRIFICANTES.,7771523,Nota Fiscal Eletrônica,4,2024-07-13T17:28:02,1349305,289.58,http://www.camara.leg.br/cota-parlamentar/nota-fiscal-eletronica?ideDocumentoFiscal=7771523,AUTO POSTO SOF NORTE LTDA,03951672000170,289.58,0.0,,2058196,0,Erika Kokay
2024,8,COMBUSTÍVEIS E LUBRIFICANTES.,7790237,Nota Fiscal Eletrônica,4,2024-08-20T09:20:38,1285728,280.06,http://www.camara.leg.br/cota-parlamentar/nota-fiscal-eletronica?ideDocumentoFiscal=7790237,AUTO POSTO Z+Z 307 NORTE LTDA,72577414000199,280.06,0.0,,2067396,0,Erika Kokay
2024,10,COMBUSTÍVEIS E LUBRIFICANTES.,7809686,Nota Fiscal Eletrônica,4,2024-10-02T00:00:00,24580,288.39,http://www.camara.leg.br/cota-parlamentar/nota-fiscal-eletronica?ideDocumentoFiscal=7809686,BELIZE COMPANY AUTO POSTO LTDA,29032820000147,288.39,0.0,,2077511,0,Erika Kokay
2024,3,COMBUSTÍVEIS E LUBRIFICANTES.,7694566,Nota Fiscal Eletrônica,4,2024-03-01T10:59:12,772179,141.5,http://www.camara.leg.br/cota-parlamentar/nota-fiscal-eletronica?ideDocumentoFiscal=7694566,BRASAL COMBUSTIVEIS LTDA,00097626000400,141.5,0.0,,2017183,0,Erika Kokay
2024,3,COMBUSTÍVEIS E LUBRIFICANTES.,7706456,Nota Fiscal Eletrônica,4,2024-03-21T11:24:16,776027,159.24,http://www.camara.leg.br/cota-parlamentar/nota-fiscal-eletronica?ideDocumentoFiscal=7706456,BRASAL COMBUSTIVEIS LTDA,00097626000400,159.24,0.0,,2023616,0,Erika Kokay
2024,4,COMBUSTÍVEIS E LUBRIFICANTES.,7722505,Nota Fiscal Eletrônica,4,2024-04-19T00:00:00,780561,264.89,http://www.camara.leg.br/cota-parlamentar/nota-fiscal-eletronica?ideDocumentoFiscal=7722505,BRASAL COMBUSTIVEIS LTDA,00097626000400,264.89,0.0,,2032248,0,Erika Kokay
2024,5,COMBUSTÍVEIS E LUBRIFICANTES.,7743915,Nota Fiscal Eletrônica,4,2024-05-24T10:14:15,786907,102.67,http://www.camara.leg.br/cota-parlamentar/nota-fiscal-eletronica?ideDocumentoFiscal=7743915,BRASAL COMBUSTIVEIS LTDA,00097626000400,102.67,0.0,,2043669,0,Erika Kokay
2024,12,COMBUSTÍVEIS E LUBRIFICANTES.,7850339,Nota Fiscal Eletrônica,4,2024-12-20T00:00:00,845860,301.66,http://www.camara.leg.br/cota-parlamentar/nota-fiscal-eletronica?ideDocumentoFiscal=7850339,BRASAL COMBUSTIVEIS LTDA,00097626000400,25.77,0.0,,2099785,1,Erika Kokay
2024,10,COMBUSTÍVEIS E LUBRIFICANTES.,7821809,Nota Fiscal Eletrônica,4,2024-10-26T00:00:00,109431,279.98,http://www.camara.leg.br/cota-parlamentar/nota-fiscal-eletronica?ideDocumentoFiscal=7821809,DRIVE CAR TRANSPORTES E COMBUSTIVEIS LTDA - QD 01,00012211000225,279.98,0.0,,2084360,0,Erika Kokay
2024,3,COMBUSTÍVEIS E LUBRIFICANTES.,7706550,Nota Fiscal Eletrônica,4,2024-03-21T11:43:43,644363,160.0,http://www.camara.leg.br/cota-parlamentar/nota-fiscal-eletronica?ideDocumentoFiscal=7706550,ESTACAO SUL AUTO POSTO LTDA,06555245000161,160.0,0.0,,2023681,0,Erika Kokay
2024,9,COMBUSTÍVEIS E LUBRIFICANTES.,7807411,Nota Fiscal Eletrônica,4,2024-09-26T00:00:00,377246,281.91,http://www.camara.leg.br/cota-parlamentar/nota-fiscal-eletronica?ideDocumentoFiscal=7807411,"GOES COMBUSTIVEIS, LUBRIFICANTES E GLP LTDA",05454390000193,281.91,0.0,,2076307,0,Erika Kokay
2024,6,COMBUSTÍVEIS E LUBRIFICANTES.,7758794,Nota Fiscal Eletrônica,4,2024-06-21T22:44:29,78870,273.04,http://www.camara.leg.br/cota-parlamentar/nota-fiscal-eletronica?ideDocumentoFiscal=7758794,JT COMERCIO DE DERIVADOS DE PETROLEO LTDA (103 SUL),37128477000248,273.04,0.0,,2051641,0,Erika Kokay
2024,10,COMBUSTÍVEIS E LUBRIFICANTES.,7819730,Nota Fiscal Eletrônica,4,2024-10-22T11:51:03,87092,289.06,http://www.camara.leg.br/cota-parlamentar/nota-fiscal-eletronica?ideDocumentoFiscal=7819730,JT COMERCIO DE DERIVADOS DE PETROLEO LTDA (103 SUL),37128477000248,289.06,0.0,,2083262,0,Erika Kokay
2024,7,COMBUSTÍVEIS E LUBRIFICANTES.,7769851,Nota Fiscal Eletrônica,4,2024-07-11T13:33:43,307897,280.02,http://www.camara.leg.br/cota-parlamentar/nota-fiscal-eletronica?ideDocumentoFiscal=7769851,JT COMERCIO DE DERIVADOS DE PETROLEO LTDA (POSTO 210),37128477000167,280.02,0.0,,2057369,0,Erika Kokay
2024,4,COMBUSTÍVEIS E LUBRIFICANTES.,7720480,Nota Fiscal Eletrônica,4,2024-04-12T15:34:17,455457,100.0,http://www.camara.leg.br/cota-parlamentar/nota-fiscal-eletronica?ideDocumentoFiscal=7720480,PETRO RIOS COMERCIO DERIVADOS DE PETROLEO LTDA,38074571000143,100.0,0.0,,2031172,0,Erika Kokay
2024,2,COMBUSTÍVEIS E LUBRIFICANTES.,7689523,Nota Fiscal Eletrônica,4,2024-02-21T00:00:00,22829,254.64,http://www.camara.leg.br/cota-parlamentar/nota-fiscal-eletronica?ideDocumentoFiscal=7689523,PETRONORTE COMBUSTIVEIS LTDA,06071706000554,254.64,0.0,,2014405,0,Erika Kokay
2024,5,COMBUSTÍVEIS E LUBRIFICANTES.,7740517,Nota Fiscal Eletrônica,4,2024-05-22T00:00:00,26646,240.02,http://www.camara.leg.br/cota-parlamentar/nota-fiscal-eletronica?ideDocumentoFiscal=7740517,PETRONORTE COMBUSTIVEIS LTDA,06071706000554,240.02,0.0,,2042017,0,Erika Kokay
2024,4,COMBUSTÍVEIS E LUBRIFICANTES.,7714913,Nota Fiscal Eletrônica,4,2024-04-05T14:49:01,133062,273.4,http://www.camara.leg.br/cota-parlamentar/nota-fiscal-eletronica?ideDocumentoFiscal=7714913,POSTO 109 SUL DERIV DE PET LTDA,05158335000156,273.4,0.0,,2028180,0,Erika Kokay
2024,8,COMBUSTÍVEIS E LUBRIFICANTES.,7795588,Nota Fiscal Eletrônica,4,2024-08-31T19:01:51,135856,228.44,http://www.camara.leg.br/cota-parlamentar/nota-fiscal-eletronica?ideDocumentoFiscal=7795588,POSTO 109 SUL DERIV DE PET LTDA,05158335000156,228.44,0.0,,2070104,0,Erika Kokay
2024,5,COMBUSTÍVEIS E LUBRIFICANTES.,7738599,Nota Fiscal Eletrônica,4,2024-05-19T00:00:00,1755,270.61,http://www.camara.leg.br/cota-parlamentar/nota-fiscal-eletronica?ideDocumentoFiscal=7738599,POSTO 5 COMERCIO DE COMBUSTIVEIS LTDA,29055091000144,270.61,0.0,,2041043,0,Erika Kokay
2024,8,COMBUSTÍVEIS E LUBRIFICANTES.,7790941,Nota Fiscal Eletrônica,4,2024-08-18T12:00:20,183000,256.19,http://www.camara.leg.br/cota-parlamentar/nota-fiscal-eletronica?ideDocumentoFiscal=7790941,POSTO AVENIDA HÉLIO PRATES LTDA,10459168000113,256.19,0.0,,2067804,0,Erika Kokay
2024,9,COMBUSTÍVEIS E LUBRIFICANTES.,7805877,Nota Fiscal Eletrônica,4,2024-09-22T17:44:19,31782,255.49,http://www.camara.leg.br/cota-parlamentar/nota-fiscal-eletronica?ideDocumentoFiscal=7805877,POSTO CEILANDIA LTDA,00342436000169,255.49,0.0,,2075462,0,Erika Kokay
2024,11,COMBUSTÍVEIS E LUBRIFICANTES.,7831579,Nota Fiscal Eletrônica,4,2024-11-15T09:59:40,15407,286.68,http://www.camara.leg.br/cota-parlamentar/nota-fiscal-eletronica?ideDocumentoFiscal=7831579,POSTO DA 7 EIXINHO W SUL DERIVADOS DE PETROLEO LTDA,41768989000165,286.68,0.0,,2089670,0,Erika Kokay
2024,11,COMBUSTÍVEIS E LUBRIFICANTES.,7837799,Nota Fiscal Eletrônica,4,2024-11-29T17:05:46,15850,270.15,http://www.camara.leg.br/cota-parlamentar/nota-fiscal-eletronica?ideDocumentoFiscal=7837799,POSTO DA 7 EIXINHO W SUL DERIVADOS DE PETROLEO LTDA,41768989000165,270.15,0.0,,2092901,0,Erika Kokay
2024,9,COMBUSTÍVEIS E LUBRIFICANTES.,7797355,Nota Fiscal Eletrônica,4,2024-09-05T10:43:25,1271,250.04,http://www.camara.leg.br/cota-parlamentar/nota-fiscal-eletronica?ideDocumentoFiscal=7797355,POSTO DE COMBUSTIVEIS 206 LTDA,40084269000118,250.04,0.0,,2071087,0,Erika Kokay
2024,5,COMBUSTÍVEIS E LUBRIFICANTES.,7742496,Nota Fiscal Eletrônica,4,2024-05-27T16:25:04,3188,248.98,http://www.camara.leg.br/cota-parlamentar/nota-fiscal-eletronica?ideDocumentoFiscal=7742496,POSTO DE COMBUSTIVEIS 206 LTDA,40084269000118,248.98,0.0,,2042968,0,Erika Kokay
2024,3,COMBUSTÍVEIS E LUBRIFICANTES.,7702772,Nota Fiscal Eletrônica,4,2024-03-14T15:08:11,92589,160.56,http://www.camara.leg.br/cota-parlamentar/nota-fiscal-eletronica?ideDocumentoFiscal=7702772,POSTO DE COMBUSTIVEIS 206 LTDA,40084269000118,160.56,0.0,,2021731,0,Erika Kokay
2024,12,COMBUSTÍVEIS E LUBRIFICANTES.,7840454,Nota Fiscal Eletrônica,4,2024-12-05T09:12:26,30160,240.0,http://www.camara.leg.br/cota-parlamentar/nota-fiscal-eletronica?ideDocumentoFiscal=7840454,POSTO DE COMBUSTIVEIS 208 SUL EIRELI,20473943000149,240.0,0.0,,2094522,0,Erika Kokay
2024,2,COMBUSTÍVEIS E LUBRIFICANTES.,7689286,Nota Fiscal Eletrônica,4,2024-02-17T00:00:00,239469,262.21,http://www.camara.leg.br/cota-parlamentar/nota-fiscal-eletronica?ideDocumentoFiscal=7689286,POSTO DE COMBUSTIVEIS 214 SUL LTDA,08355825000130,262.21,0.0,,2014278,0,Erika Kokay
2024,2,COMBUSTÍVEIS E LUBRIFICANTES.,7692295,Nota Fiscal Eletrônica,4,2024-02-24T08:19:46,241043,253.45,http://www.camara.leg.br/cota-parlamentar/nota-fiscal-eletronica?ideDocumentoFiscal=7692295,POSTO DE COMBUSTIVEIS 214 SUL LTDA,08355825000130,253.45,0.0,,2015907,0,Erika Kokay
2024,5,COMBUSTÍVEIS E LUBRIFICANTES.,7736765,Nota Fiscal Eletrônica,4,2024-05-10T00:00:00,258524,227.05,http://www.camara.leg.br/cota-parlamentar/nota-fiscal-eletronica?ideDocumentoFiscal=7736765,POSTO DE COMBUSTIVEIS 214 SUL LTDA,08355825000130,227.05,0.0,,2040181,0,Erika Kokay
2024,12,COMBUSTÍVEIS E LUBRIFICANTES.,7842558,Nota Fiscal Eletrônica,4,2024-12-09T00:00:00,12432,274.71,http://www.camara.leg.br/cota-parlamentar/nota-fiscal-eletronica?ideDocumentoFiscal=7842558,POSTO DE COMBUSTIVEIS 306 SUL LTDA,32304523000118,274.71,0.0,,2095651,0,Erika Kokay
2024,12,COMBUSTÍVEIS E LUBRIFICANTES.,7844596,Nota Fiscal Eletrônica,4,2024-12-11T15:58:14,12603,200.0,http://www.camara.leg.br/cota-parlamentar/nota-fiscal-eletronica?ideDocumentoFiscal=7844596,POSTO DE COMBUSTIVEIS 306 SUL LTDA,32304523000118,200.0,0.0,,2096813,0,Erika Kokay
2024,12,COMBUSTÍVEIS E LUBRIFICANTES.,7845623,Nota Fiscal Eletrônica,4,2024-12-12T16:19:27,12696,200.0,http://www.camara.leg.br/cota-parlamentar/nota-fiscal-eletronica?ideDocumentoFiscal=7845623,POSTO DE COMBUSTIVEIS 306 SUL LTDA,32304523000118,200.0,0.0,,2097327,0,Erika Kokay
2024,12,COMBUSTÍVEIS E LUBRIFICANTES.,7845618,Nota Fiscal Eletrônica,4,2024-12-12T00:00:00,12698,163.21,http://www.camara.leg.br/cota-parlamentar/nota-fiscal-eletronica?ideDocumentoFiscal=7845618,POSTO DE COMBUSTIVEIS 306 SUL LTDA,32304523000118,163.21,0.0,,2097327,0,Erika Kokay
2024,11,COMBUSTÍVEIS E LUBRIFICANTES.,7834078,Nota Fiscal Eletrônica,4,2024-11-23T00:00:00,14654,280.7,http://www.camara.leg.br/cota-parlamentar/nota-fiscal-eletronica?ideDocumentoFiscal=7834078,POSTO DE COMBUSTIVEIS 306 SUL LTDA,32304523000118,280.7,0.0,,2091034,0,Erika Kokay
2024,2,COMBUSTÍVEIS E LUBRIFICANTES.,7684358,Nota Fiscal Eletrônica,4,2024-01-31T00:00:00,27015,260.01,http://www.camara.leg.br/cota-parlamentar/nota-fiscal-eletronica?ideDocumentoFiscal=7684358,POSTO DE COMBUSTIVEIS 306 SUL LTDA,32304523000118,260.01,0.0,,2011701,0,Erika Kokay
2024,2,COMBUSTÍVEIS E LUBRIFICANTES.,7693836,Nota Fiscal Eletrônica,4,2024-02-29T09:12:42,29241,160.06,http://www.camara.leg.br/cota-parlamentar/nota-fiscal-eletronica?ideDocumentoFiscal=7693836,POSTO DE COMBUSTIVEIS 306 SUL LTDA,32304523000118,160.06,0.0,,2016767,0,Erika Kokay
2024,3,COMBUSTÍVEIS E LUBRIFICANTES.,7699648,Nota Fiscal Eletrônica,4,2024-03-08T00:00:00,29946,150.01,http://www.camara.leg.br/cota-parlamentar/nota-fiscal-eletronica?ideDocumentoFiscal=7699648,POSTO DE COMBUSTIVEIS 306 SUL LTDA,32304523000118,150.01,0.0,,2020072,0,Erika Kokay
2024,2,COMBUSTÍVEIS E LUBRIFICANTES.,7686092,Nota Fiscal Eletrônica,4,2024-02-13T00:00:00,313639,160.01,http://www.camara.leg.br/cota-parlamentar/nota-fiscal-eletronica?ideDocumentoFiscal=7686092,POSTO DE COMBUSTIVEIS 306 SUL LTDA,32304523000118,160.01,0.0,,2012588,0,Erika Kokay
2024,3,COMBUSTÍVEIS E LUBRIFICANTES.,7707486,Nota Fiscal Eletrônica,4,2024-03-24T09:19:56,316395,170.0,http://www.camara.leg.br/cota-parlamentar/nota-fiscal-eletronica?ideDocumentoFiscal=7707486,POSTO DE COMBUSTIVEIS 306 SUL LTDA,32304523000118,170.0,0.0,,2024240,0,Erika Kokay
2024,4,COMBUSTÍVEIS E LUBRIFICANTES.,7722499,Nota Fiscal Eletrônica,4,2024-04-15T00:00:00,14354,263.24,http://www.camara.leg.br/cota-parlamentar/nota-fiscal-eletronica?ideDocumentoFiscal=7722499,POSTO DE COMBUSTIVEIS 309 SUL LTDA,32216743000190,263.24,0.0,,2032248,0,Erika Kokay
2024,9,COMBUSTÍVEIS E LUBRIFICANTES.,7807659,Nota Fiscal Eletrônica,4,2024-09-28T00:00:00,235262,298.71,http://www.camara.leg.br/cota-parlamentar/nota-fiscal-eletronica?ideDocumentoFiscal=7807659,POSTO DE COMBUSTIVEIS 309 SUL LTDA,32216743000190,298.71,0.0,,2076442,0,Erika Kokay
2024,12,COMBUSTÍVEIS E LUBRIFICANTES.,7842541,Nota Fiscal Eletrônica,4,2024-12-07T00:00:00,3556,277.51,http://www.camara.leg.br/cota-parlamentar/nota-fiscal-eletronica?ideDocumentoFiscal=7842541,POSTO DE COMBUSTIVEIS 310 SUL LTDA,32590257000137,277.51,0.0,,2095648,0,Erika Kokay
2024,3,COMBUSTÍVEIS E LUBRIFICANTES.,7710611,Nota Fiscal Eletrônica,4,2024-03-27T12:34:27,3101,155.02,http://www.camara.leg.br/cota-parlamentar/nota-fiscal-eletronica?ideDocumentoFiscal=7710611,POSTO DE COMBUSTIVEIS CONNECTA CEILANDIA SUL LTDA,12123780000146,155.02,0.0,,2025845,0,Erika Kokay
2024,10,COMBUSTÍVEIS E LUBRIFICANTES.,7825118,Nota Fiscal Eletrônica,4,2024-10-31T19:21:13,349250,260.55,http://www.camara.leg.br/cota-parlamentar/nota-fiscal-eletronica?ideDocumentoFiscal=7825118,POSTO DE COMBUSTIVEIS SAO RAFAEL LTDA,53600984000108,260.55,0.0,,2086107,0,Erika Kokay
2024,1,COMBUSTÍVEIS E LUBRIFICANTES.,7675511,Nota Fiscal Eletrônica,4,2024-01-15T10:22:13,100761,256.8,http://www.camara.leg.br/cota-parlamentar/nota-fiscal-eletronica?ideDocumentoFiscal=7675511,POSTO ITAMARATY LTDA,00314831000138,256.8,0.0,,2006176,0,Erika Kokay
2024,7,COMBUSTÍVEIS E LUBRIFICANTES.,7790027,Nota Fiscal Eletrônica,4,2024-07-19T00:00:00,382827,263.38,http://www.camara.leg.br/cota-parlamentar/nota-fiscal-eletronica?ideDocumentoFiscal=7790027,POSTO ITAMARATY LTDA,00314831000138,263.38,0.0,,2067246,0,Erika Kokay
2024,7,COMBUSTÍVEIS E LUBRIFICANTES.,7771519,Nota Fiscal Eletrônica,4,2024-07-15T09:41:33,280547,228.8,http://www.camara.leg.br/cota-parlamentar/nota-fiscal-eletronica?ideDocumentoFiscal=7771519,POSTO SANTO EXPEDITO LTDA,35804521000186,228.8,0.0,,2058196,0,Erika Kokay
2024,8,COMBUSTÍVEIS E LUBRIFICANTES.,7793656,Nota Fiscal Eletrônica,4,2024-08-29T00:00:00,304981,256.86,http://www.camara.leg.br/cota-parlamentar/nota-fiscal-eletronica?ideDocumentoFiscal=7793656,POSTO SANTO EXPEDITO LTDA,35804521000186,256.86,0.0,,2069136,0,Erika Kokay
2024,9,COMBUSTÍVEIS E LUBRIFICANTES.,7804395,Nota Fiscal Eletrônica,4,2024-09-19T09:07:00,316540,296.43,http://www.camara.leg.br/cota-parlamentar/nota-fiscal-eletronica?ideDocumentoFiscal=7804395,POSTO SANTO EXPEDITO LTDA,35804521000186,296.43,0.0,,2074670,0,Erika Kokay
2024,10,COMBUSTÍVEIS E LUBRIFICANTES.,7816713,Nota Fiscal Eletrônica,4,2024-10-11T12:34:14,327704,297.84,http://www.camara.leg.br/cota-parlamentar/nota-fiscal-eletronica?ideDocumentoFiscal=7816713,POSTO SANTO EXPEDITO LTDA,35804521000186,297.84,0.0,,2081681,0,Erika Kokay
2024,12,COMBUSTÍVEIS E LUBRIFICANTES.,7846759,Nota Fiscal Eletrônica,4,2024-12-16T13:48:38,360166,267.49,http://www.camara.leg.br/cota-parlamentar/nota-fiscal-eletronica?ideDocumentoFiscal=7846759,POSTO SANTO EXPEDITO LTDA,35804521000186,267.49,0.0,,2097912,0,Erika Kokay
2024,10,COMBUSTÍVEIS E LUBRIFICANTES.,7812345,Nota Fiscal Eletrônica,4,2024-10-07T00:00:00,540,297.63,http://www.camara.leg.br/cota-parlamentar/nota-fiscal-eletronica?ideDocumentoFiscal=7812345,POSTO SANTO EXPEDITO LTDA,35804521000186,297.63,0.0,,2079463,0,Erika Kokay
2024,5,COMBUSTÍVEIS E LUBRIFICANTES.,7736696,Nota Fiscal Eletrônica,4,2024-05-16T00:00:00,702847,246.31,http://www.camara.leg.br/cota-parlamentar/nota-fiscal-eletronica?ideDocumentoFiscal=7736696,SAIDA SUL POSTOS E SERVICOS LTDA,24702153000149,246.31,0.0,,2040152,0,Erika Kokay
2024,2,COMBUSTÍVEIS E LUBRIFICANTES.,7684475,Nota Fiscal Eletrônica,4,2024-02-08T00:00:00,369772,245.18,http://www.camara.leg.br/cota-parlamentar/nota-fiscal-eletronica?ideDocumentoFiscal=7684475,SMAFF COMBUSTIVEIS LTDA,05662975000107,245.18,0.0,,2011701,0,Erika Kokay
2024,6,COMBUSTÍVEIS E LUBRIFICANTES.,7762007,Nota Fiscal Eletrônica,4,2024-06-29T21:56:03,201458,252.01,http://www.camara.leg.br/cota-parlamentar/nota-fiscal-eletronica?ideDocumentoFiscal=7762007,SR ESPLANADA COMERCIO VAREJISTA DE COMBUSTIVEIS LTDA,28932629000199,252.01,0.0,,2053277,0,Erika Kokay
2024,4,COMBUSTÍVEIS E LUBRIFICANTES.,7713204,Nota Fiscal Eletrônica,4,2024-04-02T00:00:00,70223,670.0,http://www.camara.leg.br/cota-parlamentar/nota-fiscal-eletronica?ideDocumentoFiscal=7713204,TECAR SIA VEICULOS E SERVICOS LTDA,31977173000198,281.12,388.88,,2027225,0,Erika Kokay
2024,7,COMBUSTÍVEIS E LUBRIFICANTES.,7767133,Nota Fiscal Eletrônica,4,2024-07-02T00:00:00,73400,305.3,http://www.camara.leg.br/cota-parlamentar/nota-fiscal-eletronica?ideDocumentoFiscal=7767133,TECAR SIA VEICULOS E SERVICOS LTDA,31977173000198,305.3,0.0,,2055979,0,Erika Kokay
2024,10,COMBUSTÍVEIS E LUBRIFICANTES.,7809592,Nota Fiscal Eletrônica,4,2024-10-01T00:00:00,76846,296.56,http://www.camara.leg.br/cota-parlamentar/nota-fiscal-eletronica?ideDocumentoFiscal=7809592,TECAR SIA VEICULOS E SERVICOS LTDA,31977173000198,296.56,0.0,,2077459,0,Erika Kokay
2024,3,DIVULGAÇÃO DA ATIVIDADE PARLAMENTAR.,7723713,Nota Fiscal Eletrônica,4,2024-04-09T00:00:00,444,10658.0,http://www.camara.leg.br/cota-parlamentar/nota-fiscal-eletronica?ideDocumentoFiscal=7723713,NOBRE SERVICOS GRAFICOS CONFECCAO E PUBLICIDADE LTDA,42557257000199,10068.0,590.0,,2032805,0,Erika Kokay
2024,10,DIVULGAÇÃO DA ATIVIDADE PARLAMENTAR.,7824662,Nota Fiscal Eletrônica,4,2024-10-31T00:00:00,572,12800.0,http://www.camara.leg.br/cota-parlamentar/nota-fiscal-eletronica?ideDocumentoFiscal=7824662,NOBRE SERVICOS GRAFICOS CONFECCAO E PUBLICIDADE LTDA,42557257000199,12800.0,0.0,,2085820,0,Erika Kokay
2024,1,DIVULGAÇÃO DA ATIVIDADE PARLAMENTAR.,7678313,Nota Fiscal,0,2024-01-26T00:00:00,15783,30954.0,https://www.camara.leg.br/cota-parlamentar/documentos/publ/2403/2024/7678313.pdf,WORKING ASSOCIAÇÃO DE INTEGRAÇÃO PROFISSIONAL,08865615000192,30954.0,0.0,,2007733,0,Erika Kokay
2024,2,DIVULGAÇÃO DA ATIVIDADE PARLAMENTAR.,7691628,Nota Fiscal,0,2024-02-26T00:00:00,16327,31789.0,https://www.camara.leg.br/cota-parlamentar/documentos/publ/2403/2024/7691628.pdf,WORKING ASSOCIAÇÃO DE INTEGRAÇÃO PROFISSIONAL,08865615000192,31789.0,0.0,,2015579,0,Erika Kokay
2024,3,DIVULGAÇÃO DA ATIVIDADE PARLAMENTAR.,7709699,Nota Fiscal,0,2024-03-25T00:00:00,16898,29550.0,https://www.camara.leg.br/cota-parlamentar/documentos/publ/2403/2024/7709699.pdf,WORKING ASSOCIAÇÃO DE INTEGRAÇÃO PROFISSIONAL,08865615000192,29550.0,0.0,,2025345,0,Erika Kokay
2024,4,DIVULGAÇÃO DA ATIVIDADE PARLAMENTAR.,7726667,Nota Fiscal,0,2024-04-29T00:00:00,17594,30300.0,https://www.camara.leg.br/cota-parlamentar/documentos/publ/2403/2024/7726667.pdf,WORKING ASSOCIAÇÃO DE INTEGRAÇÃO PROFISSIONAL,08865615000192,30300.0,0.0,,2034319,0,Erika Kokay
2024,5,DIVULGAÇÃO DA ATIVIDADE PARLAMENTAR.,7742511,Nota Fiscal,0,2024-05-27T00:00:00,18210,28590.0,https://www.camara.leg.br/cota-parlamentar/documentos/publ/2403/2024/7742511.pdf,WORKING ASSOCIAÇÃO DE INTEGRAÇÃO PROFISSIONAL,08865615000192,28590.0,0.0,,2042976,0,Erika Kokay
2024,6,DIVULGAÇÃO DA ATIVIDADE PARLAMENTAR.,7758501,Nota Fiscal,0,2024-06-24T00:00:00,18814,34500.0,https://www.camara.leg.br/cota-parlamentar/documentos/publ/2403/2024/7758501.pdf,WORKING ASSOCIAÇÃO DE INTEGRAÇÃO PROFISSIONAL,08865615000192,34500.0,0.0,,2051470,0,Erika Kokay
2024,7,DIVULGAÇÃO DA ATIVIDADE PARLAMENTAR.,7774325,Nota Fiscal,0,2024-07-22T00:00:00,19411,32450.0,https://www.camara.leg.br/cota-parlamentar/documentos/publ/2403/2024/7774325.pdf,WORKING ASSOCIAÇÃO DE INTEGRAÇÃO PROFISSIONAL,08865615000192,32450.0,0.0,,2059600,0,Erika Kokay
2024,8,DIVULGAÇÃO DA ATIVIDADE PARLAMENTAR.,7793327,Nota Fiscal,0,2024-08-28T00:00:00,20134,32600.0,https://www.camara.leg.br/cota-parlamentar/documentos/publ/2403/2024/7793327.pdf,WORKING ASSOCIAÇÃO DE INTEGRAÇÃO PROFISSIONAL,08865615000192,32600.0,0.0,,2068944,0,Erika Kokay
2024,9,DIVULGAÇÃO DA ATIVIDADE PARLAMENTAR.,7808716,Nota Fiscal,0,2024-09-27T00:00:00,20832,33200.0,https://www.camara.leg.br/cota-parlamentar/documentos/publ/2403/2024/7808716.pdf,WORKING ASSOCIAÇÃO DE INTEGRAÇÃO PROFISSIONAL,08865615000192,33200.0,0.0,,2076994,0,Erika Kokay
2024,10,DIVULGAÇÃO DA ATIVIDADE PARLAMENTAR.,7823600,Nota Fiscal,0,2024-10-30T00:00:00,21544,29645.0,https://www.camara.leg.br/cota-parlamentar/documentos/publ/2403/2024/7823600.pdf,WORKING ASSOCIAÇÃO DE INTEGRAÇÃO PROFISSIONAL,08865615000192,29645.0,0.0,,2085216,0,Erika Kokay
2024,11,DIVULGAÇÃO DA ATIVIDADE PARLAMENTAR.,7833231,Nota Fiscal,0,2024-11-21T00:00:00,22099,39800.0,https://www.camara.leg.br/cota-parlamentar/documentos/publ/2403/2024/7833231.pdf,WORKING ASSOCIAÇÃO DE INTEGRAÇÃO PROFISSIONAL,08865615000192,39800.0,0.0,,2090583,0,Erika Kokay
2024,12,DIVULGAÇÃO DA ATIVIDADE PARLAMENTAR.,7848887,Nota Fiscal,0,2024-12-18T00:00:00,22818,23800.0,https://www.camara.leg.br/cota-parlamentar/documentos/publ/2403/2024/7848887.pdf,WORKING ASSOCIAÇÃO DE INTEGRAÇÃO PROFISSIONAL,08865615000192,23800.0,0.0,,2098984,0,Erika Kokay
2024,1,TELEFONIA,0,Nota Fiscal,0,2024-02-16T00:00:00,7801130,96.0,,CELULAR FUNCIONAL,00000000000001,96.0,0.0,0,0,0,Erika Kokay
2024,1,TELEFONIA,0,Nota Fiscal,0,2024-02-16T00:00:00,7801156,209.36,,CELULAR FUNCIONAL,00000000000001,209.36,0.0,0,0,0,Erika Kokay
2024,5,ASSINATURA DE PUBLICAÇÕES,7734262,Nota Fiscal,0,2024-05-13T00:00:00,80704,433.57,https://www.camara.leg.br/cota-parlamentar/documentos/publ/2403/2024/7734262.pdf,S/A CORREIO BRAZILIENSE,00001172000180,433.57,0.0,,2038917,0,Erika Kokay
2024,5,"SERVIÇO DE TÁXI, PEDÁGIO E ESTACIONAMENTO",7755496,Recibos/Outros,1,2024-05-06T00:00:00,s/n,12.6,https://www.camara.leg.br/cota-parlamentar/documentos/publ/2403/2024/7755496.pdf,99 Tecnologia LTDA,18033552000595,12.6,0.0,,2049970,0,Erika Kokay
2024,5,"SERVIÇO DE TÁXI, PEDÁGIO E ESTACIONAMENTO",7755491,Recibos/Outros,1,2024-05-06T00:00:00,s/n,15.3,https://www.camara.leg.br/cota-parlamentar/documentos/publ/2403/2024/7755491.pdf,99 Tecnologia LTDA,18033552000595,15.3,0.0,,2049970,0,Erika Kokay
2024,8,"SERVIÇO DE TÁXI, PEDÁGIO E ESTACIONAMENTO",7802242,Recibos/Outros,1,2024-08-28T00:00:00,000123,18.98,https://www.camara.leg.br/cota-parlamentar/documentos/publ/2403/2024/7802242.pdf,UBER DO BRASIL TECNOLOGIA LTDA.,17895646000187,16.88,2.1,,2073557,0,Erika Kokay
2024,5,"SERVIÇO DE TÁXI, PEDÁGIO E ESTACIONAMENTO",7755154,Recibos/Outros,1,2024-05-28T00:00:00,003001,12.9,https://www.camara.leg.br/cota-parlamentar/documentos/publ/2403/2024/7755154.pdf,UBER DO BRASIL TECNOLOGIA LTDA.,17895646000187,12.9,0.0,,2049785,0,Erika Kokay
2024,3,"SERVIÇO DE TÁXI, PEDÁGIO E ESTACIONAMENTO",7712642,Recibos/Outros,1,2024-03-06T00:00:00,003235,27.9,https://www.camara.leg.br/cota-parlamentar/documentos/publ/2403/2024/7712642.pdf,UBER DO BRASIL TECNOLOGIA LTDA.,17895646000187,27.9,0.0,,2026993,0,Erika Kokay
2024,9,"SERVIÇO DE TÁXI, PEDÁGIO E ESTACIONAMENTO",7816825,Recibos/Outros,1,2024-09-09T00:00:00,003825,18.95,https://www.camara.leg.br/cota-parlamentar/documentos/publ/2403/2024/7816825.pdf,UBER DO BRASIL TECNOLOGIA LTDA.,17895646000187,17.35,1.6,,2081765,0,Erika Kokay
2024,9,"SERVIÇO DE TÁXI, PEDÁGIO E ESTACIONAMENTO",7816872,Recibos/Outros,1,2024-09-24T00:00:00,010146,7.96,https://www.camara.leg.br/cota-parlamentar/documentos/publ/2403/2024/7816872.pdf,UBER DO BRASIL TECNOLOGIA LTDA.,17895646000187,7.96,0.0,,2081766,0,Erika Kokay
2024,10,"SERVIÇO DE TÁXI, PEDÁGIO E ESTACIONAMENTO",7838251,Recibos/Outros,1,2024-10-01T00:00:00,01104292,42.92,https://www.camara.leg.br/cota-parlamentar/documentos/publ/2403/2024/7838251.pdf,UBER DO BRASIL TECNOLOGIA LTDA.,17895646000187,42.92,0.0,,2093194,0,Erika Kokay
2024,5,"SERVIÇO DE TÁXI, PEDÁGIO E ESTACIONAMENTO",7738756,Recibos/Outros,1,2024-05-03T00:00:00,03051115,11.15,https://www.camara.leg.br/cota-parlamentar/documentos/publ/2403/2024/7738756.pdf,UBER DO BRASIL TECNOLOGIA LTDA.,17895646000187,11.15,0.0,,2041119,0,Erika Kokay
2024,5,"SERVIÇO DE TÁXI, PEDÁGIO E ESTACIONAMENTO",7737913,Recibos/Outros,1,2024-05-03T00:00:00,03051980,19.8,https://www.camara.leg.br/cota-parlamentar/documentos/publ/2403/2024/7737913.pdf,UBER DO BRASIL TECNOLOGIA LTDA.,17895646000187,19.8,0.0,,2040683,0,Erika Kokay
2024,10,"SERVIÇO DE TÁXI, PEDÁGIO E ESTACIONAMENTO",7816954,Recibos/Outros,1,2024-10-03T00:00:00,03101593,15.93,https://www.camara.leg.br/cota-parlamentar/documentos/publ/2403/2024/7816954.pdf,UBER DO BRASIL TECNOLOGIA LTDA.,17895646000187,15.93,0.0,,2081824,0,Erika Kokay
2024,6,"SERVIÇO DE TÁXI, PEDÁGIO E ESTACIONAMENTO",7755640,Recibos/Outros,1,2024-06-05T00:00:00,05061996,19.96,https://www.camara.leg.br/cota-parlamentar/documentos/publ/2403/2024/7755640.pdf,UBER DO BRASIL TECNOLOGIA LTDA.,17895646000187,19.96,0.0,,2050034,0,Erika Kokay
2024,6,"SERVIÇO DE TÁXI, PEDÁGIO E ESTACIONAMENTO",7777533,Recibos/Outros,1,2024-07-06T00:00:00,06071998,19.98,https://www.camara.leg.br/cota-parlamentar/documentos/publ/2403/2024/7777533.pdf,UBER DO BRASIL TECNOLOGIA LTDA.,17895646000187,19.98,0.0,,2061153,0,Erika Kokay
2024,5,"SERVIÇO DE TÁXI, PEDÁGIO E ESTACIONAMENTO",7738003,Recibos/Outros,1,2024-05-07T00:00:00,07053499,34.99,https://www.camara.leg.br/cota-parlamentar/documentos/publ/2403/2024/7738003.pdf,UBER DO BRASIL TECNOLOGIA LTDA.,17895646000187,34.99,0.0,,2040733,0,Erika Kokay
2024,5,"SERVIÇO DE TÁXI, PEDÁGIO E ESTACIONAMENTO",7738009,Recibos/Outros,1,2024-05-07T00:00:00,07054994,49.94,https://www.camara.leg.br/cota-parlamentar/documentos/publ/2403/2024/7738009.pdf,UBER DO BRASIL TECNOLOGIA LTDA.,17895646000187,49.94,0.0,,2040733,0,Erika Kokay
2024,10,"SERVIÇO DE TÁXI, PEDÁGIO E ESTACIONAMENTO",7816951,Recibos/Outros,1,2024-10-08T00:00:00,08101597,15.97,https://www.camara.leg.br/cota-parlamentar/documentos/publ/2403/2024/7816951.pdf,UBER DO BRASIL TECNOLOGIA LTDA.,17895646000187,15.97,0.0,,2081824,0,Erika Kokay
2024,10,"SERVIÇO DE TÁXI, PEDÁGIO E ESTACIONAMENTO",7817074,Recibos/Outros,1,2024-10-01T00:00:00,09101070,10.7,https://www.camara.leg.br/cota-parlamentar/documentos/publ/2403/2024/7817074.pdf,UBER DO BRASIL TECNOLOGIA LTDA.,17895646000187,10.7,0.0,,2081860,0,Erika Kokay
2024,10,"SERVIÇO DE TÁXI, PEDÁGIO E ESTACIONAMENTO",7817073,Recibos/Outros,1,2024-10-02T00:00:00,09101097,10.97,https://www.camara.leg.br/cota-parlamentar/documentos/publ/2403/2024/7817073.pdf,UBER DO BRASIL TECNOLOGIA LTDA.,17895646000187,10.97,0.0,,2081860,0,Erika Kokay
2024,10,"SERVIÇO DE TÁXI, PEDÁGIO E ESTACIONAMENTO",7817076,Recibos/Outros,1,2024-10-03T00:00:00,09101392,13.92,https://www.camara.leg.br/cota-parlamentar/documentos/publ/2403/2024/7817076.pdf,UBER DO BRASIL TECNOLOGIA LTDA.,17895646000187,13.92,0.0,,2081860,0,Erika Kokay
2024,10,"SERVIÇO DE TÁXI, PEDÁGIO E ESTACIONAMENTO",7817070,Recibos/Outros,1,2024-10-08T00:00:00,09101492,14.92,https://www.camara.leg.br/cota-parlamentar/documentos/publ/2403/2024/7817070.pdf,UBER DO BRASIL TECNOLOGIA LTDA.,17895646000187,14.92,0.0,,2081860,0,Erika Kokay
2024,10,"SERVIÇO DE TÁXI, PEDÁGIO E ESTACIONAMENTO",7817079,Recibos/Outros,1,2024-10-08T00:00:00,09101797,17.97,https://www.camara.leg.br/cota-parlamentar/documentos/publ/2403/2024/7817079.pdf,UBER DO BRASIL TECNOLOGIA LTDA.,17895646000187,17.97,0.0,,2081860,0,Erika Kokay
2024,10,"SERVIÇO DE TÁXI, PEDÁGIO E ESTACIONAMENTO",7838248,Recibos/Outros,1,2024-10-09T00:00:00,09104996,49.96,https://www.camara.leg.br/cota-parlamentar/documentos/publ/2403/2024/7838248.pdf,UBER DO BRASIL TECNOLOGIA LTDA.,17895646000187,49.96,0.0,,2093194,0,Erika Kokay
2024,5,"SERVIÇO DE TÁXI, PEDÁGIO E ESTACIONAMENTO",7738728,Recibos/Outros,1,2024-05-10T00:00:00,10056993,69.93,https://www.camara.leg.br/cota-parlamentar/documentos/publ/2403/2024/7738728.pdf,UBER DO BRASIL TECNOLOGIA LTDA.,17895646000187,69.93,0.0,,2041119,0,Erika Kokay
2024,6,"SERVIÇO DE TÁXI, PEDÁGIO E ESTACIONAMENTO",7755648,Recibos/Outros,1,2024-06-10T00:00:00,10061066,10.66,https://www.camara.leg.br/cota-parlamentar/documentos/publ/2403/2024/7755648.pdf,UBER DO BRASIL TECNOLOGIA LTDA.,17895646000187,10.66,0.0,,2050034,0,Erika Kokay
2024,6,"SERVIÇO DE TÁXI, PEDÁGIO E ESTACIONAMENTO",7755642,Recibos/Outros,1,2024-06-10T00:00:00,10061817,18.17,https://www.camara.leg.br/cota-parlamentar/documentos/publ/2403/2024/7755642.pdf,UBER DO BRASIL TECNOLOGIA LTDA.,17895646000187,18.17,0.0,,2050034,0,Erika Kokay
2024,10,"SERVIÇO DE TÁXI, PEDÁGIO E ESTACIONAMENTO",7816981,Recibos/Outros,1,2024-09-10T00:00:00,10093199,31.99,https://www.camara.leg.br/cota-parlamentar/documentos/publ/2403/2024/7816981.pdf,UBER DO BRASIL TECNOLOGIA LTDA.,17895646000187,31.99,0.0,,2081824,0,Erika Kokay
2024,10,"SERVIÇO DE TÁXI, PEDÁGIO E ESTACIONAMENTO",7816950,Recibos/Outros,1,2024-10-10T00:00:00,101011290,12.9,https://www.camara.leg.br/cota-parlamentar/documentos/publ/2403/2024/7816950.pdf,UBER DO BRASIL TECNOLOGIA LTDA.,17895646000187,12.9,0.0,,2081824,0,Erika Kokay
2024,10,"SERVIÇO DE TÁXI, PEDÁGIO E ESTACIONAMENTO",7816948,Recibos/Outros,1,2024-10-10T00:00:00,10101298,12.98,https://www.camara.leg.br/cota-parlamentar/documentos/publ/2403/2024/7816948.pdf,UBER DO BRASIL TECNOLOGIA LTDA.,17895646000187,12.98,0.0,,2081824,0,Erika Kokay
2024,3,"SERVIÇO DE TÁXI, PEDÁGIO E ESTACIONAMENTO",7703829,Recibos/Outros,1,2024-02-06T00:00:00,110540,19.92,https://www.camara.leg.br/cota-parlamentar/documentos/publ/2403/2024/7703829.pdf,UBER DO BRASIL TECNOLOGIA LTDA.,17895646000187,19.92,0.0,,2022241,0,Erika Kokay
2024,5,"SERVIÇO DE TÁXI, PEDÁGIO E ESTACIONAMENTO",7755018,Recibos/Outros,1,2024-06-07T00:00:00,110956,12.93,https://www.camara.leg.br/cota-parlamentar/documentos/publ/2403/2024/7755018.pdf,UBER DO BRASIL TECNOLOGIA LTDA.,17895646000187,12.93,0.0,,2049783,0,Erika Kokay
2024,10,"SERVIÇO DE TÁXI, PEDÁGIO E ESTACIONAMENTO",7838247,Recibos/Outros,1,2024-10-11T00:00:00,11104990,49.9,https://www.camara.leg.br/cota-parlamentar/documentos/publ/2403/2024/7838247.pdf,UBER DO BRASIL TECNOLOGIA LTDA.,17895646000187,49.9,0.0,,2093194,0,Erika Kokay
2024,3,"SERVIÇO DE TÁXI, PEDÁGIO E ESTACIONAMENTO",7703832,Recibos/Outros,1,2024-02-07T00:00:00,111317,24.93,https://www.camara.leg.br/cota-parlamentar/documentos/publ/2403/2024/7703832.pdf,UBER DO BRASIL TECNOLOGIA LTDA.,17895646000187,24.93,0.0,,2022241,0,Erika Kokay
2024,6,"SERVIÇO DE TÁXI, PEDÁGIO E ESTACIONAMENTO",7770199,Recibos/Outros,1,2024-06-27T00:00:00,111900,14.96,https://www.camara.leg.br/cota-parlamentar/documentos/publ/2403/2024/7770199.pdf,UBER DO BRASIL TECNOLOGIA LTDA.,17895646000187,14.96,0.0,,2057529,0,Erika Kokay
2024,3,"SERVIÇO DE TÁXI, PEDÁGIO E ESTACIONAMENTO",7712677,Recibos/Outros,1,2024-03-14T00:00:00,112407,13.97,https://www.camara.leg.br/cota-parlamentar/documentos/publ/2403/2024/7712677.pdf,UBER DO BRASIL TECNOLOGIA LTDA.,17895646000187,13.97,0.0,,2026994,0,Erika Kokay
2024,3,"SERVIÇO DE TÁXI, PEDÁGIO E ESTACIONAMENTO",7712650,Recibos/Outros,1,2024-03-08T00:00:00,113018,10.99,https://www.camara.leg.br/cota-parlamentar/documentos/publ/2403/2024/7712650.pdf,UBER DO BRASIL TECNOLOGIA LTDA.,17895646000187,10.99,0.0,,2027000,0,Erika Kokay
2024,5,"SERVIÇO DE TÁXI, PEDÁGIO E ESTACIONAMENTO",7755039,Recibos/Outros,1,2024-05-09T00:00:00,113542,11.97,https://www.camara.leg.br/cota-parlamentar/documentos/publ/2403/2024/7755039.pdf,UBER DO BRASIL TECNOLOGIA LTDA.,17895646000187,11.97,0.0,,2049783,0,Erika Kokay
2024,3,"SERVIÇO DE TÁXI, PEDÁGIO E ESTACIONAMENTO",7703843,Recibos/Outros,1,2024-02-22T00:00:00,113707,11.98,https://www.camara.leg.br/cota-parlamentar/documentos/publ/2403/2024/7703843.pdf,UBER DO BRASIL TECNOLOGIA LTDA.,17895646000187,11.98,0.0,,2022241,0,Erika Kokay
2024,1,"SERVIÇO DE TÁXI, PEDÁGIO E ESTACIONAMENTO",7685345,Recibos/Outros,1,2024-01-26T00:00:00,114620,10.92,https://www.camara.leg.br/cota-parlamentar/documentos/publ/2403/2024/7685345.pdf,UBER DO BRASIL TECNOLOGIA LTDA.,17895646000187,10.92,0.0,,2012197,0,Erika Kokay
2024,5,"SERVIÇO DE TÁXI, PEDÁGIO E ESTACIONAMENTO",7755061,Recibos/Outros,1,2024-05-14T00:00:00,115018,13.9,https://www.camara.leg.br/cota-parlamentar/documentos/publ/2403/2024/7755061.pdf,UBER DO BRASIL TECNOLOGIA LTDA.,17895646000187,13.9,0.0,,2049783,0,Erika Kokay
2024,3,"SERVIÇO DE TÁXI, PEDÁGIO E ESTACIONAMENTO",7712654,Recibos/Outros,1,2024-03-11T00:00:00,115157,10.92,https://www.camara.leg.br/cota-parlamentar/documentos/publ/2403/2024/7712654.pdf,UBER DO BRASIL TECNOLOGIA LTDA.,17895646000187,10.92,0.0,,2026993,0,Erika Kokay
2024,3,"SERVIÇO DE TÁXI, PEDÁGIO E ESTACIONAMENTO",7712660,Recibos/Outros,1,2024-03-13T00:00:00,115416,11.92,https://www.camara.leg.br/cota-parlamentar/documentos/publ/2403/2024/7712660.pdf,UBER DO BRASIL TECNOLOGIA LTDA.,17895646000187,11.92,0.0,,2026994,0,Erika Kokay
2024,3,"SERVIÇO DE TÁXI, PEDÁGIO E ESTACIONAMENTO",7703867,Recibos/Outros,1,2024-02-28T00:00:00,115622,6.96,https://www.camara.leg.br/cota-parlamentar/documentos/publ/2403/2024/7703867.pdf,UBER DO BRASIL TECNOLOGIA LTDA.,17895646000187,6.96,0.0,,2022242,0,Erika Kokay
2024,2,"SERVIÇO DE TÁXI, PEDÁGIO E ESTACIONAMENTO",7696806,Recibos/Outros,1,2024-02-19T00:00:00,1195,11.95,https://www.camara.leg.br/cota-parlamentar/documentos/publ/2403/2024/7696806.pdf,UBER DO BRASIL TECNOLOGIA LTDA.,17895646000187,11.95,0.0,,2018442,0,Erika Kokay
2024,6,"SERVIÇO DE TÁXI, PEDÁGIO E ESTACIONAMENTO",7770197,Recibos/Outros,1,2024-06-26T00:00:00,120554,14.98,https://www.camara.leg.br/cota-parlamentar/documentos/publ/2403/2024/7770197.pdf,UBER DO BRASIL TECNOLOGIA LTDA.,17895646000187,14.98,0.0,,2057529,0,Erika Kokay
2024,5,"SERVIÇO DE TÁXI, PEDÁGIO E ESTACIONAMENTO",7755102,Recibos/Outros,1,2024-05-20T00:00:00,120609,10.91,https://www.camara.leg.br/cota-parlamentar/documentos/publ/2403/2024/7755102.pdf,UBER DO BRASIL TECNOLOGIA LTDA.,17895646000187,10.91,0.0,,2049784,0,Erika Kokay
2024,6,"SERVIÇO DE TÁXI, PEDÁGIO E ESTACIONAMENTO",7755652,Recibos/Outros,1,2024-06-12T00:00:00,12061996,19.96,https://www.camara.leg.br/cota-parlamentar/documentos/publ/2403/2024/7755652.pdf,UBER DO BRASIL TECNOLOGIA LTDA.,17895646000187,19.96,0.0,,2050034,0,Erika Kokay
2024,6,"SERVIÇO DE TÁXI, PEDÁGIO E ESTACIONAMENTO",7755657,Recibos/Outros,1,2024-06-12T00:00:00,12062994,29.94,https://www.camara.leg.br/cota-parlamentar/documentos/publ/2403/2024/7755657.pdf,UBER DO BRASIL TECNOLOGIA LTDA.,17895646000187,29.94,0.0,,2050034,0,Erika Kokay
2024,1,"SERVIÇO DE TÁXI, PEDÁGIO E ESTACIONAMENTO",7685356,Recibos/Outros,1,2024-01-30T00:00:00,121031,14.9,https://www.camara.leg.br/cota-parlamentar/documentos/publ/2403/2024/7685356.pdf,UBER DO BRASIL TECNOLOGIA LTDA.,17895646000187,14.9,0.0,,2012197,0,Erika Kokay
2024,2,"SERVIÇO DE TÁXI, PEDÁGIO E ESTACIONAMENTO",7703806,Recibos/Outros,1,2024-02-05T00:00:00,121321,11.94,https://www.camara.leg.br/cota-parlamentar/documentos/publ/2403/2024/7703806.pdf,UBER DO BRASIL TECNOLOGIA LTDA.,17895646000187,11.94,0.0,,2025328,0,Erika Kokay
2024,1,"SERVIÇO DE TÁXI, PEDÁGIO E ESTACIONAMENTO",7685347,Recibos/Outros,1,2024-01-27T00:00:00,121421,17.97,https://www.camara.leg.br/cota-parlamentar/documentos/publ/2403/2024/7685347.pdf,UBER DO BRASIL TECNOLOGIA LTDA.,17895646000187,17.97,0.0,,2012197,0,Erika Kokay
2024,9,"SERVIÇO DE TÁXI, PEDÁGIO E ESTACIONAMENTO",7816830,Recibos/Outros,1,2024-09-10T00:00:00,121950,9.91,https://www.camara.leg.br/cota-parlamentar/documentos/publ/2403/2024/7816830.pdf,UBER DO BRASIL TECNOLOGIA LTDA.,17895646000187,8.01,1.9,,2081765,0,Erika Kokay
2024,8,"SERVIÇO DE TÁXI, PEDÁGIO E ESTACIONAMENTO",7802232,Recibos/Outros,1,2024-08-27T00:00:00,122450,15.99,https://www.camara.leg.br/cota-parlamentar/documentos/publ/2403/2024/7802232.pdf,UBER DO BRASIL TECNOLOGIA LTDA.,17895646000187,15.99,0.0,,2073557,0,Erika Kokay
2024,3,"SERVIÇO DE TÁXI, PEDÁGIO E ESTACIONAMENTO",7712698,Recibos/Outros,1,2024-03-27T00:00:00,122509,59.93,https://www.camara.leg.br/cota-parlamentar/documentos/publ/2403/2024/7712698.pdf,UBER DO BRASIL TECNOLOGIA LTDA.,17895646000187,59.93,0.0,,2026995,0,Erika Kokay
2024,5,"SERVIÇO DE TÁXI, PEDÁGIO E ESTACIONAMENTO",7755114,Recibos/Outros,1,2024-05-21T00:00:00,123642,19.91,https://www.camara.leg.br/cota-parlamentar/documentos/publ/2403/2024/7755114.pdf,UBER DO BRASIL TECNOLOGIA LTDA.,17895646000187,19.91,0.0,,2049784,0,Erika Kokay
2024,5,"SERVIÇO DE TÁXI, PEDÁGIO E ESTACIONAMENTO",7755034,Recibos/Outros,1,2024-05-08T00:00:00,123718,16.9,https://www.camara.leg.br/cota-parlamentar/documentos/publ/2403/2024/7755034.pdf,UBER DO BRASIL TECNOLOGIA LTDA.,17895646000187,16.9,0.0,,2049783,0,Erika Kokay
2024,1,"SERVIÇO DE TÁXI, PEDÁGIO E ESTACIONAMENTO",7685344,Recibos/Outros,1,2024-01-20T00:00:00,124056,13.92,https://www.camara.leg.br/cota-parlamentar/documentos/publ/2403/2024/7685344.pdf,UBER DO BRASIL TECNOLOGIA LTDA.,17895646000187,13.92,0.0,,2012197,0,Erika Kokay
2024,5,"SERVIÇO DE TÁXI, PEDÁGIO E ESTACIONAMENTO",7755044,Recibos/Outros,1,2024-05-10T00:00:00,124235,19.98,https://www.camara.leg.br/cota-parlamentar/documentos/publ/2403/2024/7755044.pdf,UBER DO BRASIL TECNOLOGIA LTDA.,17895646000187,19.98,0.0,,2049783,0,Erika Kokay
2024,3,"SERVIÇO DE TÁXI, PEDÁGIO E ESTACIONAMENTO",7712644,Recibos/Outros,1,2024-03-07T00:00:00,124820,14.91,https://www.camara.leg.br/cota-parlamentar/documentos/publ/2403/2024/7712644.pdf,UBER DO BRASIL TECNOLOGIA LTDA.,17895646000187,14.91,0.0,,2026993,0,Erika Kokay
2024,5,"SERVIÇO DE TÁXI, PEDÁGIO E ESTACIONAMENTO",7755071,Recibos/Outros,1,2024-05-15T00:00:00,125108,13.22,https://www.camara.leg.br/cota-parlamentar/documentos/publ/2403/2024/7755071.pdf,UBER DO BRASIL TECNOLOGIA LTDA.,17895646000187,13.22,0.0,,2049783,0,Erika Kokay
2024,11,"SERVIÇO DE TÁXI, PEDÁGIO E ESTACIONAMENTO",7846703,Recibos/Outros,1,2024-11-07T00:00:00,125608,27.16,https://www.camara.leg.br/cota-parlamentar/documentos/publ/2403/2024/7846703.pdf,UBER DO BRASIL TECNOLOGIA LTDA.,17895646000187,27.16,0.0,,2097902,0,Erika Kokay
2024,5,"SERVIÇO DE TÁXI, PEDÁGIO E ESTACIONAMENTO",7755122,Recibos/Outros,1,2024-05-22T00:00:00,125611,19.92,https://www.camara.leg.br/cota-parlamentar/documentos/publ/2403/2024/7755122.pdf,UBER DO BRASIL TECNOLOGIA LTDA.,17895646000187,19.92,0.0,,2049784,0,Erika Kokay
2024,11,"SERVIÇO DE TÁXI, PEDÁGIO E ESTACIONAMENTO",7846720,Recibos/Outros,1,2024-11-26T00:00:00,125943,13.05,https://www.camara.leg.br/cota-parlamentar/documentos/publ/2403/2024/7846720.pdf,UBER DO BRASIL TECNOLOGIA LTDA.,17895646000187,13.05,0.0,,2097902,0,Erika Kokay
2024,3,"SERVIÇO DE TÁXI, PEDÁGIO E ESTACIONAMENTO",7712696,Recibos/Outros,1,2024-03-25T00:00:00,125953,14.96,https://www.camara.leg.br/cota-parlamentar/documentos/publ/2403/2024/7712696.pdf,UBER DO BRASIL TECNOLOGIA LTDA.,17895646000187,14.96,0.0,,2026995,0,Erika Kokay
2024,4,"SERVIÇO DE TÁXI, PEDÁGIO E ESTACIONAMENTO",7737887,Recibos/Outros,1,2024-05-11T00:00:00,13042196,21.96,https://www.camara.leg.br/cota-parlamentar/documentos/publ/2403/2024/7737887.pdf,UBER DO BRASIL TECNOLOGIA LTDA.,17895646000187,21.96,0.0,,2040671,0,Erika Kokay
2024,3,"SERVIÇO DE TÁXI, PEDÁGIO E ESTACIONAMENTO",7712655,Recibos/Outros,1,2024-03-12T00:00:00,130524,19.9,https://www.camara.leg.br/cota-parlamentar/documentos/publ/2403/2024/7712655.pdf,UBER DO BRASIL TECNOLOGIA LTDA.,17895646000187,19.9,0.0,,2026993,0,Erika Kokay
2024,4,"SERVIÇO DE TÁXI, PEDÁGIO E ESTACIONAMENTO",7738094,Recibos/Outros,1,2024-04-11T00:00:00,131040,12.93,https://www.camara.leg.br/cota-parlamentar/documentos/publ/2403/2024/7738094.pdf,UBER DO BRASIL TECNOLOGIA LTDA.,17895646000187,12.93,0.0,,2040765,0,Erika Kokay
2024,11,"SERVIÇO DE TÁXI, PEDÁGIO E ESTACIONAMENTO",7838168,Recibos/Outros,1,2024-11-13T00:00:00,13111490,14.9,https://www.camara.leg.br/cota-parlamentar/documentos/publ/2403/2024/7838168.pdf,UBER DO BRASIL TECNOLOGIA LTDA.,17895646000187,14.9,0.0,,2093141,0,Erika Kokay
2024,11,"SERVIÇO DE TÁXI, PEDÁGIO E ESTACIONAMENTO",7838167,Recibos/Outros,1,2024-11-13T00:00:00,13111794,17.94,https://www.camara.leg.br/cota-parlamentar/documentos/publ/2403/2024/7838167.pdf,UBER DO BRASIL TECNOLOGIA LTDA.,17895646000187,17.94,0.0,,2093141,0,Erika Kokay
2024,9,"SERVIÇO DE TÁXI, PEDÁGIO E ESTACIONAMENTO",7816846,Recibos/Outros,1,2024-09-16T00:00:00,131855,21.92,https://www.camara.leg.br/cota-parlamentar/documentos/publ/2403/2024/7816846.pdf,UBER DO BRASIL TECNOLOGIA LTDA.,17895646000187,20.52,1.4,,2081765,0,Erika Kokay
2024,5,"SERVIÇO DE TÁXI, PEDÁGIO E ESTACIONAMENTO",7755086,Recibos/Outros,1,2024-05-16T00:00:00,132209,17.95,https://www.camara.leg.br/cota-parlamentar/documentos/publ/2403/2024/7755086.pdf,UBER DO BRASIL TECNOLOGIA LTDA.,17895646000187,17.95,0.0,,2049784,0,Erika Kokay
2024,3,"SERVIÇO DE TÁXI, PEDÁGIO E ESTACIONAMENTO",7703850,Recibos/Outros,1,2024-02-22T00:00:00,132852,12.72,https://www.camara.leg.br/cota-parlamentar/documentos/publ/2403/2024/7703850.pdf,UBER DO BRASIL TECNOLOGIA LTDA.,17895646000187,12.72,0.0,,2022241,0,Erika Kokay
2024,3,"SERVIÇO DE TÁXI, PEDÁGIO E ESTACIONAMENTO",7712664,Recibos/Outros,1,2024-03-13T00:00:00,133920,12.96,https://www.camara.leg.br/cota-parlamentar/documentos/publ/2403/2024/7712664.pdf,UBER DO BRASIL TECNOLOGIA LTDA.,17895646000187,12.96,0.0,,2026994,0,Erika Kokay
2024,3,"SERVIÇO DE TÁXI, PEDÁGIO E ESTACIONAMENTO",7712657,Recibos/Outros,1,2024-03-12T00:00:00,135219,10.98,https://www.camara.leg.br/cota-parlamentar/documentos/publ/2403/2024/7712657.pdf,UBER DO BRASIL TECNOLOGIA LTDA.,17895646000187,10.98,0.0,,2026994,0,Erika Kokay
2024,4,"SERVIÇO DE TÁXI, PEDÁGIO E ESTACIONAMENTO",7738100,Recibos/Outros,1,2024-04-23T00:00:00,135632,14.9,https://www.camara.leg.br/cota-parlamentar/documentos/publ/2403/2024/7738100.pdf,UBER DO BRASIL TECNOLOGIA LTDA.,17895646000187,14.9,0.0,,2040765,0,Erika Kokay
2024,9,"SERVIÇO DE TÁXI, PEDÁGIO E ESTACIONAMENTO",7816850,Recibos/Outros,1,2024-09-16T00:00:00,140152,18.93,https://www.camara.leg.br/cota-parlamentar/documentos/publ/2403/2024/7816850.pdf,UBER DO BRASIL TECNOLOGIA LTDA.,17895646000187,18.93,0.0,,2081765,0,Erika Kokay
2024,5,"SERVIÇO DE TÁXI, PEDÁGIO E ESTACIONAMENTO",7755128,Recibos/Outros,1,2024-05-22T00:00:00,140223,14.95,https://www.camara.leg.br/cota-parlamentar/documentos/publ/2403/2024/7755128.pdf,UBER DO BRASIL TECNOLOGIA LTDA.,17895646000187,14.95,0.0,,2049784,0,Erika Kokay
2024,5,"SERVIÇO DE TÁXI, PEDÁGIO E ESTACIONAMENTO",7755118,Recibos/Outros,1,2024-05-21T00:00:00,140418,16.92,https://www.camara.leg.br/cota-parlamentar/documentos/publ/2403/2024/7755118.pdf,UBER DO BRASIL TECNOLOGIA LTDA.,17895646000187,16.92,0.0,,2049784,0,Erika Kokay
2024,5,"SERVIÇO DE TÁXI, PEDÁGIO E ESTACIONAMENTO",7738742,Recibos/Outros,1,2024-05-14T00:00:00,14054990,49.9,https://www.camara.leg.br/cota-parlamentar/documentos/publ/2403/2024/7738742.pdf,UBER DO BRASIL TECNOLOGIA LTDA.,17895646000187,49.9,0.0,,2041119,0,Erika Kokay
2024,3,"SERVIÇO DE TÁXI, PEDÁGIO E ESTACIONAMENTO",7703831,Recibos/Outros,1,2024-02-06T00:00:00,140836,19.9,https://www.camara.leg.br/cota-parlamentar/documentos/publ/2403/2024/7703831.pdf,UBER DO BRASIL TECNOLOGIA LTDA.,17895646000187,19.9,0.0,,2022241,0,Erika Kokay
2024,11,"SERVIÇO DE TÁXI, PEDÁGIO E ESTACIONAMENTO",7838104,Recibos/Outros,1,2024-11-14T00:00:00,14111455,14.55,https://www.camara.leg.br/cota-parlamentar/documentos/publ/2403/2024/7838104.pdf,UBER DO BRASIL TECNOLOGIA LTDA.,17895646000187,14.55,0.0,,2093101,0,Erika Kokay
2024,11,"SERVIÇO DE TÁXI, PEDÁGIO E ESTACIONAMENTO",7838173,Recibos/Outros,1,2024-11-14T00:00:00,14114884,48.84,https://www.camara.leg.br/cota-parlamentar/documentos/publ/2403/2024/7838173.pdf,UBER DO BRASIL TECNOLOGIA LTDA.,17895646000187,48.84,0.0,,2093141,0,Erika Kokay
2024,11,"SERVIÇO DE TÁXI, PEDÁGIO E ESTACIONAMENTO",7838170,Recibos/Outros,1,2024-11-14T00:00:00,14115391,53.91,https://www.camara.leg.br/cota-parlamentar/documentos/publ/2403/2024/7838170.pdf,UBER DO BRASIL TECNOLOGIA LTDA.,17895646000187,53.91,0.0,,2093141,0,Erika Kokay
2024,3,"SERVIÇO DE TÁXI, PEDÁGIO E ESTACIONAMENTO",7703810,Recibos/Outros,1,2024-02-05T00:00:00,143510,10.98,https://www.camara.leg.br/cota-parlamentar/documentos/publ/2403/2024/7703810.pdf,UBER DO BRASIL TECNOLOGIA LTDA.,17895646000187,10.98,0.0,,2022241,0,Erika Kokay
2024,5,"SERVIÇO DE TÁXI, PEDÁGIO E ESTACIONAMENTO",7755058,Recibos/Outros,1,2024-05-10T00:00:00,144157,13.96,https://www.camara.leg.br/cota-parlamentar/documentos/publ/2403/2024/7755058.pdf,UBER DO BRASIL TECNOLOGIA LTDA.,17895646000187,13.96,0.0,,2049783,0,Erika Kokay
2024,8,"SERVIÇO DE TÁXI, PEDÁGIO E ESTACIONAMENTO",7802229,Recibos/Outros,1,2024-08-16T00:00:00,144334,17.98,https://www.camara.leg.br/cota-parlamentar/documentos/publ/2403/2024/7802229.pdf,UBER DO BRASIL TECNOLOGIA LTDA.,17895646000187,17.98,0.0,,2073557,0,Erika Kokay
2024,3,"SERVIÇO DE TÁXI, PEDÁGIO E ESTACIONAMENTO",7712652,Recibos/Outros,1,2024-03-08T00:00:00,144502,17.94,https://www.camara.leg.br/cota-parlamentar/documentos/publ/2403/2024/7712652.pdf,UBER DO BRASIL TECNOLOGIA LTDA.,17895646000187,17.94,0.0,,2026993,0,Erika Kokay
2024,3,"SERVIÇO DE TÁXI, PEDÁGIO E ESTACIONAMENTO",7712686,Recibos/Outros,1,2024-03-19T00:00:00,151836,12.9,https://www.camara.leg.br/cota-parlamentar/documentos/publ/2403/2024/7712686.pdf,UBER DO BRASIL TECNOLOGIA LTDA.,17895646000187,12.9,0.0,,2026994,0,Erika Kokay
2024,3,"SERVIÇO DE TÁXI, PEDÁGIO E ESTACIONAMENTO",7703836,Recibos/Outros,1,2024-02-07T00:00:00,151930,24.96,https://www.camara.leg.br/cota-parlamentar/documentos/publ/2403/2024/7703836.pdf,UBER DO BRASIL TECNOLOGIA LTDA.,17895646000187,24.96,0.0,,2022241,0,Erika Kokay
2024,1,"SERVIÇO DE TÁXI, PEDÁGIO E ESTACIONAMENTO",7685359,Recibos/Outros,1,2024-01-30T00:00:00,153012,14.99,https://www.camara.leg.br/cota-parlamentar/documentos/publ/2403/2024/7685359.pdf,UBER DO BRASIL TECNOLOGIA LTDA.,17895646000187,14.99,0.0,,2012197,0,Erika Kokay
2024,9,"SERVIÇO DE TÁXI, PEDÁGIO E ESTACIONAMENTO",7816837,Recibos/Outros,1,2024-09-10T00:00:00,153248,8.95,https://www.camara.leg.br/cota-parlamentar/documentos/publ/2403/2024/7816837.pdf,UBER DO BRASIL TECNOLOGIA LTDA.,17895646000187,7.96,0.99,,2081765,0,Erika Kokay
2024,3,"SERVIÇO DE TÁXI, PEDÁGIO E ESTACIONAMENTO",7712681,Recibos/Outros,1,2024-03-14T00:00:00,154833,11.9,https://www.camara.leg.br/cota-parlamentar/documentos/publ/2403/2024/7712681.pdf,UBER DO BRASIL TECNOLOGIA LTDA.,17895646000187,11.9,0.0,,2026994,0,Erika Kokay
2024,1,"SERVIÇO DE TÁXI, PEDÁGIO E ESTACIONAMENTO",7685354,Recibos/Outros,1,2024-01-27T00:00:00,155354,14.94,https://www.camara.leg.br/cota-parlamentar/documentos/publ/2403/2024/7685354.pdf,UBER DO BRASIL TECNOLOGIA LTDA.,17895646000187,14.94,0.0,,2012197,0,Erika Kokay
2024,3,"SERVIÇO DE TÁXI, PEDÁGIO E ESTACIONAMENTO",7712646,Recibos/Outros,1,2024-03-07T00:00:00,155725,14.95,https://www.camara.leg.br/cota-parlamentar/documentos/publ/2403/2024/7712646.pdf,UBER DO BRASIL TECNOLOGIA LTDA.,17895646000187,14.95,0.0,,2026993,0,Erika Kokay
2024,3,"SERVIÇO DE TÁXI, PEDÁGIO E ESTACIONAMENTO",7703855,Recibos/Outros,1,2024-02-22T00:00:00,160651,12.97,https://www.camara.leg.br/cota-parlamentar/documentos/publ/2403/2024/7703855.pdf,UBER DO BRASIL TECNOLOGIA LTDA.,17895646000187,12.97,0.0,,2022241,0,Erika Kokay
2024,7,"SERVIÇO DE TÁXI, PEDÁGIO E ESTACIONAMENTO",7777448,Recibos/Outros,1,2024-07-12T00:00:00,16071992,19.92,https://www.camara.leg.br/cota-parlamentar/documentos/publ/2403/2024/7777448.pdf,UBER DO BRASIL TECNOLOGIA LTDA.,17895646000187,19.92,0.0,,2061124,0,Erika Kokay
2024,3,"SERVIÇO DE TÁXI, PEDÁGIO E ESTACIONAMENTO",7712745,Recibos/Outros,1,2024-03-04T00:00:00,1637,16.37,https://www.camara.leg.br/cota-parlamentar/documentos/publ/2403/2024/7712745.pdf,UBER DO BRASIL TECNOLOGIA LTDA.,17895646000187,16.37,0.0,,2027026,0,Erika Kokay
2024,8,"SERVIÇO DE TÁXI, PEDÁGIO E ESTACIONAMENTO",7802239,Recibos/Outros,1,2024-08-30T00:00:00,164007,10.94,https://www.camara.leg.br/cota-parlamentar/documentos/publ/2403/2024/7802239.pdf,UBER DO BRASIL TECNOLOGIA LTDA.,17895646000187,9.94,1.0,,2073557,0,Erika Kokay
2024,5,"SERVIÇO DE TÁXI, PEDÁGIO E ESTACIONAMENTO",7755129,Recibos/Outros,1,2024-05-23T00:00:00,164752,13.94,https://www.camara.leg.br/cota-parlamentar/documentos/publ/2403/2024/7755129.pdf,UBER DO BRASIL TECNOLOGIA LTDA.,17895646000187,13.94,0.0,,2049784,0,Erika Kokay
2024,3,"SERVIÇO DE TÁXI, PEDÁGIO E ESTACIONAMENTO",7712692,Recibos/Outros,1,2024-03-19T00:00:00,164829,14.93,https://www.camara.leg.br/cota-parlamentar/documentos/publ/2403/2024/7712692.pdf,UBER DO BRASIL TECNOLOGIA LTDA.,17895646000187,14.93,0.0,,2026994,0,Erika Kokay
2024,3,"SERVIÇO DE TÁXI, PEDÁGIO E ESTACIONAMENTO",7712740,Recibos/Outros,1,2024-03-01T00:00:00,1695,16.95,https://www.camara.leg.br/cota-parlamentar/documentos/publ/2403/2024/7712740.pdf,UBER DO BRASIL TECNOLOGIA LTDA.,17895646000187,16.95,0.0,,2027026,0,Erika Kokay
2024,11,"SERVIÇO DE TÁXI, PEDÁGIO E ESTACIONAMENTO",7846742,Recibos/Outros,1,2024-11-18T00:00:00,170155,15.19,https://www.camara.leg.br/cota-parlamentar/documentos/publ/2403/2024/7846742.pdf,UBER DO BRASIL TECNOLOGIA LTDA.,17895646000187,15.19,0.0,,2097903,0,Erika Kokay
2024,3,"SERVIÇO DE TÁXI, PEDÁGIO E ESTACIONAMENTO",7712632,Recibos/Outros,1,2024-03-04T00:00:00,170253,11.99,https://www.camara.leg.br/cota-parlamentar/documentos/publ/2403/2024/7712632.pdf,UBER DO BRASIL TECNOLOGIA LTDA.,17895646000187,11.99,0.0,,2026999,0,Erika Kokay
2024,9,"SERVIÇO DE TÁXI, PEDÁGIO E ESTACIONAMENTO",7816861,Recibos/Outros,1,2024-09-18T00:00:00,170401,9.95,https://www.camara.leg.br/cota-parlamentar/documentos/publ/2403/2024/7816861.pdf,UBER DO BRASIL TECNOLOGIA LTDA.,17895646000187,8.06,1.89,,2081766,0,Erika Kokay
2024,6,"SERVIÇO DE TÁXI, PEDÁGIO E ESTACIONAMENTO",7755669,Recibos/Outros,1,2024-06-17T00:00:00,17061311,13.11,https://www.camara.leg.br/cota-parlamentar/documentos/publ/2403/2024/7755669.pdf,UBER DO BRASIL TECNOLOGIA LTDA.,17895646000187,13.11,0.0,,2050034,0,Erika Kokay
2024,6,"SERVIÇO DE TÁXI, PEDÁGIO E ESTACIONAMENTO",7770192,Recibos/Outros,1,2024-06-18T00:00:00,170735,13.92,https://www.camara.leg.br/cota-parlamentar/documentos/publ/2403/2024/7770192.pdf,UBER DO BRASIL TECNOLOGIA LTDA.,17895646000187,13.92,0.0,,2057529,0,Erika Kokay
2024,10,"SERVIÇO DE TÁXI, PEDÁGIO E ESTACIONAMENTO",7838254,Recibos/Outros,1,2024-10-17T00:00:00,17103390,33.9,https://www.camara.leg.br/cota-parlamentar/documentos/publ/2403/2024/7838254.pdf,UBER DO BRASIL TECNOLOGIA LTDA.,17895646000187,33.9,0.0,,2093194,0,Erika Kokay
2024,4,"SERVIÇO DE TÁXI, PEDÁGIO E ESTACIONAMENTO",7738102,Recibos/Outros,1,2024-04-30T00:00:00,172120,13.98,https://www.camara.leg.br/cota-parlamentar/documentos/publ/2403/2024/7738102.pdf,UBER DO BRASIL TECNOLOGIA LTDA.,17895646000187,13.98,0.0,,2040765,0,Erika Kokay
2024,3,"SERVIÇO DE TÁXI, PEDÁGIO E ESTACIONAMENTO",7703865,Recibos/Outros,1,2024-02-27T00:00:00,172258,14.29,https://www.camara.leg.br/cota-parlamentar/documentos/publ/2403/2024/7703865.pdf,UBER DO BRASIL TECNOLOGIA LTDA.,17895646000187,14.29,0.0,,2022242,0,Erika Kokay
2024,5,"SERVIÇO DE TÁXI, PEDÁGIO E ESTACIONAMENTO",7755078,Recibos/Outros,1,2024-05-16T00:00:00,174405,17.9,https://www.camara.leg.br/cota-parlamentar/documentos/publ/2403/2024/7755078.pdf,UBER DO BRASIL TECNOLOGIA LTDA.,17895646000187,17.9,0.0,,2049783,0,Erika Kokay
2024,3,"SERVIÇO DE TÁXI, PEDÁGIO E ESTACIONAMENTO",7712639,Recibos/Outros,1,2024-03-06T00:00:00,174439,19.9,https://www.camara.leg.br/cota-parlamentar/documentos/publ/2403/2024/7712639.pdf,UBER DO BRASIL TECNOLOGIA LTDA.,17895646000187,19.9,0.0,,2026993,0,Erika Kokay
2024,5,"SERVIÇO DE TÁXI, PEDÁGIO E ESTACIONAMENTO",7755146,Recibos/Outros,1,2024-05-28T00:00:00,174657,13.98,https://www.camara.leg.br/cota-parlamentar/documentos/publ/2403/2024/7755146.pdf,UBER DO BRASIL TECNOLOGIA LTDA.,17895646000187,13.98,0.0,,2049785,0,Erika Kokay
2024,5,"SERVIÇO DE TÁXI, PEDÁGIO E ESTACIONAMENTO",7755026,Recibos/Outros,1,2024-05-07T00:00:00,175255,12.98,https://www.camara.leg.br/cota-parlamentar/documentos/publ/2403/2024/7755026.pdf,UBER DO BRASIL TECNOLOGIA LTDA.,17895646000187,12.98,0.0,,2049783,0,Erika Kokay
2024,3,"SERVIÇO DE TÁXI, PEDÁGIO E ESTACIONAMENTO",7703858,Recibos/Outros,1,2024-02-26T00:00:00,180631,13.66,https://www.camara.leg.br/cota-parlamentar/documentos/publ/2403/2024/7703858.pdf,UBER DO BRASIL TECNOLOGIA LTDA.,17895646000187,13.66,0.0,,2022241,0,Erika Kokay
2024,11,"SERVIÇO DE TÁXI, PEDÁGIO E ESTACIONAMENTO",7838052,Recibos/Outros,1,2024-11-18T00:00:00,18112596,25.96,https://www.camara.leg.br/cota-parlamentar/documentos/publ/2403/2024/7838052.pdf,UBER DO BRASIL TECNOLOGIA LTDA.,17895646000187,25.96,0.0,,2093066,0,Erika Kokay
2024,11,"SERVIÇO DE TÁXI, PEDÁGIO E ESTACIONAMENTO",7838050,Recibos/Outros,1,2024-11-18T00:00:00,18113496,34.96,https://www.camara.leg.br/cota-parlamentar/documentos/publ/2403/2024/7838050.pdf,UBER DO BRASIL TECNOLOGIA LTDA.,17895646000187,34.96,0.0,,2093066,0,Erika Kokay
2024,8,"SERVIÇO DE TÁXI, PEDÁGIO E ESTACIONAMENTO",7802235,Recibos/Outros,1,2024-08-27T00:00:00,181138,11.92,https://www.camara.leg.br/cota-parlamentar/documentos/publ/2403/2024/7802235.pdf,UBER DO BRASIL TECNOLOGIA LTDA.,17895646000187,10.32,1.6,,2073557,0,Erika Kokay
2024,3,"SERVIÇO DE TÁXI, PEDÁGIO E ESTACIONAMENTO",7703838,Recibos/Outros,1,2024-02-07T00:00:00,181346,8.97,https://www.camara.leg.br/cota-parlamentar/documentos/publ/2403/2024/7703838.pdf,UBER DO BRASIL TECNOLOGIA LTDA.,17895646000187,8.97,0.0,,2022241,0,Erika Kokay
2024,2,"SERVIÇO DE TÁXI, PEDÁGIO E ESTACIONAMENTO",7712746,Recibos/Outros,1,2024-02-21T00:00:00,1823,18.23,https://www.camara.leg.br/cota-parlamentar/documentos/publ/2403/2024/7712746.pdf,UBER DO BRASIL TECNOLOGIA LTDA.,17895646000187,18.23,0.0,,2027025,0,Erika Kokay
2024,11,"SERVIÇO DE TÁXI, PEDÁGIO E ESTACIONAMENTO",7846707,Recibos/Outros,1,2024-11-11T00:00:00,182344,10.67,https://www.camara.leg.br/cota-parlamentar/documentos/publ/2403/2024/7846707.pdf,UBER DO BRASIL TECNOLOGIA LTDA.,17895646000187,10.67,0.0,,2097902,0,Erika Kokay
2024,1,"SERVIÇO DE TÁXI, PEDÁGIO E ESTACIONAMENTO",7685363,Recibos/Outros,1,2024-01-30T00:00:00,182439,11.93,https://www.camara.leg.br/cota-parlamentar/documentos/publ/2403/2024/7685363.pdf,UBER DO BRASIL TECNOLOGIA LTDA.,17895646000187,11.93,0.0,,2012197,0,Erika Kokay
2024,11,"SERVIÇO DE TÁXI, PEDÁGIO E ESTACIONAMENTO",7846748,Recibos/Outros,1,2024-11-25T00:00:00,182911,15.59,https://www.camara.leg.br/cota-parlamentar/documentos/publ/2403/2024/7846748.pdf,UBER DO BRASIL TECNOLOGIA LTDA.,17895646000187,15.59,0.0,,2097903,0,Erika Kokay
2024,5,"SERVIÇO DE TÁXI, PEDÁGIO E ESTACIONAMENTO",7755108,Recibos/Outros,1,2024-05-20T00:00:00,183303,10.98,https://www.camara.leg.br/cota-parlamentar/documentos/publ/2403/2024/7755108.pdf,UBER DO BRASIL TECNOLOGIA LTDA.,17895646000187,10.98,0.0,,2049784,0,Erika Kokay
2024,4,"SERVIÇO DE TÁXI, PEDÁGIO E ESTACIONAMENTO",7738108,Recibos/Outros,1,2024-04-24T00:00:00,184406,14.96,https://www.camara.leg.br/cota-parlamentar/documentos/publ/2403/2024/7738108.pdf,UBER DO BRASIL TECNOLOGIA LTDA.,17895646000187,14.96,0.0,,2040765,0,Erika Kokay
2024,9,"SERVIÇO DE TÁXI, PEDÁGIO E ESTACIONAMENTO",7816821,Recibos/Outros,1,2024-09-03T00:00:00,184921,15.98,https://www.camara.leg.br/cota-parlamentar/documentos/publ/2403/2024/7816821.pdf,UBER DO BRASIL TECNOLOGIA LTDA.,17895646000187,14.49,1.49,,2081765,0,Erika Kokay
2024,4,"SERVIÇO DE TÁXI, PEDÁGIO E ESTACIONAMENTO",7712738,Recibos/Outros,1,2024-04-01T00:00:00,1891,18.91,https://www.camara.leg.br/cota-parlamentar/documentos/publ/2403/2024/7712738.pdf,UBER DO BRASIL TECNOLOGIA LTDA.,17895646000187,18.91,0.0,,2027027,0,Erika Kokay
2024,10,"SERVIÇO DE TÁXI, PEDÁGIO E ESTACIONAMENTO",7820442,Recibos/Outros,1,2024-10-18T00:00:00,19102595,25.95,https://www.camara.leg.br/cota-parlamentar/documentos/publ/2403/2024/7820442.pdf,UBER DO BRASIL TECNOLOGIA LTDA.,17895646000187,25.95,0.0,,2083650,0,Erika Kokay
2024,10,"SERVIÇO DE TÁXI, PEDÁGIO E ESTACIONAMENTO",7820443,Recibos/Outros,1,2024-10-18T00:00:00,19102795,27.95,https://www.camara.leg.br/cota-parlamentar/documentos/publ/2403/2024/7820443.pdf,UBER DO BRASIL TECNOLOGIA LTDA.,17895646000187,27.95,0.0,,2083650,0,Erika Kokay
2024,11,"SERVIÇO DE TÁXI, PEDÁGIO E ESTACIONAMENTO",7838176,Recibos/Outros,1,2024-11-19T00:00:00,19112693,26.93,https://www.camara.leg.br/cota-parlamentar/documentos/publ/2403/2024/7838176.pdf,UBER DO BRASIL TECNOLOGIA LTDA.,17895646000187,26.93,0.0,,2093141,0,Erika Kokay
2024,4,"SERVIÇO DE TÁXI, PEDÁGIO E ESTACIONAMENTO",7738113,Recibos/Outros,1,2024-04-24T00:00:00,193008,16.92,https://www.camara.leg.br/cota-parlamentar/documentos/publ/2403/2024/7738113.pdf,UBER DO BRASIL TECNOLOGIA LTDA.,17895646000187,16.92,0.0,,2040765,0,Erika Kokay
2024,3,"SERVIÇO DE TÁXI, PEDÁGIO E ESTACIONAMENTO",7703862,Recibos/Outros,1,2024-02-26T00:00:00,195227,14.53,https://www.camara.leg.br/cota-parlamentar/documentos/publ/2403/2024/7703862.pdf,UBER DO BRASIL TECNOLOGIA LTDA.,17895646000187,14.53,0.0,,2022242,0,Erika Kokay
2024,5,"SERVIÇO DE TÁXI, PEDÁGIO E ESTACIONAMENTO",7738007,Recibos/Outros,1,2024-05-20T00:00:00,20053991,39.91,https://www.camara.leg.br/cota-parlamentar/documentos/publ/2403/2024/7738007.pdf,UBER DO BRASIL TECNOLOGIA LTDA.,17895646000187,39.91,0.0,,2040733,0,Erika Kokay
2024,10,"SERVIÇO DE TÁXI, PEDÁGIO E ESTACIONAMENTO",7816976,Recibos/Outros,1,2024-09-20T00:00:00,20091598,15.98,https://www.camara.leg.br/cota-parlamentar/documentos/publ/2403/2024/7816976.pdf,UBER DO BRASIL TECNOLOGIA LTDA.,17895646000187,15.98,0.0,,2081824,0,Erika Kokay
2024,10,"SERVIÇO DE TÁXI, PEDÁGIO E ESTACIONAMENTO",7816973,Recibos/Outros,1,2024-09-20T00:00:00,20091792,17.92,https://www.camara.leg.br/cota-parlamentar/documentos/publ/2403/2024/7816973.pdf,UBER DO BRASIL TECNOLOGIA LTDA.,17895646000187,17.92,0.0,,2081824,0,Erika Kokay
2024,8,"SERVIÇO DE TÁXI, PEDÁGIO E ESTACIONAMENTO",7802241,Recibos/Outros,1,2024-08-29T00:00:00,201112,9.96,https://www.camara.leg.br/cota-parlamentar/documentos/publ/2403/2024/7802241.pdf,UBER DO BRASIL TECNOLOGIA LTDA.,17895646000187,8.06,1.9,,2073557,0,Erika Kokay
2024,9,"SERVIÇO DE TÁXI, PEDÁGIO E ESTACIONAMENTO",7816839,Recibos/Outros,1,2024-09-13T00:00:00,202150,12.95,https://www.camara.leg.br/cota-parlamentar/documentos/publ/2403/2024/7816839.pdf,UBER DO BRASIL TECNOLOGIA LTDA.,17895646000187,12.05,0.9,,2081765,0,Erika Kokay
2024,5,"SERVIÇO DE TÁXI, PEDÁGIO E ESTACIONAMENTO",7755093,Recibos/Outros,1,2024-05-17T00:00:00,202636,11.92,https://www.camara.leg.br/cota-parlamentar/documentos/publ/2403/2024/7755093.pdf,UBER DO BRASIL TECNOLOGIA LTDA.,17895646000187,11.92,0.0,,2049784,0,Erika Kokay
2024,9,"SERVIÇO DE TÁXI, PEDÁGIO E ESTACIONAMENTO",7816855,Recibos/Outros,1,2024-09-16T00:00:00,202854,18.91,https://www.camara.leg.br/cota-parlamentar/documentos/publ/2403/2024/7816855.pdf,UBER DO BRASIL TECNOLOGIA LTDA.,17895646000187,14.83,4.08,,2081765,0,Erika Kokay
2024,9,"SERVIÇO DE TÁXI, PEDÁGIO E ESTACIONAMENTO",7816876,Recibos/Outros,1,2024-09-30T00:00:00,203048,9.9,https://www.camara.leg.br/cota-parlamentar/documentos/publ/2403/2024/7816876.pdf,UBER DO BRASIL TECNOLOGIA LTDA.,17895646000187,8.53,1.37,,2081766,0,Erika Kokay
2024,5,"SERVIÇO DE TÁXI, PEDÁGIO E ESTACIONAMENTO",7755151,Recibos/Outros,1,2024-05-28T00:00:00,204822,10.91,https://www.camara.leg.br/cota-parlamentar/documentos/publ/2403/2024/7755151.pdf,UBER DO BRASIL TECNOLOGIA LTDA.,17895646000187,10.91,0.0,,2049785,0,Erika Kokay
2024,7,"SERVIÇO DE TÁXI, PEDÁGIO E ESTACIONAMENTO",7779653,Recibos/Outros,1,2024-07-02T00:00:00,2075177,51.77,https://www.camara.leg.br/cota-parlamentar/documentos/publ/2403/2024/7779653.pdf,UBER DO BRASIL TECNOLOGIA LTDA.,17895646000187,51.77,0.0,,2062240,0,Erika Kokay
2024,3,"SERVIÇO DE TÁXI, PEDÁGIO E ESTACIONAMENTO",7712635,Recibos/Outros,1,2024-03-04T00:00:00,210422,13.98,https://www.camara.leg.br/cota-parlamentar/documentos/publ/2403/2024/7712635.pdf,UBER DO BRASIL TECNOLOGIA LTDA.,17895646000187,13.98,0.0,,2026993,0,Erika Kokay
2024,5,"SERVIÇO DE TÁXI, PEDÁGIO E ESTACIONAMENTO",7738745,Recibos/Outros,1,2024-05-21T00:00:00,21054494,44.94,https://www.camara.leg.br/cota-parlamentar/documentos/publ/2403/2024/7738745.pdf,UBER DO BRASIL TECNOLOGIA LTDA.,17895646000187,44.94,0.0,,2041119,0,Erika Kokay
2024,5,"SERVIÇO DE TÁXI, PEDÁGIO E ESTACIONAMENTO",7740402,Recibos/Outros,1,2024-05-21T00:00:00,21055991,59.91,https://www.camara.leg.br/cota-parlamentar/documentos/publ/2403/2024/7740402.pdf,UBER DO BRASIL TECNOLOGIA LTDA.,17895646000187,59.91,0.0,,2041955,0,Erika Kokay
2024,11,"SERVIÇO DE TÁXI, PEDÁGIO E ESTACIONAMENTO",7838105,Recibos/Outros,1,2024-11-21T00:00:00,21111312,13.12,https://www.camara.leg.br/cota-parlamentar/documentos/publ/2403/2024/7838105.pdf,UBER DO BRASIL TECNOLOGIA LTDA.,17895646000187,13.12,0.0,,2093101,0,Erika Kokay
2024,3,"SERVIÇO DE TÁXI, PEDÁGIO E ESTACIONAMENTO",7703871,Recibos/Outros,1,2024-02-29T00:00:00,211413,19.37,https://www.camara.leg.br/cota-parlamentar/documentos/publ/2403/2024/7703871.pdf,UBER DO BRASIL TECNOLOGIA LTDA.,17895646000187,19.37,0.0,,2022242,0,Erika Kokay
2024,6,"SERVIÇO DE TÁXI, PEDÁGIO E ESTACIONAMENTO",7770189,Recibos/Outros,1,2024-06-03T00:00:00,212052,19.94,https://www.camara.leg.br/cota-parlamentar/documentos/publ/2403/2024/7770189.pdf,UBER DO BRASIL TECNOLOGIA LTDA.,17895646000187,19.94,0.0,,2057529,0,Erika Kokay
2024,3,"SERVIÇO DE TÁXI, PEDÁGIO E ESTACIONAMENTO",7712638,Recibos/Outros,1,2024-03-04T00:00:00,212648,19.93,https://www.camara.leg.br/cota-parlamentar/documentos/publ/2403/2024/7712638.pdf,UBER DO BRASIL TECNOLOGIA LTDA.,17895646000187,19.93,0.0,,2026993,0,Erika Kokay
2024,3,"SERVIÇO DE TÁXI, PEDÁGIO E ESTACIONAMENTO",7712648,Recibos/Outros,1,2024-03-07T00:00:00,212933,14.91,https://www.camara.leg.br/cota-parlamentar/documentos/publ/2403/2024/7712648.pdf,UBER DO BRASIL TECNOLOGIA LTDA.,17895646000187,14.91,0.0,,2026993,0,Erika Kokay
2024,6,"SERVIÇO DE TÁXI, PEDÁGIO E ESTACIONAMENTO",7770201,Recibos/Outros,1,2024-06-28T00:00:00,213258,17.85,https://www.camara.leg.br/cota-parlamentar/documentos/publ/2403/2024/7770201.pdf,UBER DO BRASIL TECNOLOGIA LTDA.,17895646000187,17.85,0.0,,2057529,0,Erika Kokay
2024,9,"SERVIÇO DE TÁXI, PEDÁGIO E ESTACIONAMENTO",7816866,Recibos/Outros,1,2024-09-24T00:00:00,213354,10.9,https://www.camara.leg.br/cota-parlamentar/documentos/publ/2403/2024/7816866.pdf,UBER DO BRASIL TECNOLOGIA LTDA.,17895646000187,10.9,0.0,,2081766,0,Erika Kokay
2024,6,"SERVIÇO DE TÁXI, PEDÁGIO E ESTACIONAMENTO",7770195,Recibos/Outros,1,2024-06-20T00:00:00,213813,22.97,https://www.camara.leg.br/cota-parlamentar/documentos/publ/2403/2024/7770195.pdf,UBER DO BRASIL TECNOLOGIA LTDA.,17895646000187,22.97,0.0,,2057529,0,Erika Kokay
2024,11,"SERVIÇO DE TÁXI, PEDÁGIO E ESTACIONAMENTO",7846723,Recibos/Outros,1,2024-11-26T00:00:00,213913,26.9,https://www.camara.leg.br/cota-parlamentar/documentos/publ/2403/2024/7846723.pdf,UBER DO BRASIL TECNOLOGIA LTDA.,17895646000187,26.9,0.0,,2097902,0,Erika Kokay
2024,6,"SERVIÇO DE TÁXI, PEDÁGIO E ESTACIONAMENTO",7770193,Recibos/Outros,1,2024-06-19T00:00:00,213951,17.92,https://www.camara.leg.br/cota-parlamentar/documentos/publ/2403/2024/7770193.pdf,UBER DO BRASIL TECNOLOGIA LTDA.,17895646000187,17.92,0.0,,2057529,0,Erika Kokay
2024,5,"SERVIÇO DE TÁXI, PEDÁGIO E ESTACIONAMENTO",7755110,Recibos/Outros,1,2024-05-20T00:00:00,214052,24.96,https://www.camara.leg.br/cota-parlamentar/documentos/publ/2403/2024/7755110.pdf,UBER DO BRASIL TECNOLOGIA LTDA.,17895646000187,24.96,0.0,,2049784,0,Erika Kokay
2024,11,"SERVIÇO DE TÁXI, PEDÁGIO E ESTACIONAMENTO",7846729,Recibos/Outros,1,2024-11-29T00:00:00,214334,11.4,https://www.camara.leg.br/cota-parlamentar/documentos/publ/2403/2024/7846729.pdf,UBER DO BRASIL TECNOLOGIA LTDA.,17895646000187,11.4,0.0,,2097903,0,Erika Kokay
2024,6,"SERVIÇO DE TÁXI, PEDÁGIO E ESTACIONAMENTO",7770196,Recibos/Outros,1,2024-06-25T00:00:00,214430,8.49,https://www.camara.leg.br/cota-parlamentar/documentos/publ/2403/2024/7770196.pdf,UBER DO BRASIL TECNOLOGIA LTDA.,17895646000187,8.49,0.0,,2057529,0,Erika Kokay
2024,10,"SERVIÇO DE TÁXI, PEDÁGIO E ESTACIONAMENTO",7816817,Recibos/Outros,1,2024-09-02T00:00:00,215032,14.93,https://www.camara.leg.br/cota-parlamentar/documentos/publ/2403/2024/7816817.pdf,UBER DO BRASIL TECNOLOGIA LTDA.,17895646000187,13.84,1.09,,2081765,0,Erika Kokay
2024,6,"SERVIÇO DE TÁXI, PEDÁGIO E ESTACIONAMENTO",7770205,Recibos/Outros,1,2024-06-19T00:00:00,215700,7.92,https://www.camara.leg.br/cota-parlamentar/documentos/publ/2403/2024/7770205.pdf,UBER DO BRASIL TECNOLOGIA LTDA.,17895646000187,7.92,0.0,,2057530,0,Erika Kokay
2024,6,"SERVIÇO DE TÁXI, PEDÁGIO E ESTACIONAMENTO",7770198,Recibos/Outros,1,2024-06-26T00:00:00,215831,24.94,https://www.camara.leg.br/cota-parlamentar/documentos/publ/2403/2024/7770198.pdf,UBER DO BRASIL TECNOLOGIA LTDA.,17895646000187,24.94,0.0,,2057529,0,Erika Kokay
2024,3,"SERVIÇO DE TÁXI, PEDÁGIO E ESTACIONAMENTO",7712667,Recibos/Outros,1,2024-03-13T00:00:00,215919,35.69,https://www.camara.leg.br/cota-parlamentar/documentos/publ/2403/2024/7712667.pdf,UBER DO BRASIL TECNOLOGIA LTDA.,17895646000187,35.69,0.0,,2026994,0,Erika Kokay
2024,11,"SERVIÇO DE TÁXI, PEDÁGIO E ESTACIONAMENTO",7846725,Recibos/Outros,1,2024-11-26T00:00:00,220149,11.95,https://www.camara.leg.br/cota-parlamentar/documentos/publ/2403/2024/7846725.pdf,UBER DO BRASIL TECNOLOGIA LTDA.,17895646000187,11.95,0.0,,2097902,0,Erika Kokay
2024,5,"SERVIÇO DE TÁXI, PEDÁGIO E ESTACIONAMENTO",7755138,Recibos/Outros,1,2024-05-27T00:00:00,220231,19.91,https://www.camara.leg.br/cota-parlamentar/documentos/publ/2403/2024/7755138.pdf,UBER DO BRASIL TECNOLOGIA LTDA.,17895646000187,19.91,0.0,,2049785,0,Erika Kokay
2024,8,"SERVIÇO DE TÁXI, PEDÁGIO E ESTACIONAMENTO",7802238,Recibos/Outros,1,2024-08-28T00:00:00,220936,20.97,https://www.camara.leg.br/cota-parlamentar/documentos/publ/2403/2024/7802238.pdf,UBER DO BRASIL TECNOLOGIA LTDA.,17895646000187,9.07,11.9,,2073557,0,Erika Kokay
2024,11,"SERVIÇO DE TÁXI, PEDÁGIO E ESTACIONAMENTO",7846701,Recibos/Outros,1,2024-11-06T00:00:00,221014,16.73,https://www.camara.leg.br/cota-parlamentar/documentos/publ/2403/2024/7846701.pdf,UBER DO BRASIL TECNOLOGIA LTDA.,17895646000187,16.73,0.0,,2097902,0,Erika Kokay
2024,5,"SERVIÇO DE TÁXI, PEDÁGIO E ESTACIONAMENTO",7755067,Recibos/Outros,1,2024-05-14T00:00:00,221305,24.96,https://www.camara.leg.br/cota-parlamentar/documentos/publ/2403/2024/7755067.pdf,UBER DO BRASIL TECNOLOGIA LTDA.,17895646000187,24.96,0.0,,2049783,0,Erika Kokay
2024,3,"SERVIÇO DE TÁXI, PEDÁGIO E ESTACIONAMENTO",7712694,Recibos/Outros,1,2024-03-21T00:00:00,221752,25.89,https://www.camara.leg.br/cota-parlamentar/documentos/publ/2403/2024/7712694.pdf,UBER DO BRASIL TECNOLOGIA LTDA.,17895646000187,25.89,0.0,,2026994,0,Erika Kokay
2024,5,"SERVIÇO DE TÁXI, PEDÁGIO E ESTACIONAMENTO",7755137,Recibos/Outros,1,2024-05-24T00:00:00,221926,31.94,https://www.camara.leg.br/cota-parlamentar/documentos/publ/2403/2024/7755137.pdf,UBER DO BRASIL TECNOLOGIA LTDA.,17895646000187,31.94,0.0,,2049785,0,Erika Kokay
2024,9,"SERVIÇO DE TÁXI, PEDÁGIO E ESTACIONAMENTO",7816880,Recibos/Outros,1,2024-09-26T00:00:00,223003,33.74,https://www.camara.leg.br/cota-parlamentar/documentos/publ/2403/2024/7816880.pdf,UBER DO BRASIL TECNOLOGIA LTDA.,17895646000187,13.74,20.0,,2081766,0,Erika Kokay
2024,3,"SERVIÇO DE TÁXI, PEDÁGIO E ESTACIONAMENTO",7712658,Recibos/Outros,1,2024-03-12T00:00:00,224247,14.94,https://www.camara.leg.br/cota-parlamentar/documentos/publ/2403/2024/7712658.pdf,UBER DO BRASIL TECNOLOGIA LTDA.,17895646000187,14.94,0.0,,2026994,0,Erika Kokay
2024,9,"SERVIÇO DE TÁXI, PEDÁGIO E ESTACIONAMENTO",7816844,Recibos/Outros,1,2024-09-13T00:00:00,230439,13.98,https://www.camara.leg.br/cota-parlamentar/documentos/publ/2403/2024/7816844.pdf,UBER DO BRASIL TECNOLOGIA LTDA.,17895646000187,13.98,0.0,,2081765,0,Erika Kokay
2024,10,"SERVIÇO DE TÁXI, PEDÁGIO E ESTACIONAMENTO",7838255,Recibos/Outros,1,2024-10-23T00:00:00,23104295,42.95,https://www.camara.leg.br/cota-parlamentar/documentos/publ/2403/2024/7838255.pdf,UBER DO BRASIL TECNOLOGIA LTDA.,17895646000187,42.95,0.0,,2093194,0,Erika Kokay
2024,6,"SERVIÇO DE TÁXI, PEDÁGIO E ESTACIONAMENTO",7770203,Recibos/Outros,1,2024-06-28T00:00:00,231048,17.77,https://www.camara.leg.br/cota-parlamentar/documentos/publ/2403/2024/7770203.pdf,UBER DO BRASIL TECNOLOGIA LTDA.,17895646000187,17.77,0.0,,2057529,0,Erika Kokay
2024,2,"SERVIÇO DE TÁXI, PEDÁGIO E ESTACIONAMENTO",7696828,Recibos/Outros,1,2024-02-19T00:00:00,2494,24.94,https://www.camara.leg.br/cota-parlamentar/documentos/publ/2403/2024/7696828.pdf,UBER DO BRASIL TECNOLOGIA LTDA.,17895646000187,24.94,0.0,,2018442,0,Erika Kokay
2024,2,"SERVIÇO DE TÁXI, PEDÁGIO E ESTACIONAMENTO",7696782,Recibos/Outros,1,2024-01-26T00:00:00,2497,24.97,https://www.camara.leg.br/cota-parlamentar/documentos/publ/2403/2024/7696782.pdf,UBER DO BRASIL TECNOLOGIA LTDA.,17895646000187,24.97,0.0,,2018442,0,Erika Kokay
2024,2,"SERVIÇO DE TÁXI, PEDÁGIO E ESTACIONAMENTO",7696796,Recibos/Outros,1,2024-02-19T00:00:00,24972,24.97,https://www.camara.leg.br/cota-parlamentar/documentos/publ/2403/2024/7696796.pdf,UBER DO BRASIL TECNOLOGIA LTDA.,17895646000187,24.97,0.0,,2018442,0,Erika Kokay
2024,4,"SERVIÇO DE TÁXI, PEDÁGIO E ESTACIONAMENTO",7712830,Recibos/Outros,1,2024-04-01T00:00:00,2519,25.19,https://www.camara.leg.br/cota-parlamentar/documentos/publ/2403/2024/7712830.pdf,UBER DO BRASIL TECNOLOGIA LTDA.,17895646000187,25.19,0.0,,2027062,0,Erika Kokay
2024,3,"SERVIÇO DE TÁXI, PEDÁGIO E ESTACIONAMENTO",7713019,Recibos/Outros,1,2024-03-18T00:00:00,2574,25.74,https://www.camara.leg.br/cota-parlamentar/documentos/publ/2403/2024/7713019.pdf,UBER DO BRASIL TECNOLOGIA LTDA.,17895646000187,25.74,0.0,,2027147,0,Erika Kokay
2024,6,"SERVIÇO DE TÁXI, PEDÁGIO E ESTACIONAMENTO",7777495,Recibos/Outros,1,2024-06-26T00:00:00,26061836,18.36,https://www.camara.leg.br/cota-parlamentar/documentos/publ/2403/2024/7777495.pdf,UBER DO BRASIL TECNOLOGIA LTDA.,17895646000187,18.36,0.0,,2061140,0,Erika Kokay
2024,6,"SERVIÇO DE TÁXI, PEDÁGIO E ESTACIONAMENTO",7777499,Recibos/Outros,1,2024-06-26T00:00:00,26062997,29.97,https://www.camara.leg.br/cota-parlamentar/documentos/publ/2403/2024/7777499.pdf,UBER DO BRASIL TECNOLOGIA LTDA.,17895646000187,29.97,0.0,,2061140,0,Erika Kokay
2024,11,"SERVIÇO DE TÁXI, PEDÁGIO E ESTACIONAMENTO",7838059,Recibos/Outros,1,2024-11-26T00:00:00,26111692,16.92,https://www.camara.leg.br/cota-parlamentar/documentos/publ/2403/2024/7838059.pdf,UBER DO BRASIL TECNOLOGIA LTDA.,17895646000187,16.92,0.0,,2093066,0,Erika Kokay
2024,3,"SERVIÇO DE TÁXI, PEDÁGIO E ESTACIONAMENTO",7712827,Recibos/Outros,1,2024-03-21T00:00:00,2649,26.49,https://www.camara.leg.br/cota-parlamentar/documentos/publ/2403/2024/7712827.pdf,UBER DO BRASIL TECNOLOGIA LTDA.,17895646000187,26.49,0.0,,2027058,0,Erika Kokay
2024,2,"SERVIÇO DE TÁXI, PEDÁGIO E ESTACIONAMENTO",7696839,Recibos/Outros,1,2024-02-19T00:00:00,2790,27.9,https://www.camara.leg.br/cota-parlamentar/documentos/publ/2403/2024/7696839.pdf,UBER DO BRASIL TECNOLOGIA LTDA.,17895646000187,27.9,0.0,,2018442,0,Erika Kokay
2024,1,"SERVIÇO DE TÁXI, PEDÁGIO E ESTACIONAMENTO",7702528,Recibos/Outros,1,2024-01-28T00:00:00,2801,24.97,https://www.camara.leg.br/cota-parlamentar/documentos/publ/2403/2024/7702528.pdf,UBER DO BRASIL TECNOLOGIA LTDA.,17895646000187,24.97,0.0,,2021573,0,Erika Kokay
2024,10,"SERVIÇO DE TÁXI, PEDÁGIO E ESTACIONAMENTO",7816968,Recibos/Outros,1,2024-09-28T00:00:00,28091698,16.98,https://www.camara.leg.br/cota-parlamentar/documentos/publ/2403/2024/7816968.pdf,UBER DO BRASIL TECNOLOGIA LTDA.,17895646000187,16.98,0.0,,2081824,0,Erika Kokay
2024,10,"SERVIÇO DE TÁXI, PEDÁGIO E ESTACIONAMENTO",7816972,Recibos/Outros,1,2024-09-28T00:00:00,28092396,23.96,https://www.camara.leg.br/cota-parlamentar/documentos/publ/2403/2024/7816972.pdf,UBER DO BRASIL TECNOLOGIA LTDA.,17895646000187,23.96,0.0,,2081824,0,Erika Kokay
2024,5,"SERVIÇO DE TÁXI, PEDÁGIO E ESTACIONAMENTO",7770185,Recibos/Outros,1,2024-05-29T00:00:00,29051763,17.63,https://www.camara.leg.br/cota-parlamentar/documentos/publ/2403/2024/7770185.pdf,UBER DO BRASIL TECNOLOGIA LTDA.,17895646000187,17.63,0.0,,2057518,0,Erika Kokay
2024,6,"SERVIÇO DE TÁXI, PEDÁGIO E ESTACIONAMENTO",7777544,Recibos/Outros,1,2024-06-29T00:00:00,29061997,19.97,https://www.camara.leg.br/cota-parlamentar/documentos/publ/2403/2024/7777544.pdf,UBER DO BRASIL TECNOLOGIA LTDA.,17895646000187,19.97,0.0,,2061153,0,Erika Kokay
2024,3,"SERVIÇO DE TÁXI, PEDÁGIO E ESTACIONAMENTO",7712823,Recibos/Outros,1,2024-03-21T00:00:00,2995,29.95,https://www.camara.leg.br/cota-parlamentar/documentos/publ/2403/2024/7712823.pdf,UBER DO BRASIL TECNOLOGIA LTDA.,17895646000187,29.95,0.0,,2027058,0,Erika Kokay
2024,7,"SERVIÇO DE TÁXI, PEDÁGIO E ESTACIONAMENTO",7777453,Recibos/Outros,1,2024-07-17T00:00:00,30071190,11.9,https://www.camara.leg.br/cota-parlamentar/documentos/publ/2403/2024/7777453.pdf,UBER DO BRASIL TECNOLOGIA LTDA.,17895646000187,11.9,0.0,,2061124,0,Erika Kokay
2024,7,"SERVIÇO DE TÁXI, PEDÁGIO E ESTACIONAMENTO",7777456,Recibos/Outros,1,2024-07-19T00:00:00,30071496,14.96,https://www.camara.leg.br/cota-parlamentar/documentos/publ/2403/2024/7777456.pdf,UBER DO BRASIL TECNOLOGIA LTDA.,17895646000187,14.96,0.0,,2061124,0,Erika Kokay
2024,7,"SERVIÇO DE TÁXI, PEDÁGIO E ESTACIONAMENTO",7777463,Recibos/Outros,1,2024-07-22T00:00:00,30071994,19.94,https://www.camara.leg.br/cota-parlamentar/documentos/publ/2403/2024/7777463.pdf,UBER DO BRASIL TECNOLOGIA LTDA.,17895646000187,19.94,0.0,,2061124,0,Erika Kokay
2024,7,"SERVIÇO DE TÁXI, PEDÁGIO E ESTACIONAMENTO",7777467,Recibos/Outros,1,2024-07-23T00:00:00,30071997,19.97,https://www.camara.leg.br/cota-parlamentar/documentos/publ/2403/2024/7777467.pdf,UBER DO BRASIL TECNOLOGIA LTDA.,17895646000187,19.97,0.0,,2061124,0,Erika Kokay
2024,10,"SERVIÇO DE TÁXI, PEDÁGIO E ESTACIONAMENTO",7816960,Recibos/Outros,1,2024-09-24T00:00:00,30092491,24.91,https://www.camara.leg.br/cota-parlamentar/documentos/publ/2403/2024/7816960.pdf,UBER DO BRASIL TECNOLOGIA LTDA.,17895646000187,24.91,0.0,,2081824,0,Erika Kokay
2024,10,"SERVIÇO DE TÁXI, PEDÁGIO E ESTACIONAMENTO",7838191,Recibos/Outros,1,2024-10-30T00:00:00,30102997,29.97,https://www.camara.leg.br/cota-parlamentar/documentos/publ/2403/2024/7838191.pdf,UBER DO BRASIL TECNOLOGIA LTDA.,17895646000187,29.97,0.0,,2093150,0,Erika Kokay
2024,7,"SERVIÇO DE TÁXI, PEDÁGIO E ESTACIONAMENTO",7777547,Recibos/Outros,1,2024-07-03T00:00:00,3071996,19.96,https://www.camara.leg.br/cota-parlamentar/documentos/publ/2403/2024/7777547.pdf,UBER DO BRASIL TECNOLOGIA LTDA.,17895646000187,19.96,0.0,,2061150,0,Erika Kokay
2024,7,"SERVIÇO DE TÁXI, PEDÁGIO E ESTACIONAMENTO",7777480,Recibos/Outros,1,2024-07-05T00:00:00,31071994,19.94,https://www.camara.leg.br/cota-parlamentar/documentos/publ/2403/2024/7777480.pdf,UBER DO BRASIL TECNOLOGIA LTDA.,17895646000187,19.94,0.0,,2061124,0,Erika Kokay
2024,2,"SERVIÇO DE TÁXI, PEDÁGIO E ESTACIONAMENTO",7696812,Recibos/Outros,1,2024-02-19T00:00:00,3491,34.91,https://www.camara.leg.br/cota-parlamentar/documentos/publ/2403/2024/7696812.pdf,UBER DO BRASIL TECNOLOGIA LTDA.,17895646000187,34.91,0.0,,2018442,0,Erika Kokay
2024,6,"SERVIÇO DE TÁXI, PEDÁGIO E ESTACIONAMENTO",7755267,Recibos/Outros,1,2024-06-03T00:00:00,363370,33.7,https://www.camara.leg.br/cota-parlamentar/documentos/publ/2403/2024/7755267.pdf,UBER DO BRASIL TECNOLOGIA LTDA.,17895646000187,33.7,0.0,,2049856,0,Erika Kokay
2024,6,"SERVIÇO DE TÁXI, PEDÁGIO E ESTACIONAMENTO",7755264,Recibos/Outros,1,2024-06-03T00:00:00,363991,39.91,https://www.camara.leg.br/cota-parlamentar/documentos/publ/2403/2024/7755264.pdf,UBER DO BRASIL TECNOLOGIA LTDA.,17895646000187,39.91,0.0,,2049856,0,Erika Kokay
2024,2,"SERVIÇO DE TÁXI, PEDÁGIO E ESTACIONAMENTO",7713023,Recibos/Outros,1,2024-02-10T00:00:00,4100,41.0,https://www.camara.leg.br/cota-parlamentar/documentos/publ/2403/2024/7713023.pdf,UBER DO BRASIL TECNOLOGIA LTDA.,17895646000187,41.0,0.0,,2027146,0,Erika Kokay
2024,2,"SERVIÇO DE TÁXI, PEDÁGIO E ESTACIONAMENTO",7713021,Recibos/Outros,1,2024-02-13T00:00:00,4366,43.66,https://www.camara.leg.br/cota-parlamentar/documentos/publ/2403/2024/7713021.pdf,UBER DO BRASIL TECNOLOGIA LTDA.,17895646000187,43.66,0.0,,2027146,0,Erika Kokay
2024,6,"SERVIÇO DE TÁXI, PEDÁGIO E ESTACIONAMENTO",7755270,Recibos/Outros,1,2024-06-04T00:00:00,463494,34.94,https://www.camara.leg.br/cota-parlamentar/documentos/publ/2403/2024/7755270.pdf,UBER DO BRASIL TECNOLOGIA LTDA.,17895646000187,34.94,0.0,,2049856,0,Erika Kokay
2024,6,"SERVIÇO DE TÁXI, PEDÁGIO E ESTACIONAMENTO",7755280,Recibos/Outros,1,2024-06-04T00:00:00,466994,69.94,https://www.camara.leg.br/cota-parlamentar/documentos/publ/2403/2024/7755280.pdf,UBER DO BRASIL TECNOLOGIA LTDA.,17895646000187,69.94,0.0,,2049856,0,Erika Kokay
2024,3,"SERVIÇO DE TÁXI, PEDÁGIO E ESTACIONAMENTO",7713014,Recibos/Outros,1,2024-03-18T00:00:00,4695,46.95,https://www.camara.leg.br/cota-parlamentar/documentos/publ/2403/2024/7713014.pdf,UBER DO BRASIL TECNOLOGIA LTDA.,17895646000187,46.95,0.0,,2027147,0,Erika Kokay
2024,7,"SERVIÇO DE TÁXI, PEDÁGIO E ESTACIONAMENTO",7779649,Recibos/Outros,1,2024-07-05T00:00:00,5074340,43.4,https://www.camara.leg.br/cota-parlamentar/documentos/publ/2403/2024/7779649.pdf,UBER DO BRASIL TECNOLOGIA LTDA.,17895646000187,43.4,0.0,,2062240,0,Erika Kokay
2024,7,"SERVIÇO DE TÁXI, PEDÁGIO E ESTACIONAMENTO",7779644,Recibos/Outros,1,2024-07-05T00:00:00,5076920,69.2,https://www.camara.leg.br/cota-parlamentar/documentos/publ/2403/2024/7779644.pdf,UBER DO BRASIL TECNOLOGIA LTDA.,17895646000187,69.2,0.0,,2062240,0,Erika Kokay
2024,7,"SERVIÇO DE TÁXI, PEDÁGIO E ESTACIONAMENTO",7777551,Recibos/Outros,1,2024-07-06T00:00:00,6072292,22.92,https://www.camara.leg.br/cota-parlamentar/documentos/publ/2403/2024/7777551.pdf,UBER DO BRASIL TECNOLOGIA LTDA.,17895646000187,22.92,0.0,,2061150,0,Erika Kokay
2024,7,"SERVIÇO DE TÁXI, PEDÁGIO E ESTACIONAMENTO",7777537,Recibos/Outros,1,2024-07-08T00:00:00,8072496,24.96,https://www.camara.leg.br/cota-parlamentar/documentos/publ/2403/2024/7777537.pdf,UBER DO BRASIL TECNOLOGIA LTDA.,17895646000187,24.96,0.0,,2061150,0,Erika Kokay
2024,7,"SERVIÇO DE TÁXI, PEDÁGIO E ESTACIONAMENTO",7777541,Recibos/Outros,1,2024-07-08T00:00:00,8073975,39.75,https://www.camara.leg.br/cota-parlamentar/documentos/publ/2403/2024/7777541.pdf,UBER DO BRASIL TECNOLOGIA LTDA.,17895646000187,39.75,0.0,,2061150,0,Erika Kokay
2024,7,"SERVIÇO DE TÁXI, PEDÁGIO E ESTACIONAMENTO",7779640,Recibos/Outros,1,2024-07-08T00:00:00,8075106,51.06,https://www.camara.leg.br/cota-parlamentar/documentos/publ/2403/2024/7779640.pdf,UBER DO BRASIL TECNOLOGIA LTDA.,17895646000187,51.06,0.0,,2062240,0,Erika Kokay
2024,4,"SERVIÇO DE TÁXI, PEDÁGIO E ESTACIONAMENTO",7712836,Recibos/Outros,1,2024-04-01T00:00:00,831,8.31,https://www.camara.leg.br/cota-parlamentar/documentos/publ/2403/2024/7712836.pdf,UBER DO BRASIL TECNOLOGIA LTDA.,17895646000187,8.31,0.0,,2027062,0,Erika Kokay
2024,7,"SERVIÇO DE TÁXI, PEDÁGIO E ESTACIONAMENTO",7779669,Recibos/Outros,1,2024-07-09T00:00:00,9075150,51.5,https://www.camara.leg.br/cota-parlamentar/documentos/publ/2403/2024/7779669.pdf,UBER DO BRASIL TECNOLOGIA LTDA.,17895646000187,51.5,0.0,,2062240,0,Erika Kokay
2024,7,"SERVIÇO DE TÁXI, PEDÁGIO E ESTACIONAMENTO",7779663,Recibos/Outros,1,2024-07-09T00:00:00,9075492,54.92,https://www.camara.leg.br/cota-parlamentar/documentos/publ/2403/2024/7779663.pdf,UBER DO BRASIL TECNOLOGIA LTDA.,17895646000187,54.92,0.0,,2062240,0,Erika Kokay
2024,4,"SERVIÇO DE TÁXI, PEDÁGIO E ESTACIONAMENTO",7738105,Recibos/Outros,1,2024-04-09T00:00:00,s/n,16.95,https://www.camara.leg.br/cota-parlamentar/documentos/publ/2403/2024/7738105.pdf,UBER DO BRASIL TECNOLOGIA LTDA.,17895646000187,16.95,0.0,,2040765,0,Erika Kokay
2024,4,"SERVIÇO DE TÁXI, PEDÁGIO E ESTACIONAMENTO",7738089,Recibos/Outros,1,2024-04-09T00:00:00,s/n,29.98,https://www.camara.leg.br/cota-parlamentar/documentos/publ/2403/2024/7738089.pdf,UBER DO BRASIL TECNOLOGIA LTDA.,17895646000187,29.98,0.0,,2040765,0,Erika Kokay
2024,4,"SERVIÇO DE TÁXI, PEDÁGIO E ESTACIONAMENTO",7737937,Recibos/Outros,1,2024-04-10T00:00:00,s/n,9.9,https://www.camara.leg.br/cota-parlamentar/documentos/publ/2403/2024/7737937.pdf,UBER DO BRASIL TECNOLOGIA LTDA.,17895646000187,9.9,0.0,,2040719,0,Erika Kokay
2024,4,"SERVIÇO DE TÁXI, PEDÁGIO E ESTACIONAMENTO",7737922,Recibos/Outros,1,2024-04-10T00:00:00,s/n,10.87,https://www.camara.leg.br/cota-parlamentar/documentos/publ/2403/2024/7737922.pdf,UBER DO BRASIL TECNOLOGIA LTDA.,17895646000187,10.87,0.0,,2040690,0,Erika Kokay
2024,4,"SERVIÇO DE TÁXI, PEDÁGIO E ESTACIONAMENTO",7737966,Recibos/Outros,1,2024-04-11T00:00:00,s/n,19.84,https://www.camara.leg.br/cota-parlamentar/documentos/publ/2403/2024/7737966.pdf,UBER DO BRASIL TECNOLOGIA LTDA.,17895646000187,19.84,0.0,,2040721,0,Erika Kokay
2024,4,"SERVIÇO DE TÁXI, PEDÁGIO E ESTACIONAMENTO",7737861,Recibos/Outros,1,2024-04-16T00:00:00,s/n,12.74,https://www.camara.leg.br/cota-parlamentar/documentos/publ/2403/2024/7737861.pdf,UBER DO BRASIL TECNOLOGIA LTDA.,17895646000187,12.74,0.0,,2040671,0,Erika Kokay
2024,4,"SERVIÇO DE TÁXI, PEDÁGIO E ESTACIONAMENTO",7738123,Recibos/Outros,1,2024-04-22T00:00:00,s/n,19.97,https://www.camara.leg.br/cota-parlamentar/documentos/publ/2403/2024/7738123.pdf,UBER DO BRASIL TECNOLOGIA LTDA.,17895646000187,19.97,0.0,,2040765,0,Erika Kokay
2024,4,"SERVIÇO DE TÁXI, PEDÁGIO E ESTACIONAMENTO",7738118,Recibos/Outros,1,2024-04-23T00:00:00,s/n,24.97,https://www.camara.leg.br/cota-parlamentar/documentos/publ/2403/2024/7738118.pdf,UBER DO BRASIL TECNOLOGIA LTDA.,17895646000187,24.97,0.0,,2040765,0,Erika Kokay
2024,4,"SERVIÇO DE TÁXI, PEDÁGIO E ESTACIONAMENTO",7738018,Recibos/Outros,1,2024-04-23T00:00:00,s/n,28.38,https://www.camara.leg.br/cota-parlamentar/documentos/publ/2403/2024/7738018.pdf,UBER DO BRASIL TECNOLOGIA LTDA.,17895646000187,28.38,0.0,,2040732,0,Erika Kokay
2024,4,"SERVIÇO DE TÁXI, PEDÁGIO E ESTACIONAMENTO",7738021,Recibos/Outros,1,2024-04-23T00:00:00,s/n,35.54,https://www.camara.leg.br/cota-parlamentar/documentos/publ/2403/2024/7738021.pdf,UBER DO BRASIL TECNOLOGIA LTDA.,17895646000187,35.54,0.0,,2040732,0,Erika Kokay
2024,4,"SERVIÇO DE TÁXI, PEDÁGIO E ESTACIONAMENTO",7738013,Recibos/Outros,1,2024-04-24T00:00:00,s/n,20.3,https://www.camara.leg.br/cota-parlamentar/documentos/publ/2403/2024/7738013.pdf,UBER DO BRASIL TECNOLOGIA LTDA.,17895646000187,20.3,0.0,,2040732,0,Erika Kokay
2024,4,"SERVIÇO DE TÁXI, PEDÁGIO E ESTACIONAMENTO",7737868,Recibos/Outros,1,2024-04-25T00:00:00,s/n,59.99,https://www.camara.leg.br/cota-parlamentar/documentos/publ/2403/2024/7737868.pdf,UBER DO BRASIL TECNOLOGIA LTDA.,17895646000187,59.99,0.0,,2040671,0,Erika Kokay
2024,5,"SERVIÇO DE TÁXI, PEDÁGIO E ESTACIONAMENTO",7737853,Recibos/Outros,1,2024-05-02T00:00:00,s/n,24.97,https://www.camara.leg.br/cota-parlamentar/documentos/publ/2403/2024/7737853.pdf,UBER DO BRASIL TECNOLOGIA LTDA.,17895646000187,24.97,0.0,,2040673,0,Erika Kokay
2024,5,"SERVIÇO DE TÁXI, PEDÁGIO E ESTACIONAMENTO",7755487,Recibos/Outros,1,2024-05-02T00:00:00,s/n,27.72,https://www.camara.leg.br/cota-parlamentar/documentos/publ/2403/2024/7755487.pdf,UBER DO BRASIL TECNOLOGIA LTDA.,17895646000187,27.72,0.0,,2049970,0,Erika Kokay
2024,5,"SERVIÇO DE TÁXI, PEDÁGIO E ESTACIONAMENTO",7737880,Recibos/Outros,1,2024-05-11T00:00:00,s/n,16.94,https://www.camara.leg.br/cota-parlamentar/documentos/publ/2403/2024/7737880.pdf,UBER DO BRASIL TECNOLOGIA LTDA.,17895646000187,16.94,0.0,,2040673,0,Erika Kokay
2024,5,"SERVIÇO DE TÁXI, PEDÁGIO E ESTACIONAMENTO",7737872,Recibos/Outros,1,2024-05-11T00:00:00,s/n,21.98,https://www.camara.leg.br/cota-parlamentar/documentos/publ/2403/2024/7737872.pdf,UBER DO BRASIL TECNOLOGIA LTDA.,17895646000187,21.98,0.0,,2040673,0,Erika Kokay
2024,5,"SERVIÇO DE TÁXI, PEDÁGIO E ESTACIONAMENTO",7737970,Recibos/Outros,1,2024-05-13T00:00:00,s/n,9.99,https://www.camara.leg.br/cota-parlamentar/documentos/publ/2403/2024/7737970.pdf,UBER DO BRASIL TECNOLOGIA LTDA.,17895646000187,9.99,0.0,,2040719,0,Erika Kokay
2024,5,"SERVIÇO DE TÁXI, PEDÁGIO E ESTACIONAMENTO",7737928,Recibos/Outros,1,2024-05-16T00:00:00,s/n,23.2,https://www.camara.leg.br/cota-parlamentar/documentos/publ/2403/2024/7737928.pdf,UBER DO BRASIL TECNOLOGIA LTDA.,17895646000187,23.2,0.0,,2040691,0,Erika Kokay
2024,5,"SERVIÇO DE TÁXI, PEDÁGIO E ESTACIONAMENTO",7755598,Recibos/Outros,1,2024-05-23T00:00:00,s/n,18.54,https://www.camara.leg.br/cota-parlamentar/documentos/publ/2403/2024/7755598.pdf,UBER DO BRASIL TECNOLOGIA LTDA.,17895646000187,18.54,0.0,,2049994,0,Erika Kokay
2024,5,"SERVIÇO DE TÁXI, PEDÁGIO E ESTACIONAMENTO",7755603,Recibos/Outros,1,2024-05-23T00:00:00,s/n,19.95,https://www.camara.leg.br/cota-parlamentar/documentos/publ/2403/2024/7755603.pdf,UBER DO BRASIL TECNOLOGIA LTDA.,17895646000187,19.95,0.0,,2049994,0,Erika Kokay
2024,5,"SERVIÇO DE TÁXI, PEDÁGIO E ESTACIONAMENTO",7755628,Recibos/Outros,1,2024-05-24T00:00:00,S/N,19.9,https://www.camara.leg.br/cota-parlamentar/documentos/publ/2403/2024/7755628.pdf,UBER DO BRASIL TECNOLOGIA LTDA.,17895646000187,19.9,0.0,,2051468,0,Erika Kokay
2024,5,"SERVIÇO DE TÁXI, PEDÁGIO E ESTACIONAMENTO",7760692,Recibos/Outros,1,2024-05-24T00:00:00,s/n,64.9,https://www.camara.leg.br/cota-parlamentar/documentos/publ/2403/2024/7760692.pdf,UBER DO BRASIL TECNOLOGIA LTDA.,17895646000187,64.9,0.0,,2052578,0,Erika Kokay
2024,5,"SERVIÇO DE TÁXI, PEDÁGIO E ESTACIONAMENTO",7760680,Recibos/Outros,1,2024-05-28T00:00:00,s/n,59.94,https://www.camara.leg.br/cota-parlamentar/documentos/publ/2403/2024/7760680.pdf,UBER DO BRASIL TECNOLOGIA LTDA.,17895646000187,59.94,0.0,,2052578,0,Erika Kokay
2024,6,"SERVIÇO DE TÁXI, PEDÁGIO E ESTACIONAMENTO",7760681,Recibos/Outros,1,2024-06-18T00:00:00,s/n,45.74,https://www.camara.leg.br/cota-parlamentar/documentos/publ/2403/2024/7760681.pdf,UBER DO BRASIL TECNOLOGIA LTDA.,17895646000187,45.74,0.0,,2052579,0,Erika Kokay
2024,6,"SERVIÇO DE TÁXI, PEDÁGIO E ESTACIONAMENTO",7760683,Recibos/Outros,1,2024-06-18T00:00:00,s/n,51.87,https://www.camara.leg.br/cota-parlamentar/documentos/publ/2403/2024/7760683.pdf,UBER DO BRASIL TECNOLOGIA LTDA.,17895646000187,51.87,0.0,,2052579,0,Erika Kokay
2024,6,"SERVIÇO DE TÁXI, PEDÁGIO E ESTACIONAMENTO",7760687,Recibos/Outros,1,2024-06-20T00:00:00,s/n,57.73,https://www.camara.leg.br/cota-parlamentar/documentos/publ/2403/2024/7760687.pdf,UBER DO BRASIL TECNOLOGIA LTDA.,17895646000187,57.73,0.0,,2052579,0,Erika Kokay
2024,6,"SERVIÇO DE TÁXI, PEDÁGIO E ESTACIONAMENTO",7779659,Recibos/Outros,1,2024-06-27T00:00:00,s/n,56.11,https://www.camara.leg.br/cota-parlamentar/documentos/publ/2403/2024/7779659.pdf,UBER DO BRASIL TECNOLOGIA LTDA.,17895646000187,56.11,0.0,,2062239,0,Erika Kokay
2024,6,"SERVIÇO DE TÁXI, PEDÁGIO E ESTACIONAMENTO",7779657,Recibos/Outros,1,2024-06-28T00:00:00,s/n,55.85,https://www.camara.leg.br/cota-parlamentar/documentos/publ/2403/2024/7779657.pdf,UBER DO BRASIL TECNOLOGIA LTDA.,17895646000187,55.85,0.0,,2062239,0,Erika Kokay
2024,7,"SERVIÇO DE TÁXI, PEDÁGIO E ESTACIONAMENTO",7797279,Recibos/Outros,1,2024-07-02T00:00:00,s/n,13.92,https://www.camara.leg.br/cota-parlamentar/documentos/publ/2403/2024/7797279.pdf,UBER DO BRASIL TECNOLOGIA LTDA.,17895646000187,13.92,0.0,,2071077,0,Erika Kokay
2024,7,"SERVIÇO DE TÁXI, PEDÁGIO E ESTACIONAMENTO",7797313,Recibos/Outros,1,2024-07-04T00:00:00,s/n,10.95,https://www.camara.leg.br/cota-parlamentar/documentos/publ/2403/2024/7797313.pdf,UBER DO BRASIL TECNOLOGIA LTDA.,17895646000187,10.95,0.0,,2071077,0,Erika Kokay
2024,7,"SERVIÇO DE TÁXI, PEDÁGIO E ESTACIONAMENTO",7797311,Recibos/Outros,1,2024-07-04T00:00:00,s/n,13.92,https://www.camara.leg.br/cota-parlamentar/documentos/publ/2403/2024/7797311.pdf,UBER DO BRASIL TECNOLOGIA LTDA.,17895646000187,13.92,0.0,,2071077,0,Erika Kokay
2024,7,"SERVIÇO DE TÁXI, PEDÁGIO E ESTACIONAMENTO",7797318,Recibos/Outros,1,2024-07-05T00:00:00,s/n,9.93,https://www.camara.leg.br/cota-parlamentar/documentos/publ/2403/2024/7797318.pdf,UBER DO BRASIL TECNOLOGIA LTDA.,17895646000187,9.93,0.0,,2071077,0,Erika Kokay
2024,7,"SERVIÇO DE TÁXI, PEDÁGIO E ESTACIONAMENTO",7797330,Recibos/Outros,1,2024-07-10T00:00:00,s/n,10.93,https://www.camara.leg.br/cota-parlamentar/documentos/publ/2403/2024/7797330.pdf,UBER DO BRASIL TECNOLOGIA LTDA.,17895646000187,10.93,0.0,,2071077,0,Erika Kokay
2024,7,"SERVIÇO DE TÁXI, PEDÁGIO E ESTACIONAMENTO",7797328,Recibos/Outros,1,2024-07-10T00:00:00,s/n,11.93,https://www.camara.leg.br/cota-parlamentar/documentos/publ/2403/2024/7797328.pdf,UBER DO BRASIL TECNOLOGIA LTDA.,17895646000187,11.93,0.0,,2071077,0,Erika Kokay
2024,7,"SERVIÇO DE TÁXI, PEDÁGIO E ESTACIONAMENTO",7797334,Recibos/Outros,1,2024-07-10T00:00:00,s/n,11.99,https://www.camara.leg.br/cota-parlamentar/documentos/publ/2403/2024/7797334.pdf,UBER DO BRASIL TECNOLOGIA LTDA.,17895646000187,11.99,0.0,,2071077,0,Erika Kokay
2024,7,"SERVIÇO DE TÁXI, PEDÁGIO E ESTACIONAMENTO",7797325,Recibos/Outros,1,2024-07-10T00:00:00,s/n,12.92,https://www.camara.leg.br/cota-parlamentar/documentos/publ/2403/2024/7797325.pdf,UBER DO BRASIL TECNOLOGIA LTDA.,17895646000187,12.92,0.0,,2071077,0,Erika Kokay
2024,7,"SERVIÇO DE TÁXI, PEDÁGIO E ESTACIONAMENTO",7797338,Recibos/Outros,1,2024-07-11T00:00:00,s/n,13.99,https://www.camara.leg.br/cota-parlamentar/documentos/publ/2403/2024/7797338.pdf,UBER DO BRASIL TECNOLOGIA LTDA.,17895646000187,13.99,0.0,,2071077,0,Erika Kokay
2024,7,"SERVIÇO DE TÁXI, PEDÁGIO E ESTACIONAMENTO",7797339,Recibos/Outros,1,2024-07-17T00:00:00,s/n,13.97,https://www.camara.leg.br/cota-parlamentar/documentos/publ/2403/2024/7797339.pdf,UBER DO BRASIL TECNOLOGIA LTDA.,17895646000187,13.97,0.0,,2071077,0,Erika Kokay
2024,7,"SERVIÇO DE TÁXI, PEDÁGIO E ESTACIONAMENTO",7797342,Recibos/Outros,1,2024-07-17T00:00:00,s/n,14.97,https://www.camara.leg.br/cota-parlamentar/documentos/publ/2403/2024/7797342.pdf,UBER DO BRASIL TECNOLOGIA LTDA.,17895646000187,14.97,0.0,,2071078,0,Erika Kokay
2024,7,"SERVIÇO DE TÁXI, PEDÁGIO E ESTACIONAMENTO",7797341,Recibos/Outros,1,2024-07-17T00:00:00,s/n,19.95,https://www.camara.leg.br/cota-parlamentar/documentos/publ/2403/2024/7797341.pdf,UBER DO BRASIL TECNOLOGIA LTDA.,17895646000187,19.95,0.0,,2071078,0,Erika Kokay
2024,8,"SERVIÇO DE TÁXI, PEDÁGIO E ESTACIONAMENTO",7797343,Recibos/Outros,1,2024-08-01T00:00:00,s/n,28.93,https://www.camara.leg.br/cota-parlamentar/documentos/publ/2403/2024/7797343.pdf,UBER DO BRASIL TECNOLOGIA LTDA.,17895646000187,28.93,0.0,,2071079,0,Erika Kokay
2024,8,"SERVIÇO DE TÁXI, PEDÁGIO E ESTACIONAMENTO",7792715,Recibos/Outros,1,2024-08-14T00:00:00,s/n,34.96,https://www.camara.leg.br/cota-parlamentar/documentos/publ/2403/2024/7792715.pdf,UBER DO BRASIL TECNOLOGIA LTDA.,17895646000187,34.96,0.0,,2068669,0,Erika Kokay
2024,8,"SERVIÇO DE TÁXI, PEDÁGIO E ESTACIONAMENTO",7792716,Recibos/Outros,1,2024-08-14T00:00:00,s/n,45.64,https://www.camara.leg.br/cota-parlamentar/documentos/publ/2403/2024/7792716.pdf,UBER DO BRASIL TECNOLOGIA LTDA.,17895646000187,45.64,0.0,,2068669,0,Erika Kokay
2024,8,"SERVIÇO DE TÁXI, PEDÁGIO E ESTACIONAMENTO",7799673,Recibos/Outros,1,2024-08-15T00:00:00,s/n,11.96,https://www.camara.leg.br/cota-parlamentar/documentos/publ/2403/2024/7799673.pdf,UBER DO BRASIL TECNOLOGIA LTDA.,17895646000187,11.96,0.0,,2072383,0,Erika Kokay
2024,8,"SERVIÇO DE TÁXI, PEDÁGIO E ESTACIONAMENTO",7799769,Recibos/Outros,1,2024-08-21T00:00:00,s/n,33.61,https://www.camara.leg.br/cota-parlamentar/documentos/publ/2403/2024/7799769.pdf,UBER DO BRASIL TECNOLOGIA LTDA.,17895646000187,33.61,0.0,,2072383,0,Erika Kokay
2024,8,"SERVIÇO DE TÁXI, PEDÁGIO E ESTACIONAMENTO",7799666,Recibos/Outros,1,2024-08-22T00:00:00,s/n,31.18,https://www.camara.leg.br/cota-parlamentar/documentos/publ/2403/2024/7799666.pdf,UBER DO BRASIL TECNOLOGIA LTDA.,17895646000187,31.18,0.0,,2072383,0,Erika Kokay
2024,8,"SERVIÇO DE TÁXI, PEDÁGIO E ESTACIONAMENTO",7800026,Recibos/Outros,1,2024-08-27T00:00:00,s/n,51.91,https://www.camara.leg.br/cota-parlamentar/documentos/publ/2403/2024/7800026.pdf,UBER DO BRASIL TECNOLOGIA LTDA.,17895646000187,51.91,0.0,,2072535,0,Erika Kokay
2024,8,"SERVIÇO DE TÁXI, PEDÁGIO E ESTACIONAMENTO",7800023,Recibos/Outros,1,2024-08-27T00:00:00,s/n,52.98,https://www.camara.leg.br/cota-parlamentar/documentos/publ/2403/2024/7800023.pdf,UBER DO BRASIL TECNOLOGIA LTDA.,17895646000187,52.98,0.0,,2072535,0,Erika Kokay
2024,8,"SERVIÇO DE TÁXI, PEDÁGIO E ESTACIONAMENTO",7800029,Recibos/Outros,1,2024-08-29T00:00:00,s/n,45.09,https://www.camara.leg.br/cota-parlamentar/documentos/publ/2403/2024/7800029.pdf,UBER DO BRASIL TECNOLOGIA LTDA.,17895646000187,45.09,0.0,,2072535,0,Erika Kokay
2024,8,"SERVIÇO DE TÁXI, PEDÁGIO E ESTACIONAMENTO",7800036,Recibos/Outros,1,2024-08-29T00:00:00,s/n,54.95,https://www.camara.leg.br/cota-parlamentar/documentos/publ/2403/2024/7800036.pdf,UBER DO BRASIL TECNOLOGIA LTDA.,17895646000187,54.95,0.0,,2072535,0,Erika Kokay
2024,8,"SERVIÇO DE TÁXI, PEDÁGIO E ESTACIONAMENTO",7799661,Recibos/Outros,1,2024-08-30T00:00:00,s/n,33.34,https://www.camara.leg.br/cota-parlamentar/documentos/publ/2403/2024/7799661.pdf,UBER DO BRASIL TECNOLOGIA LTDA.,17895646000187,33.34,0.0,,2072383,0,Erika Kokay
2024,10,"SERVIÇO DE TÁXI, PEDÁGIO E ESTACIONAMENTO",7817007,Recibos/Outros,1,2024-09-10T00:00:00,s/n,17.94,https://www.camara.leg.br/cota-parlamentar/documentos/publ/2403/2024/7817007.pdf,UBER DO BRASIL TECNOLOGIA LTDA.,17895646000187,17.94,0.0,,2081825,0,Erika Kokay
2024,9,"SERVIÇO DE TÁXI, PEDÁGIO E ESTACIONAMENTO",7817012,Recibos/Outros,1,2024-09-15T00:00:00,s/n,16.96,https://www.camara.leg.br/cota-parlamentar/documentos/publ/2403/2024/7817012.pdf,UBER DO BRASIL TECNOLOGIA LTDA.,17895646000187,16.96,0.0,,2081825,0,Erika Kokay
2024,9,"SERVIÇO DE TÁXI, PEDÁGIO E ESTACIONAMENTO",7817046,Recibos/Outros,1,2024-09-24T00:00:00,s/n,34.9,https://www.camara.leg.br/cota-parlamentar/documentos/publ/2403/2024/7817046.pdf,UBER DO BRASIL TECNOLOGIA LTDA.,17895646000187,34.9,0.0,,2081841,0,Erika Kokay
2024,9,"SERVIÇO DE TÁXI, PEDÁGIO E ESTACIONAMENTO",7817049,Recibos/Outros,1,2024-09-24T00:00:00,s/n,37.72,https://www.camara.leg.br/cota-parlamentar/documentos/publ/2403/2024/7817049.pdf,UBER DO BRASIL TECNOLOGIA LTDA.,17895646000187,37.72,0.0,,2081841,0,Erika Kokay
2024,11,"SERVIÇO DE TÁXI, PEDÁGIO E ESTACIONAMENTO",7846697,Recibos/Outros,1,2024-12-05T00:00:00,s/n,8.31,https://www.camara.leg.br/cota-parlamentar/documentos/publ/2403/2024/7846697.pdf,UBER DO BRASIL TECNOLOGIA LTDA.,17895646000187,8.31,0.0,,2097902,0,Erika Kokay
2024,12,"SERVIÇO DE TÁXI, PEDÁGIO E ESTACIONAMENTO",7846853,Recibos/Outros,1,2024-12-06T00:00:00,s/n,17.9,https://www.camara.leg.br/cota-parlamentar/documentos/publ/2403/2024/7846853.pdf,UBER DO BRASIL TECNOLOGIA LTDA.,17895646000187,17.9,0.0,,2097941,0,Erika Kokay
2024,12,"SERVIÇO DE TÁXI, PEDÁGIO E ESTACIONAMENTO",7848126,Recibos/Outros,1,2024-12-06T00:00:00,s/n,51.37,https://www.camara.leg.br/cota-parlamentar/documentos/publ/2403/2024/7848126.pdf,UBER DO BRASIL TECNOLOGIA LTDA.,17895646000187,51.37,0.0,,2098626,0,Erika Kokay
2024,12,"SERVIÇO DE TÁXI, PEDÁGIO E ESTACIONAMENTO",7846850,Recibos/Outros,1,2024-12-06T00:00:00,s/n,54.9,https://www.camara.leg.br/cota-parlamentar/documentos/publ/2403/2024/7846850.pdf,UBER DO BRASIL TECNOLOGIA LTDA.,17895646000187,54.9,0.0,,2097941,0,Erika Kokay
2024,12,"SERVIÇO DE TÁXI, PEDÁGIO E ESTACIONAMENTO",7846790,Recibos/Outros,1,2024-12-07T00:00:00,s/n,16.92,https://www.camara.leg.br/cota-parlamentar/documentos/publ/2403/2024/7846790.pdf,UBER DO BRASIL TECNOLOGIA LTDA.,17895646000187,16.92,0.0,,2097932,0,Erika Kokay
2024,12,"SERVIÇO DE TÁXI, PEDÁGIO E ESTACIONAMENTO",7846795,Recibos/Outros,1,2024-12-07T00:00:00,s/n,16.92,https://www.camara.leg.br/cota-parlamentar/documentos/publ/2403/2024/7846795.pdf,UBER DO BRASIL TECNOLOGIA LTDA.,17895646000187,16.92,0.0,,2097932,0,Erika Kokay
2024,12,"SERVIÇO DE TÁXI, PEDÁGIO E ESTACIONAMENTO",7846846,Recibos/Outros,1,2024-12-07T00:00:00,s/n,43.07,https://www.camara.leg.br/cota-parlamentar/documentos/publ/2403/2024/7846846.pdf,UBER DO BRASIL TECNOLOGIA LTDA.,17895646000187,43.07,0.0,,2097941,0,Erika Kokay
2024,12,"SERVIÇO DE TÁXI, PEDÁGIO E ESTACIONAMENTO",7846807,Recibos/Outros,1,2024-12-09T00:00:00,s/n,22.96,https://www.camara.leg.br/cota-parlamentar/documentos/publ/2403/2024/7846807.pdf,UBER DO BRASIL TECNOLOGIA LTDA.,17895646000187,22.96,0.0,,2097932,0,Erika Kokay
2024,12,"SERVIÇO DE TÁXI, PEDÁGIO E ESTACIONAMENTO",7846801,Recibos/Outros,1,2024-12-09T00:00:00,s/n,23.92,https://www.camara.leg.br/cota-parlamentar/documentos/publ/2403/2024/7846801.pdf,UBER DO BRASIL TECNOLOGIA LTDA.,17895646000187,23.92,0.0,,2097932,0,Erika Kokay
2024,12,"SERVIÇO DE TÁXI, PEDÁGIO E ESTACIONAMENTO",7846823,Recibos/Outros,1,2024-12-10T00:00:00,s/n,22.54,https://www.camara.leg.br/cota-parlamentar/documentos/publ/2403/2024/7846823.pdf,UBER DO BRASIL TECNOLOGIA LTDA.,17895646000187,22.54,0.0,,2097932,0,Erika Kokay
2024,12,"SERVIÇO DE TÁXI, PEDÁGIO E ESTACIONAMENTO",7846813,Recibos/Outros,1,2024-12-10T00:00:00,s/n,24.54,https://www.camara.leg.br/cota-parlamentar/documentos/publ/2403/2024/7846813.pdf,UBER DO BRASIL TECNOLOGIA LTDA.,17895646000187,24.54,0.0,,2097932,0,Erika Kokay
2024,12,"SERVIÇO DE TÁXI, PEDÁGIO E ESTACIONAMENTO",7846842,Recibos/Outros,1,2024-12-11T00:00:00,s/n,12.75,https://www.camara.leg.br/cota-parlamentar/documentos/publ/2403/2024/7846842.pdf,UBER DO BRASIL TECNOLOGIA LTDA.,17895646000187,12.75,0.0,,2097941,0,Erika Kokay
2024,12,"SERVIÇO DE TÁXI, PEDÁGIO E ESTACIONAMENTO",7846838,Recibos/Outros,1,2024-12-12T00:00:00,s/n,19.93,https://www.camara.leg.br/cota-parlamentar/documentos/publ/2403/2024/7846838.pdf,UBER DO BRASIL TECNOLOGIA LTDA.,17895646000187,19.93,0.0,,2097941,0,Erika Kokay
2024,12,"SERVIÇO DE TÁXI, PEDÁGIO E ESTACIONAMENTO",7846889,Recibos/Outros,1,2024-12-13T00:00:00,s/n,24.97,https://www.camara.leg.br/cota-parlamentar/documentos/publ/2403/2024/7846889.pdf,UBER DO BRASIL TECNOLOGIA LTDA.,17895646000187,24.97,0.0,,2097964,0,Erika Kokay
2024,12,"SERVIÇO DE TÁXI, PEDÁGIO E ESTACIONAMENTO",7848123,Recibos/Outros,1,2024-12-16T00:00:00,s/n,62.96,https://www.camara.leg.br/cota-parlamentar/documentos/publ/2403/2024/7848123.pdf,UBER DO BRASIL TECNOLOGIA LTDA.,17895646000187,62.96,0.0,,2098626,0,Erika Kokay
2024,8,"SERVIÇO DE TÁXI, PEDÁGIO E ESTACIONAMENTO",7802209,Recibos/Outros,1,2024-08-01T00:00:00,SN,28.93,https://www.camara.leg.br/cota-parlamentar/documentos/publ/2403/2024/7802209.pdf,UBER DO BRASIL TECNOLOGIA LTDA.,17895646000187,28.93,0.0,,2073556,0,Erika Kokay
2024,8,"SERVIÇO DE TÁXI, PEDÁGIO E ESTACIONAMENTO",7802210,Recibos/Outros,1,2024-08-03T00:00:00,SN,54.98,https://www.camara.leg.br/cota-parlamentar/documentos/publ/2403/2024/7802210.pdf,UBER DO BRASIL TECNOLOGIA LTDA.,17895646000187,54.98,0.0,,2073556,0,Erika Kokay
2024,8,"SERVIÇO DE TÁXI, PEDÁGIO E ESTACIONAMENTO",7802212,Recibos/Outros,1,2024-08-06T00:00:00,SN,15.92,https://www.camara.leg.br/cota-parlamentar/documentos/publ/2403/2024/7802212.pdf,UBER DO BRASIL TECNOLOGIA LTDA.,17895646000187,15.92,0.0,,2073556,0,Erika Kokay
2024,8,"SERVIÇO DE TÁXI, PEDÁGIO E ESTACIONAMENTO",7802215,Recibos/Outros,1,2024-08-07T00:00:00,SN,19.98,https://www.camara.leg.br/cota-parlamentar/documentos/publ/2403/2024/7802215.pdf,UBER DO BRASIL TECNOLOGIA LTDA.,17895646000187,19.98,0.0,,2073556,0,Erika Kokay
2024,8,"SERVIÇO DE TÁXI, PEDÁGIO E ESTACIONAMENTO",7802217,Recibos/Outros,1,2024-08-08T00:00:00,SN,13.96,https://www.camara.leg.br/cota-parlamentar/documentos/publ/2403/2024/7802217.pdf,UBER DO BRASIL TECNOLOGIA LTDA.,17895646000187,13.96,0.0,,2073556,0,Erika Kokay
2024,8,"SERVIÇO DE TÁXI, PEDÁGIO E ESTACIONAMENTO",7802218,Recibos/Outros,1,2024-08-08T00:00:00,SN,18.94,https://www.camara.leg.br/cota-parlamentar/documentos/publ/2403/2024/7802218.pdf,UBER DO BRASIL TECNOLOGIA LTDA.,17895646000187,18.94,0.0,,2073556,0,Erika Kokay
2024,8,"SERVIÇO DE TÁXI, PEDÁGIO E ESTACIONAMENTO",7802220,Recibos/Outros,1,2024-08-12T00:00:00,SN,10.99,https://www.camara.leg.br/cota-parlamentar/documentos/publ/2403/2024/7802220.pdf,UBER DO BRASIL TECNOLOGIA LTDA.,17895646000187,10.99,0.0,,2073556,0,Erika Kokay
2024,8,"SERVIÇO DE TÁXI, PEDÁGIO E ESTACIONAMENTO",7802223,Recibos/Outros,1,2024-08-13T00:00:00,SN,15.94,https://www.camara.leg.br/cota-parlamentar/documentos/publ/2403/2024/7802223.pdf,UBER DO BRASIL TECNOLOGIA LTDA.,17895646000187,15.94,0.0,,2073556,0,Erika Kokay
2024,8,"SERVIÇO DE TÁXI, PEDÁGIO E ESTACIONAMENTO",7802225,Recibos/Outros,1,2024-08-14T00:00:00,SN,10.95,https://www.camara.leg.br/cota-parlamentar/documentos/publ/2403/2024/7802225.pdf,UBER DO BRASIL TECNOLOGIA LTDA.,17895646000187,10.95,0.0,,2073556,0,Erika Kokay
2024,8,"SERVIÇO DE TÁXI, PEDÁGIO E ESTACIONAMENTO",7802228,Recibos/Outros,1,2024-08-15T00:00:00,SN,18.9,https://www.camara.leg.br/cota-parlamentar/documentos/publ/2403/2024/7802228.pdf,UBER DO BRASIL TECNOLOGIA LTDA.,17895646000187,18.9,0.0,,2073556,0,Erika Kokay
2024,10,"SERVIÇO DE TÁXI, PEDÁGIO E ESTACIONAMENTO",7838157,Recibos/Outros,1,2024-10-21T00:00:00,sn,13.98,https://www.camara.leg.br/cota-parlamentar/documentos/publ/2403/2024/7838157.pdf,UBER DO BRASIL TECNOLOGIA LTDA.,17895646000187,13.98,0.0,,2093140,0,Erika Kokay
2024,10,"SERVIÇO DE TÁXI, PEDÁGIO E ESTACIONAMENTO",7838162,Recibos/Outros,1,2024-10-21T00:00:00,sn,14.95,https://www.camara.leg.br/cota-parlamentar/documentos/publ/2403/2024/7838162.pdf,UBER DO BRASIL TECNOLOGIA LTDA.,17895646000187,14.95,0.0,,2093140,0,Erika Kokay
2024,10,"SERVIÇO DE TÁXI, PEDÁGIO E ESTACIONAMENTO",7838164,Recibos/Outros,1,2024-10-29T00:00:00,sn,14.92,https://www.camara.leg.br/cota-parlamentar/documentos/publ/2403/2024/7838164.pdf,UBER DO BRASIL TECNOLOGIA LTDA.,17895646000187,14.92,0.0,,2093140,0,Erika Kokay
2024,11,"SERVIÇO DE TÁXI, PEDÁGIO E ESTACIONAMENTO",7838058,Recibos/Outros,1,2024-11-26T00:00:00,sn,18.93,https://www.camara.leg.br/cota-parlamentar/documentos/publ/2403/2024/7838058.pdf,UBER DO BRASIL TECNOLOGIA LTDA.,17895646000187,18.93,0.0,,2093076,0,Erika Kokay
2024,2,MANUTENÇÃO DE ESCRITÓRIO DE APOIO À ATIVIDADE PARLAMENTAR,7701570,Nota Fiscal,0,2024-02-06T00:00:00,1010,700.0,https://www.camara.leg.br/cota-parlamentar/documentos/publ/3541/2024/7701570.pdf,AMORETTO CAFES EXPRESSO LTDA,08532429000131,700.0,0.0,,2021077,0,Fred Linhares
2024,3,MANUTENÇÃO DE ESCRITÓRIO DE APOIO À ATIVIDADE PARLAMENTAR,7704068,Nota Fiscal,0,2024-03-13T00:00:00,1098,700.0,https://www.camara.leg.br/cota-parlamentar/documentos/publ/3541/2024/7704068.pdf,AMORETTO CAFES EXPRESSO LTDA,08532429000131,700.0,0.0,,2022346,0,Fred Linhares
2024,5,MANUTENÇÃO DE ESCRITÓRIO DE APOIO À ATIVIDADE PARLAMENTAR,7734644,Nota Fiscal,0,2024-05-09T00:00:00,1272,700.0,https://www.camara.leg.br/cota-parlamentar/documentos/publ/3541/2024/7734644.pdf,AMORETTO CAFES EXPRESSO LTDA,08532429000131,700.0,0.0,,2039212,0,Fred Linhares
2024,6,MANUTENÇÃO DE ESCRITÓRIO DE APOIO À ATIVIDADE PARLAMENTAR,7754593,Nota Fiscal,0,2024-06-10T00:00:00,1360,700.0,https://www.camara.leg.br/cota-parlamentar/documentos/publ/3541/2024/7754593.pdf,AMORETTO CAFES EXPRESSO LTDA,08532429000131,700.0,0.0,,2049555,0,Fred Linhares
2024,7,MANUTENÇÃO DE ESCRITÓRIO DE APOIO À ATIVIDADE PARLAMENTAR,7779710,Nota Fiscal,0,2024-07-10T00:00:00,1439,700.0,https://www.camara.leg.br/cota-parlamentar/documentos/publ/3541/2024/7779710.pdf,AMORETTO CAFES EXPRESSO LTDA,08532429000131,700.0,0.0,,2062267,0,Fred Linhares
2024,8,MANUTENÇÃO DE ESCRITÓRIO DE APOIO À ATIVIDADE PARLAMENTAR,7812428,Nota Fiscal,0,2024-08-07T00:00:00,1525,700.0,https://www.camara.leg.br/cota-parlamentar/documentos/publ/3541/2024/7812428.pdf,AMORETTO CAFES EXPRESSO LTDA,08532429000131,700.0,0.0,,2079538,0,Fred Linhares
2024,11,MANUTENÇÃO DE ESCRITÓRIO DE APOIO À ATIVIDADE PARLAMENTAR,7826241,Nota Fiscal,0,2024-11-05T00:00:00,1720,700.0,https://www.camara.leg.br/cota-parlamentar/documentos/publ/3541/2024/7826241.pdf,AMORETTO CAFES EXPRESSO LTDA,08532429000131,700.0,0.0,,2086723,0,Fred Linhares
2024,1,MANUTENÇÃO DE ESCRITÓRIO DE APOIO À ATIVIDADE PARLAMENTAR,7676753,Nota Fiscal,0,2024-01-04T00:00:00,934,662.0,https://www.camara.leg.br/cota-parlamentar/documentos/publ/3541/2024/7676753.pdf,AMORETTO CAFES EXPRESSO LTDA,08532429000131,662.0,0.0,,2007069,0,Fred Linhares
2024,4,MANUTENÇÃO DE ESCRITÓRIO DE APOIO À ATIVIDADE PARLAMENTAR,7718767,Nota Fiscal,0,2024-04-05T00:00:00,1183,700.0,https://www.camara.leg.br/cota-parlamentar/documentos/publ/3541/2024/7718767.pdf,AMORETTO CAFES EXPRESSO LTDA.,08532429000131,700.0,0.0,,2030547,0,Fred Linhares
2024,1,MANUTENÇÃO DE ESCRITÓRIO DE APOIO À ATIVIDADE PARLAMENTAR,7676769,Recibos/Outros,1,2024-01-23T00:00:00,0000106,2200.0,https://www.camara.leg.br/cota-parlamentar/documentos/publ/3541/2024/7676769.pdf,PERFECT ASSESSORIA EM LICITACAO LTDA,42051768000134,2200.0,0.0,,2007070,0,Fred Linhares
2024,2,MANUTENÇÃO DE ESCRITÓRIO DE APOIO À ATIVIDADE PARLAMENTAR,7699939,Nota Fiscal,0,2024-02-20T00:00:00,0000121,2200.0,https://www.camara.leg.br/cota-parlamentar/documentos/publ/3541/2024/7699939.pdf,PERFECT ASSESSORIA EM LICITACAO LTDA,42051768000134,2200.0,0.0,,2020233,0,Fred Linhares
2024,3,MANUTENÇÃO DE ESCRITÓRIO DE APOIO À ATIVIDADE PARLAMENTAR,7734856,Recibos/Outros,1,2024-03-18T00:00:00,0000135,2200.0,https://www.camara.leg.br/cota-parlamentar/documentos/publ/3541/2024/7734856.pdf,PERFECT ASSESSORIA EM LICITACAO LTDA,42051768000134,2200.0,0.0,,2039209,0,Fred Linhares
2024,4,MANUTENÇÃO DE ESCRITÓRIO DE APOIO À ATIVIDADE PARLAMENTAR,7734852,Recibos/Outros,1,2024-04-22T00:00:00,0000300,2200.0,https://www.camara.leg.br/cota-parlamentar/documentos/publ/3541/2024/7734852.pdf,PERFECT ASSESSORIA EM LICITACAO LTDA,42051768000134,2200.0,0.0,,2039211,0,Fred Linhares
2024,5,MANUTENÇÃO DE ESCRITÓRIO DE APOIO À ATIVIDADE PARLAMENTAR,7738938,Recibos/Outros,1,2024-05-20T00:00:00,0000320,2200.0,https://www.camara.leg.br/cota-parlamentar/documentos/publ/3541/2024/7738938.pdf,PERFECT ASSESSORIA EM LICITACAO LTDA,42051768000134,2200.0,0.0,,2041211,0,Fred Linhares
2024,6,MANUTENÇÃO DE ESCRITÓRIO DE APOIO À ATIVIDADE PARLAMENTAR,7758038,Recibos/Outros,1,2024-06-18T00:00:00,0000350,2200.0,https://www.camara.leg.br/cota-parlamentar/documentos/publ/3541/2024/7758038.pdf,PERFECT ASSESSORIA EM LICITACAO LTDA,42051768000134,2200.0,0.0,,2051240,0,Fred Linhares
2024,7,MANUTENÇÃO DE ESCRITÓRIO DE APOIO À ATIVIDADE PARLAMENTAR,7814397,Recibos/Outros,1,2024-07-14T00:00:00,400,2200.0,https://www.camara.leg.br/cota-parlamentar/documentos/publ/3541/2024/7814397.pdf,PERFECT ASSESSORIA EM LICITACAO LTDA,42051768000134,2200.0,0.0,,2080470,0,Fred Linhares
2024,8,MANUTENÇÃO DE ESCRITÓRIO DE APOIO À ATIVIDADE PARLAMENTAR,7814401,Recibos/Outros,1,2024-08-14T00:00:00,401,2200.0,https://www.camara.leg.br/cota-parlamentar/documentos/publ/3541/2024/7814401.pdf,PERFECT ASSESSORIA EM LICITACAO LTDA,42051768000134,2200.0,0.0,,2080465,0,Fred Linhares
2024,6,MANUTENÇÃO DE ESCRITÓRIO DE APOIO À ATIVIDADE PARLAMENTAR,7749925,Nota Fiscal Eletrônica,4,2024-06-10T00:00:00,5751,834.8,http://www.camara.leg.br/cota-parlamentar/nota-fiscal-eletronica?ideDocumentoFiscal=7749925,WMS COMERCIO DE ARTIGOS DE PAPELARIA LTDA,12132854000100,834.8,0.0,,2047113,0,Fred Linhares
2024,8,MANUTENÇÃO DE ESCRITÓRIO DE APOIO À ATIVIDADE PARLAMENTAR,7785368,Nota Fiscal Eletrônica,4,2024-08-13T00:00:00,5902,214.0,http://www.camara.leg.br/cota-parlamentar/nota-fiscal-eletronica?ideDocumentoFiscal=7785368,WMS COMERCIO DE ARTIGOS DE PAPELARIA LTDA,12132854000100,214.0,0.0,,2064965,0,Fred Linhares
2024,8,MANUTENÇÃO DE ESCRITÓRIO DE APOIO À ATIVIDADE PARLAMENTAR,7790274,Nota Fiscal Eletrônica,4,2024-08-22T00:00:00,5938,1481.4,http://www.camara.leg.br/cota-parlamentar/nota-fiscal-eletronica?ideDocumentoFiscal=7790274,WMS COMERCIO DE ARTIGOS DE PAPELARIA LTDA,12132854000100,1481.4,0.0,,2067415,0,Fred Linhares
2024,9,MANUTENÇÃO DE ESCRITÓRIO DE APOIO À ATIVIDADE PARLAMENTAR,7831075,Nota Fiscal Eletrônica,4,2024-09-03T00:00:00,5952,1412.5,http://www.camara.leg.br/cota-parlamentar/nota-fiscal-eletronica?ideDocumentoFiscal=7831075,WMS COMERCIO DE ARTIGOS DE PAPELARIA LTDA,12132854000100,1412.5,0.0,,2089389,0,Fred Linhares
2024,9,MANUTENÇÃO DE ESCRITÓRIO DE APOIO À ATIVIDADE PARLAMENTAR,7796875,Nota Fiscal Eletrônica,4,2024-09-03T00:00:00,5953,1408.5,http://www.camara.leg.br/cota-parlamentar/nota-fiscal-eletronica?ideDocumentoFiscal=7796875,WMS COMERCIO DE ARTIGOS DE PAPELARIA LTDA,12132854000100,1408.5,0.0,,2070780,0,Fred Linhares
2024,1,MANUTENÇÃO DE ESCRITÓRIO DE APOIO À ATIVIDADE PARLAMENTAR,7682283,Nota Fiscal Eletrônica,4,2024-01-31T00:00:00,5374,328.65,http://www.camara.leg.br/cota-parlamentar/nota-fiscal-eletronica?ideDocumentoFiscal=7682283,WMS COMERCIO DE ARTIGOS DE PAPELARIA LTDA-ME,12132854000100,328.65,0.0,,2010756,0,Fred Linhares
2024,2,MANUTENÇÃO DE ESCRITÓRIO DE APOIO À ATIVIDADE PARLAMENTAR,7685387,Nota Fiscal Eletrônica,4,2024-02-14T00:00:00,5401,355.0,http://www.camara.leg.br/cota-parlamentar/nota-fiscal-eletronica?ideDocumentoFiscal=7685387,WMS COMERCIO DE ARTIGOS DE PAPELARIA LTDA-ME,12132854000100,355.0,0.0,,2012214,0,Fred Linhares
2024,3,MANUTENÇÃO DE ESCRITÓRIO DE APOIO À ATIVIDADE PARLAMENTAR,7710817,Nota Fiscal Eletrônica,4,2024-03-27T00:00:00,5561,849.9,http://www.camara.leg.br/cota-parlamentar/nota-fiscal-eletronica?ideDocumentoFiscal=7710817,WMS COMERCIO DE ARTIGOS DE PAPELARIA LTDA-ME,12132854000100,849.9,0.0,,2025968,0,Fred Linhares
2024,4,MANUTENÇÃO DE ESCRITÓRIO DE APOIO À ATIVIDADE PARLAMENTAR,7719512,Nota Fiscal Eletrônica,4,2024-04-16T00:00:00,5592,1415.4,http://www.camara.leg.br/cota-parlamentar/nota-fiscal-eletronica?ideDocumentoFiscal=7719512,WMS COMERCIO DE ARTIGOS DE PAPELARIA LTDA-ME,12132854000100,1415.4,0.0,,2030721,0,Fred Linhares
2024,5,MANUTENÇÃO DE ESCRITÓRIO DE APOIO À ATIVIDADE PARLAMENTAR,7742318,Nota Fiscal Eletrônica,4,2024-05-22T00:00:00,5717,559.6,http://www.camara.leg.br/cota-parlamentar/nota-fiscal-eletronica?ideDocumentoFiscal=7742318,WMS COMERCIO DE ARTIGOS DE PAPELARIA LTDA-ME,12132854000100,559.6,0.0,,2042875,0,Fred Linhares
2024,8,COMBUSTÍVEIS E LUBRIFICANTES.,7783787,Nota Fiscal Eletrônica,4,2024-08-09T22:34:38,2908173,148.53,http://www.camara.leg.br/cota-parlamentar/nota-fiscal-eletronica?ideDocumentoFiscal=7783787,048 - REC 1 - CASCOL COMBUSTIVEIS PARA VEICULOS LTDA,00306597004860,148.53,0.0,,2064232,0,Fred Linhares
2024,8,COMBUSTÍVEIS E LUBRIFICANTES.,7790072,Nota Fiscal Eletrônica,4,2024-08-16T04:14:24,2917178,154.4,http://www.camara.leg.br/cota-parlamentar/nota-fiscal-eletronica?ideDocumentoFiscal=7790072,048 - REC 1 - CASCOL COMBUSTIVEIS PARA VEICULOS LTDA,00306597004860,154.4,0.0,,2067292,0,Fred Linhares
2024,9,COMBUSTÍVEIS E LUBRIFICANTES.,7801968,Nota Fiscal Eletrônica,4,2024-09-15T16:37:33,2965607,167.7,http://www.camara.leg.br/cota-parlamentar/nota-fiscal-eletronica?ideDocumentoFiscal=7801968,048 - REC 1 - CASCOL COMBUSTIVEIS PARA VEICULOS LTDA,00306597004860,167.7,0.0,,2073494,0,Fred Linhares
2024,10,COMBUSTÍVEIS E LUBRIFICANTES.,7812315,Nota Fiscal Eletrônica,4,2024-10-04T04:25:09,2996793,124.05,http://www.camara.leg.br/cota-parlamentar/nota-fiscal-eletronica?ideDocumentoFiscal=7812315,048 - REC 1 - CASCOL COMBUSTIVEIS PARA VEICULOS LTDA,00306597004860,124.05,0.0,,2079446,0,Fred Linhares
2024,10,COMBUSTÍVEIS E LUBRIFICANTES.,7812320,Nota Fiscal Eletrônica,4,2024-10-07T04:27:58,3002807,126.25,http://www.camara.leg.br/cota-parlamentar/nota-fiscal-eletronica?ideDocumentoFiscal=7812320,048 - REC 1 - CASCOL COMBUSTIVEIS PARA VEICULOS LTDA,00306597004860,126.25,0.0,,2079446,0,Fred Linhares
2024,10,COMBUSTÍVEIS E LUBRIFICANTES.,7816966,Nota Fiscal Eletrônica,4,2024-10-11T04:27:50,3009792,149.55,http://www.camara.leg.br/cota-parlamentar/nota-fiscal-eletronica?ideDocumentoFiscal=7816966,048 - REC 1 - CASCOL COMBUSTIVEIS PARA VEICULOS LTDA,00306597004860,149.55,0.0,,2081928,0,Fred Linhares
2024,11,COMBUSTÍVEIS E LUBRIFICANTES.,7828900,Nota Fiscal Eletrônica,4,2024-11-10T00:00:00,3063703,154.48,http://www.camara.leg.br/cota-parlamentar/nota-fiscal-eletronica?ideDocumentoFiscal=7828900,048 - REC 1 - CASCOL COMBUSTIVEIS PARA VEICULOS LTDA,00306597004860,154.48,0.0,,2088378,0,Fred Linhares
2024,12,COMBUSTÍVEIS E LUBRIFICANTES.,7840460,Nota Fiscal Eletrônica,4,2024-12-01T20:07:37,3101160,182.46,http://www.camara.leg.br/cota-parlamentar/nota-fiscal-eletronica?ideDocumentoFiscal=7840460,048 - REC 1 - CASCOL COMBUSTIVEIS PARA VEICULOS LTDA,00306597004860,182.46,0.0,,2094528,0,Fred Linhares
2024,12,COMBUSTÍVEIS E LUBRIFICANTES.,7846666,Nota Fiscal Eletrônica,4,2024-12-08T00:00:00,3112528,199.59,http://www.camara.leg.br/cota-parlamentar/nota-fiscal-eletronica?ideDocumentoFiscal=7846666,048 - REC 1 - CASCOL COMBUSTIVEIS PARA VEICULOS LTDA,00306597004860,199.59,0.0,,2097864,0,Fred Linhares
2024,9,COMBUSTÍVEIS E LUBRIFICANTES.,7807520,Nota Fiscal Eletrônica,4,2024-09-27T06:23:15,852538,169.96,http://www.camara.leg.br/cota-parlamentar/nota-fiscal-eletronica?ideDocumentoFiscal=7807520,060 - CANAA - CASCOL COMBUSTIVEIS PARA VEICULOS LTDA,00306597006057,169.96,0.0,,2076365,0,Fred Linhares
2024,10,COMBUSTÍVEIS E LUBRIFICANTES.,7812935,Nota Fiscal Eletrônica,4,2024-10-08T09:16:12,563118,150.0,http://www.camara.leg.br/cota-parlamentar/nota-fiscal-eletronica?ideDocumentoFiscal=7812935,068 - TAG SUL - CASCOL COMBUSTIVEIS PARA VEICULOS LTDA,00306597006804,150.0,0.0,,2079791,0,Fred Linhares
2024,10,COMBUSTÍVEIS E LUBRIFICANTES.,7820284,Nota Fiscal Eletrônica,4,2024-10-16T13:50:44,2293948,265.44,http://www.camara.leg.br/cota-parlamentar/nota-fiscal-eletronica?ideDocumentoFiscal=7820284,071 - LAGO NORTE - CASCOL COMBUSTIVEIS PARA VEICULOS LTDA,00306597007100,265.44,0.0,,2083568,0,Fred Linhares
2024,12,COMBUSTÍVEIS E LUBRIFICANTES.,7849691,Nota Fiscal Eletrônica,4,2024-12-15T12:03:37,2388809,183.87,http://www.camara.leg.br/cota-parlamentar/nota-fiscal-eletronica?ideDocumentoFiscal=7849691,071 - LAGO NORTE - CASCOL COMBUSTIVEIS PARA VEICULOS LTDA,00306597007100,183.87,0.0,,2099560,0,Fred Linhares
2024,12,COMBUSTÍVEIS E LUBRIFICANTES.,7849686,Nota Fiscal Eletrônica,4,2024-12-18T17:04:01,2393891,165.91,http://www.camara.leg.br/cota-parlamentar/nota-fiscal-eletronica?ideDocumentoFiscal=7849686,071 - LAGO NORTE - CASCOL COMBUSTIVEIS PARA VEICULOS LTDA,00306597007100,165.91,0.0,,2099560,0,Fred Linhares
2024,2,COMBUSTÍVEIS E LUBRIFICANTES.,7687576,Nota Fiscal Eletrônica,4,2024-02-19T00:00:00,382691,150.0,http://www.camara.leg.br/cota-parlamentar/nota-fiscal-eletronica?ideDocumentoFiscal=7687576,082 - QI 21 - CASCOL COMBUSTIVEIS PARA VEICULOS LTDA,00306597008262,150.0,0.0,,2013620,0,Fred Linhares
2024,11,COMBUSTÍVEIS E LUBRIFICANTES.,7834005,Nota Fiscal Eletrônica,4,2024-11-22T00:00:00,2377856,200.0,http://www.camara.leg.br/cota-parlamentar/nota-fiscal-eletronica?ideDocumentoFiscal=7834005,096 - MANGUEIRAL - CASCOL COMBUSTIVEIS PARA VEICULOS LTDA,00306597009668,200.0,0.0,,2090990,0,Fred Linhares
2024,12,COMBUSTÍVEIS E LUBRIFICANTES.,7841662,Nota Fiscal Eletrônica,4,2024-12-06T10:23:57,2401829,182.88,http://www.camara.leg.br/cota-parlamentar/nota-fiscal-eletronica?ideDocumentoFiscal=7841662,096 - MANGUEIRAL - CASCOL COMBUSTIVEIS PARA VEICULOS LTDA,00306597009668,182.88,0.0,,2095229,0,Fred Linhares
2024,2,COMBUSTÍVEIS E LUBRIFICANTES.,7691171,Nota Fiscal Eletrônica,4,2024-02-23T00:00:00,303914,190.6,http://www.camara.leg.br/cota-parlamentar/nota-fiscal-eletronica?ideDocumentoFiscal=7691171,14 - QL 14 - CASCOL COMBUSTIVEIS PARA VEICULOS LTDA,00306597001411,177.61,12.99,,2015344,0,Fred Linhares
2024,7,COMBUSTÍVEIS E LUBRIFICANTES.,7764262,Nota Fiscal Eletrônica,4,2024-07-02T11:34:23,326099,130.85,http://www.camara.leg.br/cota-parlamentar/nota-fiscal-eletronica?ideDocumentoFiscal=7764262,19 - 303 SUL - CASCOL COMBUSTIVEIS PARA VEICULOS LTDA,00306597001926,130.85,0.0,,2054383,0,Fred Linhares
2024,12,COMBUSTÍVEIS E LUBRIFICANTES.,7840459,Nota Fiscal Eletrônica,4,2024-12-03T12:50:01,372126,227.03,http://www.camara.leg.br/cota-parlamentar/nota-fiscal-eletronica?ideDocumentoFiscal=7840459,19 - 303 SUL - CASCOL COMBUSTIVEIS PARA VEICULOS LTDA,00306597001926,227.03,0.0,,2094528,0,Fred Linhares
2024,12,COMBUSTÍVEIS E LUBRIFICANTES.,7845348,Nota Fiscal Eletrônica,4,2024-12-09T12:02:42,373615,233.6,http://www.camara.leg.br/cota-parlamentar/nota-fiscal-eletronica?ideDocumentoFiscal=7845348,19 - 303 SUL - CASCOL COMBUSTIVEIS PARA VEICULOS LTDA,00306597001926,233.6,0.0,,2097188,0,Fred Linhares
2024,12,COMBUSTÍVEIS E LUBRIFICANTES.,7846651,Nota Fiscal Eletrônica,4,2024-12-13T00:00:00,375385,190.65,http://www.camara.leg.br/cota-parlamentar/nota-fiscal-eletronica?ideDocumentoFiscal=7846651,19 - 303 SUL - CASCOL COMBUSTIVEIS PARA VEICULOS LTDA,00306597001926,190.65,0.0,,2097864,0,Fred Linhares
2024,12,COMBUSTÍVEIS E LUBRIFICANTES.,7849682,Nota Fiscal Eletrônica,4,2024-12-16T14:14:06,376142,228.78,http://www.camara.leg.br/cota-parlamentar/nota-fiscal-eletronica?ideDocumentoFiscal=7849682,19 - 303 SUL - CASCOL COMBUSTIVEIS PARA VEICULOS LTDA,00306597001926,228.78,0.0,,2099560,0,Fred Linhares
2024,12,COMBUSTÍVEIS E LUBRIFICANTES.,7849688,Nota Fiscal Eletrônica,4,2024-12-19T11:55:52,376988,235.76,http://www.camara.leg.br/cota-parlamentar/nota-fiscal-eletronica?ideDocumentoFiscal=7849688,19 - 303 SUL - CASCOL COMBUSTIVEIS PARA VEICULOS LTDA,00306597001926,235.76,0.0,,2099560,0,Fred Linhares
2024,2,COMBUSTÍVEIS E LUBRIFICANTES.,7683913,Nota Fiscal Eletrônica,4,2024-02-01T00:00:00,105583,251.79,http://www.camara.leg.br/cota-parlamentar/nota-fiscal-eletronica?ideDocumentoFiscal=7683913,AUTO POSTO 302 SUL LTDA,30642701000195,251.79,0.0,,2011365,0,Fred Linhares
2024,2,COMBUSTÍVEIS E LUBRIFICANTES.,7683906,Nota Fiscal Eletrônica,4,2024-02-05T00:00:00,106001,170.01,http://www.camara.leg.br/cota-parlamentar/nota-fiscal-eletronica?ideDocumentoFiscal=7683906,AUTO POSTO 302 SUL LTDA,30642701000195,170.01,0.0,,2011365,0,Fred Linhares
2024,2,COMBUSTÍVEIS E LUBRIFICANTES.,7685372,Nota Fiscal Eletrônica,4,2024-02-08T00:00:00,106394,120.0,http://www.camara.leg.br/cota-parlamentar/nota-fiscal-eletronica?ideDocumentoFiscal=7685372,AUTO POSTO 302 SUL LTDA,30642701000195,120.0,0.0,,2012202,0,Fred Linhares
2024,2,COMBUSTÍVEIS E LUBRIFICANTES.,7687224,Nota Fiscal Eletrônica,4,2024-02-19T00:00:00,107440,257.28,http://www.camara.leg.br/cota-parlamentar/nota-fiscal-eletronica?ideDocumentoFiscal=7687224,AUTO POSTO 302 SUL LTDA,30642701000195,257.28,0.0,,2013256,0,Fred Linhares
2024,2,COMBUSTÍVEIS E LUBRIFICANTES.,7690281,Nota Fiscal Eletrônica,4,2024-02-21T00:00:00,107700,145.6,http://www.camara.leg.br/cota-parlamentar/nota-fiscal-eletronica?ideDocumentoFiscal=7690281,AUTO POSTO 302 SUL LTDA,30642701000195,145.6,0.0,,2014910,0,Fred Linhares
2024,2,COMBUSTÍVEIS E LUBRIFICANTES.,7691794,Nota Fiscal Eletrônica,4,2024-02-26T11:25:57,108274,171.06,http://www.camara.leg.br/cota-parlamentar/nota-fiscal-eletronica?ideDocumentoFiscal=7691794,AUTO POSTO 302 SUL LTDA,30642701000195,171.06,0.0,,2015698,0,Fred Linhares
2024,2,COMBUSTÍVEIS E LUBRIFICANTES.,7694139,Nota Fiscal Eletrônica,4,2024-02-26T12:13:36,108283,268.04,http://www.camara.leg.br/cota-parlamentar/nota-fiscal-eletronica?ideDocumentoFiscal=7694139,AUTO POSTO 302 SUL LTDA,30642701000195,268.04,0.0,,2016952,0,Fred Linhares
2024,2,COMBUSTÍVEIS E LUBRIFICANTES.,7694147,Nota Fiscal Eletrônica,4,2024-02-28T11:27:48,108561,268.14,http://www.camara.leg.br/cota-parlamentar/nota-fiscal-eletronica?ideDocumentoFiscal=7694147,AUTO POSTO 302 SUL LTDA,30642701000195,268.14,0.0,,2016952,0,Fred Linhares
2024,3,COMBUSTÍVEIS E LUBRIFICANTES.,7696527,Nota Fiscal Eletrônica,4,2024-03-04T00:00:00,109119,280.22,http://www.camara.leg.br/cota-parlamentar/nota-fiscal-eletronica?ideDocumentoFiscal=7696527,AUTO POSTO 302 SUL LTDA,30642701000195,280.22,0.0,,2018320,0,Fred Linhares
2024,3,COMBUSTÍVEIS E LUBRIFICANTES.,7700303,Nota Fiscal Eletrônica,4,2024-03-08T00:00:00,109611,150.0,http://www.camara.leg.br/cota-parlamentar/nota-fiscal-eletronica?ideDocumentoFiscal=7700303,AUTO POSTO 302 SUL LTDA,30642701000195,150.0,0.0,,2020488,0,Fred Linhares
2024,3,COMBUSTÍVEIS E LUBRIFICANTES.,7700313,Nota Fiscal Eletrônica,4,2024-03-08T00:00:00,109625,258.1,http://www.camara.leg.br/cota-parlamentar/nota-fiscal-eletronica?ideDocumentoFiscal=7700313,AUTO POSTO 302 SUL LTDA,30642701000195,258.1,0.0,,2020488,0,Fred Linhares
2024,3,COMBUSTÍVEIS E LUBRIFICANTES.,7700308,Nota Fiscal Eletrônica,4,2024-03-11T00:00:00,109861,289.98,http://www.camara.leg.br/cota-parlamentar/nota-fiscal-eletronica?ideDocumentoFiscal=7700308,AUTO POSTO 302 SUL LTDA,30642701000195,289.98,0.0,,2020488,0,Fred Linhares
2024,3,COMBUSTÍVEIS E LUBRIFICANTES.,7703552,Nota Fiscal Eletrônica,4,2024-03-12T14:15:52,110000,100.26,http://www.camara.leg.br/cota-parlamentar/nota-fiscal-eletronica?ideDocumentoFiscal=7703552,AUTO POSTO 302 SUL LTDA,30642701000195,100.26,0.0,,2022114,0,Fred Linhares
2024,3,COMBUSTÍVEIS E LUBRIFICANTES.,7703565,Nota Fiscal Eletrônica,4,2024-03-13T14:23:06,110130,154.07,http://www.camara.leg.br/cota-parlamentar/nota-fiscal-eletronica?ideDocumentoFiscal=7703565,AUTO POSTO 302 SUL LTDA,30642701000195,154.07,0.0,,2022114,0,Fred Linhares
2024,3,COMBUSTÍVEIS E LUBRIFICANTES.,7703569,Nota Fiscal Eletrônica,4,2024-03-14T15:23:14,110280,125.0,http://www.camara.leg.br/cota-parlamentar/nota-fiscal-eletronica?ideDocumentoFiscal=7703569,AUTO POSTO 302 SUL LTDA,30642701000195,125.0,0.0,,2022114,0,Fred Linhares
2024,3,COMBUSTÍVEIS E LUBRIFICANTES.,7704751,Nota Fiscal Eletrônica,4,2024-03-15T12:51:38,110411,170.02,http://www.camara.leg.br/cota-parlamentar/nota-fiscal-eletronica?ideDocumentoFiscal=7704751,AUTO POSTO 302 SUL LTDA,30642701000195,170.02,0.0,,2022681,0,Fred Linhares
2024,3,COMBUSTÍVEIS E LUBRIFICANTES.,7706003,Nota Fiscal Eletrônica,4,2024-03-19T11:18:52,110855,145.91,http://www.camara.leg.br/cota-parlamentar/nota-fiscal-eletronica?ideDocumentoFiscal=7706003,AUTO POSTO 302 SUL LTDA,30642701000195,145.91,0.0,,2023349,0,Fred Linhares
2024,3,COMBUSTÍVEIS E LUBRIFICANTES.,7708108,Nota Fiscal Eletrônica,4,2024-03-21T11:16:17,111120,149.5,http://www.camara.leg.br/cota-parlamentar/nota-fiscal-eletronica?ideDocumentoFiscal=7708108,AUTO POSTO 302 SUL LTDA,30642701000195,149.5,0.0,,2024556,0,Fred Linhares
2024,3,COMBUSTÍVEIS E LUBRIFICANTES.,7708115,Nota Fiscal Eletrônica,4,2024-03-22T14:10:16,111296,106.81,http://www.camara.leg.br/cota-parlamentar/nota-fiscal-eletronica?ideDocumentoFiscal=7708115,AUTO POSTO 302 SUL LTDA,30642701000195,106.81,0.0,,2024556,0,Fred Linhares
2024,4,COMBUSTÍVEIS E LUBRIFICANTES.,7711812,Nota Fiscal Eletrônica,4,2024-04-01T11:15:11,112207,100.05,http://www.camara.leg.br/cota-parlamentar/nota-fiscal-eletronica?ideDocumentoFiscal=7711812,AUTO POSTO 302 SUL LTDA,30642701000195,100.05,0.0,,2026496,0,Fred Linhares
2024,4,COMBUSTÍVEIS E LUBRIFICANTES.,7713459,Nota Fiscal Eletrônica,4,2024-04-03T12:53:29,112500,162.66,http://www.camara.leg.br/cota-parlamentar/nota-fiscal-eletronica?ideDocumentoFiscal=7713459,AUTO POSTO 302 SUL LTDA,30642701000195,162.66,0.0,,2027439,0,Fred Linhares
2024,4,COMBUSTÍVEIS E LUBRIFICANTES.,7717770,Nota Fiscal Eletrônica,4,2024-04-08T11:32:40,113066,150.96,http://www.camara.leg.br/cota-parlamentar/nota-fiscal-eletronica?ideDocumentoFiscal=7717770,AUTO POSTO 302 SUL LTDA,30642701000195,150.96,0.0,,2029779,0,Fred Linhares
2024,4,COMBUSTÍVEIS E LUBRIFICANTES.,7717771,Nota Fiscal Eletrônica,4,2024-04-09T12:57:48,113215,121.48,http://www.camara.leg.br/cota-parlamentar/nota-fiscal-eletronica?ideDocumentoFiscal=7717771,AUTO POSTO 302 SUL LTDA,30642701000195,121.48,0.0,,2029779,0,Fred Linhares
2024,4,COMBUSTÍVEIS E LUBRIFICANTES.,7722243,Nota Fiscal Eletrônica,4,2024-04-18T11:16:22,114422,134.08,http://www.camara.leg.br/cota-parlamentar/nota-fiscal-eletronica?ideDocumentoFiscal=7722243,AUTO POSTO 302 SUL LTDA,30642701000195,134.08,0.0,,2032099,0,Fred Linhares
2024,5,COMBUSTÍVEIS E LUBRIFICANTES.,7728597,Nota Fiscal Eletrônica,4,2024-05-01T11:40:29,116099,291.63,http://www.camara.leg.br/cota-parlamentar/nota-fiscal-eletronica?ideDocumentoFiscal=7728597,AUTO POSTO 302 SUL LTDA,30642701000195,291.63,0.0,,2035323,0,Fred Linhares
2024,5,COMBUSTÍVEIS E LUBRIFICANTES.,7729820,Nota Fiscal Eletrônica,4,2024-05-02T00:00:00,116196,286.19,http://www.camara.leg.br/cota-parlamentar/nota-fiscal-eletronica?ideDocumentoFiscal=7729820,AUTO POSTO 302 SUL LTDA,30642701000195,286.19,0.0,,2036066,0,Fred Linhares
2024,5,COMBUSTÍVEIS E LUBRIFICANTES.,7729815,Nota Fiscal Eletrônica,4,2024-05-03T00:00:00,116335,109.41,http://www.camara.leg.br/cota-parlamentar/nota-fiscal-eletronica?ideDocumentoFiscal=7729815,AUTO POSTO 302 SUL LTDA,30642701000195,109.41,0.0,,2036066,0,Fred Linhares
2024,5,COMBUSTÍVEIS E LUBRIFICANTES.,7738321,Nota Fiscal Eletrônica,4,2024-05-07T00:00:00,116977,253.27,http://www.camara.leg.br/cota-parlamentar/nota-fiscal-eletronica?ideDocumentoFiscal=7738321,AUTO POSTO 302 SUL LTDA,30642701000195,253.27,0.0,,2041147,0,Fred Linhares
2024,5,COMBUSTÍVEIS E LUBRIFICANTES.,7738322,Nota Fiscal Eletrônica,4,2024-05-10T00:00:00,117535,279.5,http://www.camara.leg.br/cota-parlamentar/nota-fiscal-eletronica?ideDocumentoFiscal=7738322,AUTO POSTO 302 SUL LTDA,30642701000195,279.5,0.0,,2041148,0,Fred Linhares
2024,5,COMBUSTÍVEIS E LUBRIFICANTES.,7738291,Nota Fiscal Eletrônica,4,2024-05-13T00:00:00,117986,164.4,http://www.camara.leg.br/cota-parlamentar/nota-fiscal-eletronica?ideDocumentoFiscal=7738291,AUTO POSTO 302 SUL LTDA,30642701000195,164.4,0.0,,2041147,0,Fred Linhares
2024,5,COMBUSTÍVEIS E LUBRIFICANTES.,7738283,Nota Fiscal Eletrônica,4,2024-05-14T00:00:00,118261,206.49,http://www.camara.leg.br/cota-parlamentar/nota-fiscal-eletronica?ideDocumentoFiscal=7738283,AUTO POSTO 302 SUL LTDA,30642701000195,206.49,0.0,,2041147,0,Fred Linhares
2024,5,COMBUSTÍVEIS E LUBRIFICANTES.,7738286,Nota Fiscal Eletrônica,4,2024-05-16T00:00:00,118716,140.25,http://www.camara.leg.br/cota-parlamentar/nota-fiscal-eletronica?ideDocumentoFiscal=7738286,AUTO POSTO 302 SUL LTDA,30642701000195,140.25,0.0,,2041147,0,Fred Linhares
2024,5,COMBUSTÍVEIS E LUBRIFICANTES.,7738285,Nota Fiscal Eletrônica,4,2024-05-17T00:00:00,118938,117.52,http://www.camara.leg.br/cota-parlamentar/nota-fiscal-eletronica?ideDocumentoFiscal=7738285,AUTO POSTO 302 SUL LTDA,30642701000195,117.52,0.0,,2041147,0,Fred Linhares
2024,6,COMBUSTÍVEIS E LUBRIFICANTES.,7752457,Nota Fiscal Eletrônica,4,2024-06-03T00:00:00,121903,176.87,http://www.camara.leg.br/cota-parlamentar/nota-fiscal-eletronica?ideDocumentoFiscal=7752457,AUTO POSTO 302 SUL LTDA,30642701000195,176.87,0.0,,2048451,0,Fred Linhares
2024,6,COMBUSTÍVEIS E LUBRIFICANTES.,7752452,Nota Fiscal Eletrônica,4,2024-06-04T00:00:00,122136,121.69,http://www.camara.leg.br/cota-parlamentar/nota-fiscal-eletronica?ideDocumentoFiscal=7752452,AUTO POSTO 302 SUL LTDA,30642701000195,121.69,0.0,,2048451,0,Fred Linhares
2024,6,COMBUSTÍVEIS E LUBRIFICANTES.,7752449,Nota Fiscal Eletrônica,4,2024-06-06T00:00:00,122540,152.79,http://www.camara.leg.br/cota-parlamentar/nota-fiscal-eletronica?ideDocumentoFiscal=7752449,AUTO POSTO 302 SUL LTDA,30642701000195,152.79,0.0,,2048451,0,Fred Linhares
2024,6,COMBUSTÍVEIS E LUBRIFICANTES.,7752447,Nota Fiscal Eletrônica,4,2024-06-07T00:00:00,122781,114.14,http://www.camara.leg.br/cota-parlamentar/nota-fiscal-eletronica?ideDocumentoFiscal=7752447,AUTO POSTO 302 SUL LTDA,30642701000195,114.14,0.0,,2048451,0,Fred Linhares
2024,1,COMBUSTÍVEIS E LUBRIFICANTES.,7678498,Nota Fiscal Eletrônica,4,2024-01-30T00:00:00,105336,265.01,http://www.camara.leg.br/cota-parlamentar/nota-fiscal-eletronica?ideDocumentoFiscal=7678498,AUTO POSTO 302 SUL LTDA.,30642701000195,265.01,0.0,,2009692,0,Fred Linhares
2024,4,COMBUSTÍVEIS E LUBRIFICANTES.,7721174,Nota Fiscal Eletrônica,4,2024-04-16T00:00:00,27403,142.49,http://www.camara.leg.br/cota-parlamentar/nota-fiscal-eletronica?ideDocumentoFiscal=7721174,AUTO POSTO 306 NORTE LTDA,22398818000147,142.49,0.0,,2031534,0,Fred Linhares
2024,2,COMBUSTÍVEIS E LUBRIFICANTES.,7690269,Nota Fiscal Eletrônica,4,2024-02-21T00:00:00,247336,150.0,http://www.camara.leg.br/cota-parlamentar/nota-fiscal-eletronica?ideDocumentoFiscal=7690269,AUTO POSTO CAPITAL LTDA,08978109000100,150.0,0.0,,2014857,0,Fred Linhares
2024,2,COMBUSTÍVEIS E LUBRIFICANTES.,7691802,Nota Fiscal Eletrônica,4,2024-02-26T21:35:42,248081,150.0,http://www.camara.leg.br/cota-parlamentar/nota-fiscal-eletronica?ideDocumentoFiscal=7691802,AUTO POSTO CAPITAL LTDA,08978109000100,150.0,0.0,,2015698,0,Fred Linhares
2024,3,COMBUSTÍVEIS E LUBRIFICANTES.,7700299,Nota Fiscal Eletrônica,4,2024-03-11T00:00:00,250354,100.0,http://www.camara.leg.br/cota-parlamentar/nota-fiscal-eletronica?ideDocumentoFiscal=7700299,AUTO POSTO CAPITAL LTDA,08978109000100,100.0,0.0,,2020488,0,Fred Linhares
2024,2,COMBUSTÍVEIS E LUBRIFICANTES.,7683910,Nota Fiscal Eletrônica,4,2024-02-02T00:00:00,284634,176.25,http://www.camara.leg.br/cota-parlamentar/nota-fiscal-eletronica?ideDocumentoFiscal=7683910,AUTO POSTO CIDADE OCIDENTAL LTDA,18571325000190,176.25,0.0,,2011365,0,Fred Linhares
2024,2,COMBUSTÍVEIS E LUBRIFICANTES.,7685373,Nota Fiscal Eletrônica,4,2024-02-06T00:00:00,285153,250.0,http://www.camara.leg.br/cota-parlamentar/nota-fiscal-eletronica?ideDocumentoFiscal=7685373,AUTO POSTO CIDADE OCIDENTAL LTDA,18571325000190,250.0,0.0,,2012202,0,Fred Linhares
2024,2,COMBUSTÍVEIS E LUBRIFICANTES.,7685245,Nota Fiscal Eletrônica,4,2024-02-08T00:00:00,285410,255.02,http://www.camara.leg.br/cota-parlamentar/nota-fiscal-eletronica?ideDocumentoFiscal=7685245,AUTO POSTO CIDADE OCIDENTAL LTDA,18571325000190,255.02,0.0,,2012180,0,Fred Linhares
2024,2,COMBUSTÍVEIS E LUBRIFICANTES.,7687569,Nota Fiscal Eletrônica,4,2024-02-18T00:00:00,286741,220.0,http://www.camara.leg.br/cota-parlamentar/nota-fiscal-eletronica?ideDocumentoFiscal=7687569,AUTO POSTO CIDADE OCIDENTAL LTDA,18571325000190,220.0,0.0,,2013620,0,Fred Linhares
2024,2,COMBUSTÍVEIS E LUBRIFICANTES.,7687572,Nota Fiscal Eletrônica,4,2024-02-19T00:00:00,286835,258.0,http://www.camara.leg.br/cota-parlamentar/nota-fiscal-eletronica?ideDocumentoFiscal=7687572,AUTO POSTO CIDADE OCIDENTAL LTDA,18571325000190,258.0,0.0,,2013620,0,Fred Linhares
2024,2,COMBUSTÍVEIS E LUBRIFICANTES.,7690284,Nota Fiscal Eletrônica,4,2024-02-21T00:00:00,287124,250.03,http://www.camara.leg.br/cota-parlamentar/nota-fiscal-eletronica?ideDocumentoFiscal=7690284,AUTO POSTO CIDADE OCIDENTAL LTDA,18571325000190,250.03,0.0,,2014910,0,Fred Linhares
2024,2,COMBUSTÍVEIS E LUBRIFICANTES.,7691169,Nota Fiscal Eletrônica,4,2024-02-24T00:00:00,287460,150.0,http://www.camara.leg.br/cota-parlamentar/nota-fiscal-eletronica?ideDocumentoFiscal=7691169,AUTO POSTO CIDADE OCIDENTAL LTDA,18571325000190,150.0,0.0,,2015344,0,Fred Linhares
2024,2,COMBUSTÍVEIS E LUBRIFICANTES.,7691166,Nota Fiscal Eletrônica,4,2024-02-25T00:00:00,287624,263.79,http://www.camara.leg.br/cota-parlamentar/nota-fiscal-eletronica?ideDocumentoFiscal=7691166,AUTO POSTO CIDADE OCIDENTAL LTDA,18571325000190,263.79,0.0,,2015344,0,Fred Linhares
2024,2,COMBUSTÍVEIS E LUBRIFICANTES.,7691798,Nota Fiscal Eletrônica,4,2024-02-26T19:41:28,287747,250.06,http://www.camara.leg.br/cota-parlamentar/nota-fiscal-eletronica?ideDocumentoFiscal=7691798,AUTO POSTO CIDADE OCIDENTAL LTDA,18571325000190,250.06,0.0,,2015698,0,Fred Linhares
2024,3,COMBUSTÍVEIS E LUBRIFICANTES.,7696529,Nota Fiscal Eletrônica,4,2024-03-02T00:00:00,288361,250.0,http://www.camara.leg.br/cota-parlamentar/nota-fiscal-eletronica?ideDocumentoFiscal=7696529,AUTO POSTO CIDADE OCIDENTAL LTDA,18571325000190,250.0,0.0,,2018320,0,Fred Linhares
2024,3,COMBUSTÍVEIS E LUBRIFICANTES.,7700301,Nota Fiscal Eletrônica,4,2024-03-07T00:00:00,289012,265.92,http://www.camara.leg.br/cota-parlamentar/nota-fiscal-eletronica?ideDocumentoFiscal=7700301,AUTO POSTO CIDADE OCIDENTAL LTDA,18571325000190,265.92,0.0,,2020488,0,Fred Linhares
2024,3,COMBUSTÍVEIS E LUBRIFICANTES.,7703549,Nota Fiscal Eletrônica,4,2024-03-12T13:22:15,289767,240.0,http://www.camara.leg.br/cota-parlamentar/nota-fiscal-eletronica?ideDocumentoFiscal=7703549,AUTO POSTO CIDADE OCIDENTAL LTDA,18571325000190,240.0,0.0,,2022114,0,Fred Linhares
2024,3,COMBUSTÍVEIS E LUBRIFICANTES.,7703559,Nota Fiscal Eletrônica,4,2024-03-13T13:56:53,289895,270.03,http://www.camara.leg.br/cota-parlamentar/nota-fiscal-eletronica?ideDocumentoFiscal=7703559,AUTO POSTO CIDADE OCIDENTAL LTDA,18571325000190,270.03,0.0,,2022114,0,Fred Linhares
2024,3,COMBUSTÍVEIS E LUBRIFICANTES.,7704753,Nota Fiscal Eletrônica,4,2024-03-17T10:55:08,290343,249.29,http://www.camara.leg.br/cota-parlamentar/nota-fiscal-eletronica?ideDocumentoFiscal=7704753,AUTO POSTO CIDADE OCIDENTAL LTDA,18571325000190,249.29,0.0,,2022681,0,Fred Linhares
2024,3,COMBUSTÍVEIS E LUBRIFICANTES.,7706004,Nota Fiscal Eletrônica,4,2024-03-19T21:08:38,290561,244.4,http://www.camara.leg.br/cota-parlamentar/nota-fiscal-eletronica?ideDocumentoFiscal=7706004,AUTO POSTO CIDADE OCIDENTAL LTDA,18571325000190,244.4,0.0,,2023349,0,Fred Linhares
2024,3,COMBUSTÍVEIS E LUBRIFICANTES.,7708119,Nota Fiscal Eletrônica,4,2024-03-20T00:00:00,290681,270.0,http://www.camara.leg.br/cota-parlamentar/nota-fiscal-eletronica?ideDocumentoFiscal=7708119,AUTO POSTO CIDADE OCIDENTAL LTDA,18571325000190,270.0,0.0,,2024556,0,Fred Linhares
2024,3,COMBUSTÍVEIS E LUBRIFICANTES.,7708105,Nota Fiscal Eletrônica,4,2024-03-21T14:31:40,290786,261.01,http://www.camara.leg.br/cota-parlamentar/nota-fiscal-eletronica?ideDocumentoFiscal=7708105,AUTO POSTO CIDADE OCIDENTAL LTDA,18571325000190,261.01,0.0,,2024556,0,Fred Linhares
2024,3,COMBUSTÍVEIS E LUBRIFICANTES.,7708091,Nota Fiscal Eletrônica,4,2024-03-22T12:22:55,290890,269.41,http://www.camara.leg.br/cota-parlamentar/nota-fiscal-eletronica?ideDocumentoFiscal=7708091,AUTO POSTO CIDADE OCIDENTAL LTDA,18571325000190,269.41,0.0,,2024556,0,Fred Linhares
2024,3,COMBUSTÍVEIS E LUBRIFICANTES.,7708098,Nota Fiscal Eletrônica,4,2024-03-22T19:43:59,290926,245.01,http://www.camara.leg.br/cota-parlamentar/nota-fiscal-eletronica?ideDocumentoFiscal=7708098,AUTO POSTO CIDADE OCIDENTAL LTDA,18571325000190,245.01,0.0,,2024556,0,Fred Linhares
2024,4,COMBUSTÍVEIS E LUBRIFICANTES.,7711813,Nota Fiscal Eletrônica,4,2024-04-01T17:53:32,292086,305.71,http://www.camara.leg.br/cota-parlamentar/nota-fiscal-eletronica?ideDocumentoFiscal=7711813,AUTO POSTO CIDADE OCIDENTAL LTDA,18571325000190,305.71,0.0,,2026496,0,Fred Linhares
2024,4,COMBUSTÍVEIS E LUBRIFICANTES.,7713450,Nota Fiscal Eletrônica,4,2024-04-01T19:32:05,292094,296.48,http://www.camara.leg.br/cota-parlamentar/nota-fiscal-eletronica?ideDocumentoFiscal=7713450,AUTO POSTO CIDADE OCIDENTAL LTDA,18571325000190,296.48,0.0,,2027439,0,Fred Linhares
2024,4,COMBUSTÍVEIS E LUBRIFICANTES.,7713449,Nota Fiscal Eletrônica,4,2024-04-02T12:49:52,292198,268.0,http://www.camara.leg.br/cota-parlamentar/nota-fiscal-eletronica?ideDocumentoFiscal=7713449,AUTO POSTO CIDADE OCIDENTAL LTDA,18571325000190,268.0,0.0,,2027439,0,Fred Linhares
2024,4,COMBUSTÍVEIS E LUBRIFICANTES.,7716114,Nota Fiscal Eletrônica,4,2024-04-03T23:24:10,292493,267.86,http://www.camara.leg.br/cota-parlamentar/nota-fiscal-eletronica?ideDocumentoFiscal=7716114,AUTO POSTO CIDADE OCIDENTAL LTDA,18571325000190,267.86,0.0,,2028851,0,Fred Linhares
2024,4,COMBUSTÍVEIS E LUBRIFICANTES.,7715480,Nota Fiscal Eletrônica,4,2024-04-04T23:38:31,292729,270.13,http://www.camara.leg.br/cota-parlamentar/nota-fiscal-eletronica?ideDocumentoFiscal=7715480,AUTO POSTO CIDADE OCIDENTAL LTDA,18571325000190,270.13,0.0,,2028507,0,Fred Linhares
2024,4,COMBUSTÍVEIS E LUBRIFICANTES.,7715478,Nota Fiscal Eletrônica,4,2024-04-07T19:33:53,293207,275.98,http://www.camara.leg.br/cota-parlamentar/nota-fiscal-eletronica?ideDocumentoFiscal=7715478,AUTO POSTO CIDADE OCIDENTAL LTDA,18571325000190,275.98,0.0,,2028507,0,Fred Linhares
2024,4,COMBUSTÍVEIS E LUBRIFICANTES.,7717775,Nota Fiscal Eletrônica,4,2024-04-08T21:19:46,293400,240.07,http://www.camara.leg.br/cota-parlamentar/nota-fiscal-eletronica?ideDocumentoFiscal=7717775,AUTO POSTO CIDADE OCIDENTAL LTDA,18571325000190,240.07,0.0,,2029779,0,Fred Linhares
2024,4,COMBUSTÍVEIS E LUBRIFICANTES.,7717356,Nota Fiscal Eletrônica,4,2024-04-09T21:03:58,293536,250.0,http://www.camara.leg.br/cota-parlamentar/nota-fiscal-eletronica?ideDocumentoFiscal=7717356,AUTO POSTO CIDADE OCIDENTAL LTDA,18571325000190,250.0,0.0,,2029531,0,Fred Linhares
2024,4,COMBUSTÍVEIS E LUBRIFICANTES.,7721138,Nota Fiscal Eletrônica,4,2024-04-11T00:00:00,293992,253.01,http://www.camara.leg.br/cota-parlamentar/nota-fiscal-eletronica?ideDocumentoFiscal=7721138,AUTO POSTO CIDADE OCIDENTAL LTDA,18571325000190,253.01,0.0,,2031534,0,Fred Linhares
2024,4,COMBUSTÍVEIS E LUBRIFICANTES.,7719367,Nota Fiscal Eletrônica,4,2024-04-15T21:46:59,294752,267.0,http://www.camara.leg.br/cota-parlamentar/nota-fiscal-eletronica?ideDocumentoFiscal=7719367,AUTO POSTO CIDADE OCIDENTAL LTDA,18571325000190,267.0,0.0,,2030625,0,Fred Linhares
2024,4,COMBUSTÍVEIS E LUBRIFICANTES.,7721158,Nota Fiscal Eletrônica,4,2024-04-16T00:00:00,294909,300.0,http://www.camara.leg.br/cota-parlamentar/nota-fiscal-eletronica?ideDocumentoFiscal=7721158,AUTO POSTO CIDADE OCIDENTAL LTDA,18571325000190,300.0,0.0,,2031534,0,Fred Linhares
2024,4,COMBUSTÍVEIS E LUBRIFICANTES.,7722242,Nota Fiscal Eletrônica,4,2024-04-16T23:28:35,294926,280.0,http://www.camara.leg.br/cota-parlamentar/nota-fiscal-eletronica?ideDocumentoFiscal=7722242,AUTO POSTO CIDADE OCIDENTAL LTDA,18571325000190,280.0,0.0,,2032099,0,Fred Linhares
2024,4,COMBUSTÍVEIS E LUBRIFICANTES.,7722241,Nota Fiscal Eletrônica,4,2024-04-18T20:08:50,295197,306.17,http://www.camara.leg.br/cota-parlamentar/nota-fiscal-eletronica?ideDocumentoFiscal=7722241,AUTO POSTO CIDADE OCIDENTAL LTDA,18571325000190,306.17,0.0,,2032099,0,Fred Linhares
2024,4,COMBUSTÍVEIS E LUBRIFICANTES.,7725871,Nota Fiscal Eletrônica,4,2024-04-22T05:08:33,295624,272.02,http://www.camara.leg.br/cota-parlamentar/nota-fiscal-eletronica?ideDocumentoFiscal=7725871,AUTO POSTO CIDADE OCIDENTAL LTDA,18571325000190,272.02,0.0,,2033895,0,Fred Linhares
2024,5,COMBUSTÍVEIS E LUBRIFICANTES.,7729813,Nota Fiscal Eletrônica,4,2024-05-02T00:00:00,297188,210.0,http://www.camara.leg.br/cota-parlamentar/nota-fiscal-eletronica?ideDocumentoFiscal=7729813,AUTO POSTO CIDADE OCIDENTAL LTDA,18571325000190,210.0,0.0,,2036066,0,Fred Linhares
2024,5,COMBUSTÍVEIS E LUBRIFICANTES.,7729818,Nota Fiscal Eletrônica,4,2024-05-04T00:00:00,297397,260.72,http://www.camara.leg.br/cota-parlamentar/nota-fiscal-eletronica?ideDocumentoFiscal=7729818,AUTO POSTO CIDADE OCIDENTAL LTDA,18571325000190,260.72,0.0,,2036066,0,Fred Linhares
2024,5,COMBUSTÍVEIS E LUBRIFICANTES.,7729816,Nota Fiscal Eletrônica,4,2024-05-04T00:00:00,297492,269.5,http://www.camara.leg.br/cota-parlamentar/nota-fiscal-eletronica?ideDocumentoFiscal=7729816,AUTO POSTO CIDADE OCIDENTAL LTDA,18571325000190,269.5,0.0,,2036066,0,Fred Linhares
2024,5,COMBUSTÍVEIS E LUBRIFICANTES.,7734298,Nota Fiscal,0,2024-05-06T00:00:00,297699,270.02,https://www.camara.leg.br/cota-parlamentar/documentos/publ/3541/2024/7734298.pdf,AUTO POSTO CIDADE OCIDENTAL LTDA,18571325000190,270.02,0.0,,2038931,0,Fred Linhares
2024,5,COMBUSTÍVEIS E LUBRIFICANTES.,7734317,Nota Fiscal,0,2024-05-07T00:00:00,297721,280.0,https://www.camara.leg.br/cota-parlamentar/documentos/publ/3541/2024/7734317.pdf,AUTO POSTO CIDADE OCIDENTAL LTDA,18571325000190,280.0,0.0,,2038931,0,Fred Linhares
2024,5,COMBUSTÍVEIS E LUBRIFICANTES.,7734287,Nota Fiscal,0,2024-05-08T00:00:00,297990,295.01,https://www.camara.leg.br/cota-parlamentar/documentos/publ/3541/2024/7734287.pdf,AUTO POSTO CIDADE OCIDENTAL LTDA,18571325000190,295.01,0.0,,2038931,0,Fred Linhares
2024,5,COMBUSTÍVEIS E LUBRIFICANTES.,7734291,Nota Fiscal,0,2024-05-09T00:00:00,298022,281.88,https://www.camara.leg.br/cota-parlamentar/documentos/publ/3541/2024/7734291.pdf,AUTO POSTO CIDADE OCIDENTAL LTDA,18571325000190,281.88,0.0,,2038931,0,Fred Linhares
2024,5,COMBUSTÍVEIS E LUBRIFICANTES.,7734331,Nota Fiscal,0,2024-05-09T00:00:00,298097,256.03,https://www.camara.leg.br/cota-parlamentar/documentos/publ/3541/2024/7734331.pdf,AUTO POSTO CIDADE OCIDENTAL LTDA,18571325000190,256.03,0.0,,2038931,0,Fred Linhares
2024,5,COMBUSTÍVEIS E LUBRIFICANTES.,7734320,Nota Fiscal,0,2024-05-10T00:00:00,298295,263.97,https://www.camara.leg.br/cota-parlamentar/documentos/publ/3541/2024/7734320.pdf,AUTO POSTO CIDADE OCIDENTAL LTDA,18571325000190,263.97,0.0,,2038931,0,Fred Linhares
2024,5,COMBUSTÍVEIS E LUBRIFICANTES.,7734325,Nota Fiscal,0,2024-05-11T00:00:00,298357,321.72,https://www.camara.leg.br/cota-parlamentar/documentos/publ/3541/2024/7734325.pdf,AUTO POSTO CIDADE OCIDENTAL LTDA,18571325000190,321.72,0.0,,2038931,0,Fred Linhares
2024,5,COMBUSTÍVEIS E LUBRIFICANTES.,7738296,Nota Fiscal Eletrônica,4,2024-05-12T00:00:00,298583,265.28,http://www.camara.leg.br/cota-parlamentar/nota-fiscal-eletronica?ideDocumentoFiscal=7738296,AUTO POSTO CIDADE OCIDENTAL LTDA,18571325000190,265.28,0.0,,2041147,0,Fred Linhares
2024,5,COMBUSTÍVEIS E LUBRIFICANTES.,7738298,Nota Fiscal Eletrônica,4,2024-05-14T00:00:00,298861,252.14,http://www.camara.leg.br/cota-parlamentar/nota-fiscal-eletronica?ideDocumentoFiscal=7738298,AUTO POSTO CIDADE OCIDENTAL LTDA,18571325000190,252.14,0.0,,2041147,0,Fred Linhares
2024,5,COMBUSTÍVEIS E LUBRIFICANTES.,7738297,Nota Fiscal Eletrônica,4,2024-05-16T00:00:00,299109,251.0,http://www.camara.leg.br/cota-parlamentar/nota-fiscal-eletronica?ideDocumentoFiscal=7738297,AUTO POSTO CIDADE OCIDENTAL LTDA,18571325000190,251.0,0.0,,2041147,0,Fred Linhares
2024,5,COMBUSTÍVEIS E LUBRIFICANTES.,7738294,Nota Fiscal Eletrônica,4,2024-05-20T00:00:00,299564,270.0,http://www.camara.leg.br/cota-parlamentar/nota-fiscal-eletronica?ideDocumentoFiscal=7738294,AUTO POSTO CIDADE OCIDENTAL LTDA,18571325000190,270.0,0.0,,2041147,0,Fred Linhares
2024,6,COMBUSTÍVEIS E LUBRIFICANTES.,7744891,Nota Fiscal Eletrônica,4,2024-06-01T19:28:02,301304,330.35,http://www.camara.leg.br/cota-parlamentar/nota-fiscal-eletronica?ideDocumentoFiscal=7744891,AUTO POSTO CIDADE OCIDENTAL LTDA,18571325000190,330.35,0.0,,2044269,0,Fred Linhares
2024,6,COMBUSTÍVEIS E LUBRIFICANTES.,7744872,Nota Fiscal Eletrônica,4,2024-06-02T12:12:18,301357,252.0,http://www.camara.leg.br/cota-parlamentar/nota-fiscal-eletronica?ideDocumentoFiscal=7744872,AUTO POSTO CIDADE OCIDENTAL LTDA,18571325000190,252.0,0.0,,2044269,0,Fred Linhares
2024,6,COMBUSTÍVEIS E LUBRIFICANTES.,7744859,Nota Fiscal Eletrônica,4,2024-06-02T18:01:20,301389,306.07,http://www.camara.leg.br/cota-parlamentar/nota-fiscal-eletronica?ideDocumentoFiscal=7744859,AUTO POSTO CIDADE OCIDENTAL LTDA,18571325000190,306.07,0.0,,2044269,0,Fred Linhares
2024,6,COMBUSTÍVEIS E LUBRIFICANTES.,7749882,Nota Fiscal Eletrônica,4,2024-06-03T09:07:41,301463,240.19,http://www.camara.leg.br/cota-parlamentar/nota-fiscal-eletronica?ideDocumentoFiscal=7749882,AUTO POSTO CIDADE OCIDENTAL LTDA,18571325000190,240.19,0.0,,2047106,0,Fred Linhares
2024,6,COMBUSTÍVEIS E LUBRIFICANTES.,7749884,Nota Fiscal Eletrônica,4,2024-06-05T16:22:22,301792,375.4,http://www.camara.leg.br/cota-parlamentar/nota-fiscal-eletronica?ideDocumentoFiscal=7749884,AUTO POSTO CIDADE OCIDENTAL LTDA,18571325000190,375.4,0.0,,2047106,0,Fred Linhares
2024,6,COMBUSTÍVEIS E LUBRIFICANTES.,7749886,Nota Fiscal Eletrônica,4,2024-06-06T21:23:50,301959,260.0,http://www.camara.leg.br/cota-parlamentar/nota-fiscal-eletronica?ideDocumentoFiscal=7749886,AUTO POSTO CIDADE OCIDENTAL LTDA,18571325000190,260.0,0.0,,2047106,0,Fred Linhares
2024,6,COMBUSTÍVEIS E LUBRIFICANTES.,7749890,Nota Fiscal Eletrônica,4,2024-06-07T12:19:57,302022,210.0,http://www.camara.leg.br/cota-parlamentar/nota-fiscal-eletronica?ideDocumentoFiscal=7749890,AUTO POSTO CIDADE OCIDENTAL LTDA,18571325000190,210.0,0.0,,2047106,0,Fred Linhares
2024,6,COMBUSTÍVEIS E LUBRIFICANTES.,7749888,Nota Fiscal Eletrônica,4,2024-06-07T18:20:17,302068,356.0,http://www.camara.leg.br/cota-parlamentar/nota-fiscal-eletronica?ideDocumentoFiscal=7749888,AUTO POSTO CIDADE OCIDENTAL LTDA,18571325000190,356.0,0.0,,2047106,0,Fred Linhares
2024,6,COMBUSTÍVEIS E LUBRIFICANTES.,7749894,Nota Fiscal Eletrônica,4,2024-06-08T10:32:24,302117,275.03,http://www.camara.leg.br/cota-parlamentar/nota-fiscal-eletronica?ideDocumentoFiscal=7749894,AUTO POSTO CIDADE OCIDENTAL LTDA,18571325000190,275.03,0.0,,2047106,0,Fred Linhares
2024,6,COMBUSTÍVEIS E LUBRIFICANTES.,7749891,Nota Fiscal Eletrônica,4,2024-06-08T20:31:47,302195,400.0,http://www.camara.leg.br/cota-parlamentar/nota-fiscal-eletronica?ideDocumentoFiscal=7749891,AUTO POSTO CIDADE OCIDENTAL LTDA,18571325000190,400.0,0.0,,2047106,0,Fred Linhares
2024,6,COMBUSTÍVEIS E LUBRIFICANTES.,7753792,Nota Fiscal Eletrônica,4,2024-06-11T17:36:32,302547,211.41,http://www.camara.leg.br/cota-parlamentar/nota-fiscal-eletronica?ideDocumentoFiscal=7753792,AUTO POSTO CIDADE OCIDENTAL LTDA,18571325000190,211.41,0.0,,2049176,0,Fred Linhares
2024,6,COMBUSTÍVEIS E LUBRIFICANTES.,7753789,Nota Fiscal Eletrônica,4,2024-06-12T16:20:35,302684,386.67,http://www.camara.leg.br/cota-parlamentar/nota-fiscal-eletronica?ideDocumentoFiscal=7753789,AUTO POSTO CIDADE OCIDENTAL LTDA,18571325000190,386.67,0.0,,2049176,0,Fred Linhares
2024,6,COMBUSTÍVEIS E LUBRIFICANTES.,7753797,Nota Fiscal Eletrônica,4,2024-06-13T12:50:22,302828,251.63,http://www.camara.leg.br/cota-parlamentar/nota-fiscal-eletronica?ideDocumentoFiscal=7753797,AUTO POSTO CIDADE OCIDENTAL LTDA,18571325000190,251.63,0.0,,2049176,0,Fred Linhares
2024,6,COMBUSTÍVEIS E LUBRIFICANTES.,7753810,Nota Fiscal Eletrônica,4,2024-06-13T18:50:09,302883,260.0,http://www.camara.leg.br/cota-parlamentar/nota-fiscal-eletronica?ideDocumentoFiscal=7753810,AUTO POSTO CIDADE OCIDENTAL LTDA,18571325000190,260.0,0.0,,2049176,0,Fred Linhares
2024,6,COMBUSTÍVEIS E LUBRIFICANTES.,7753799,Nota Fiscal Eletrônica,4,2024-06-14T21:56:18,303041,270.0,http://www.camara.leg.br/cota-parlamentar/nota-fiscal-eletronica?ideDocumentoFiscal=7753799,AUTO POSTO CIDADE OCIDENTAL LTDA,18571325000190,270.0,0.0,,2049176,0,Fred Linhares
2024,6,COMBUSTÍVEIS E LUBRIFICANTES.,7753809,Nota Fiscal Eletrônica,4,2024-06-15T17:15:51,303130,330.94,http://www.camara.leg.br/cota-parlamentar/nota-fiscal-eletronica?ideDocumentoFiscal=7753809,AUTO POSTO CIDADE OCIDENTAL LTDA,18571325000190,330.94,0.0,,2049176,0,Fred Linhares
2024,6,COMBUSTÍVEIS E LUBRIFICANTES.,7753757,Nota Fiscal Eletrônica,4,2024-06-16T17:32:31,303202,200.0,http://www.camara.leg.br/cota-parlamentar/nota-fiscal-eletronica?ideDocumentoFiscal=7753757,AUTO POSTO CIDADE OCIDENTAL LTDA,18571325000190,200.0,0.0,,2049176,0,Fred Linhares
2024,6,COMBUSTÍVEIS E LUBRIFICANTES.,7758816,Nota Fiscal Eletrônica,4,2024-06-21T09:25:53,303912,236.82,http://www.camara.leg.br/cota-parlamentar/nota-fiscal-eletronica?ideDocumentoFiscal=7758816,AUTO POSTO CIDADE OCIDENTAL LTDA,18571325000190,236.82,0.0,,2051657,0,Fred Linhares
2024,6,COMBUSTÍVEIS E LUBRIFICANTES.,7758817,Nota Fiscal Eletrônica,4,2024-06-21T15:48:09,303946,343.57,http://www.camara.leg.br/cota-parlamentar/nota-fiscal-eletronica?ideDocumentoFiscal=7758817,AUTO POSTO CIDADE OCIDENTAL LTDA,18571325000190,343.57,0.0,,2051657,0,Fred Linhares
2024,7,COMBUSTÍVEIS E LUBRIFICANTES.,7764274,Nota Fiscal Eletrônica,4,2024-07-01T10:48:58,305442,256.05,http://www.camara.leg.br/cota-parlamentar/nota-fiscal-eletronica?ideDocumentoFiscal=7764274,AUTO POSTO CIDADE OCIDENTAL LTDA,18571325000190,256.05,0.0,,2054383,0,Fred Linhares
2024,7,COMBUSTÍVEIS E LUBRIFICANTES.,7764269,Nota Fiscal Eletrônica,4,2024-07-02T20:49:37,305807,269.5,http://www.camara.leg.br/cota-parlamentar/nota-fiscal-eletronica?ideDocumentoFiscal=7764269,AUTO POSTO CIDADE OCIDENTAL LTDA,18571325000190,269.5,0.0,,2054383,0,Fred Linhares
2024,7,COMBUSTÍVEIS E LUBRIFICANTES.,7764267,Nota Fiscal Eletrônica,4,2024-07-03T07:12:56,305874,250.02,http://www.camara.leg.br/cota-parlamentar/nota-fiscal-eletronica?ideDocumentoFiscal=7764267,AUTO POSTO CIDADE OCIDENTAL LTDA,18571325000190,250.02,0.0,,2054383,0,Fred Linhares
2024,7,COMBUSTÍVEIS E LUBRIFICANTES.,7764264,Nota Fiscal Eletrônica,4,2024-07-03T12:45:18,305896,230.0,http://www.camara.leg.br/cota-parlamentar/nota-fiscal-eletronica?ideDocumentoFiscal=7764264,AUTO POSTO CIDADE OCIDENTAL LTDA,18571325000190,230.0,0.0,,2054383,0,Fred Linhares
2024,7,COMBUSTÍVEIS E LUBRIFICANTES.,7765343,Nota Fiscal Eletrônica,4,2024-07-03T16:04:01,305922,323.27,http://www.camara.leg.br/cota-parlamentar/nota-fiscal-eletronica?ideDocumentoFiscal=7765343,AUTO POSTO CIDADE OCIDENTAL LTDA,18571325000190,323.27,0.0,,2054997,0,Fred Linhares
2024,7,COMBUSTÍVEIS E LUBRIFICANTES.,7765335,Nota Fiscal Eletrônica,4,2024-07-04T13:02:59,306084,280.0,http://www.camara.leg.br/cota-parlamentar/nota-fiscal-eletronica?ideDocumentoFiscal=7765335,AUTO POSTO CIDADE OCIDENTAL LTDA,18571325000190,280.0,0.0,,2054997,0,Fred Linhares
2024,7,COMBUSTÍVEIS E LUBRIFICANTES.,7766445,Nota Fiscal Eletrônica,4,2024-07-06T12:59:44,306462,250.0,http://www.camara.leg.br/cota-parlamentar/nota-fiscal-eletronica?ideDocumentoFiscal=7766445,AUTO POSTO CIDADE OCIDENTAL LTDA,18571325000190,250.0,0.0,,2055696,0,Fred Linhares
2024,7,COMBUSTÍVEIS E LUBRIFICANTES.,7766442,Nota Fiscal Eletrônica,4,2024-07-07T13:47:25,306609,318.04,http://www.camara.leg.br/cota-parlamentar/nota-fiscal-eletronica?ideDocumentoFiscal=7766442,AUTO POSTO CIDADE OCIDENTAL LTDA,18571325000190,318.04,0.0,,2055696,0,Fred Linhares
2024,7,COMBUSTÍVEIS E LUBRIFICANTES.,7768807,Nota Fiscal Eletrônica,4,2024-07-09T00:00:00,306867,280.0,http://www.camara.leg.br/cota-parlamentar/nota-fiscal-eletronica?ideDocumentoFiscal=7768807,AUTO POSTO CIDADE OCIDENTAL LTDA,18571325000190,280.0,0.0,,2057002,0,Fred Linhares
2024,7,COMBUSTÍVEIS E LUBRIFICANTES.,7770854,Nota Fiscal Eletrônica,4,2024-07-10T20:26:39,307057,272.13,http://www.camara.leg.br/cota-parlamentar/nota-fiscal-eletronica?ideDocumentoFiscal=7770854,AUTO POSTO CIDADE OCIDENTAL LTDA,18571325000190,272.13,0.0,,2057852,0,Fred Linhares
2024,7,COMBUSTÍVEIS E LUBRIFICANTES.,7770857,Nota Fiscal Eletrônica,4,2024-07-12T09:33:35,307261,367.59,http://www.camara.leg.br/cota-parlamentar/nota-fiscal-eletronica?ideDocumentoFiscal=7770857,AUTO POSTO CIDADE OCIDENTAL LTDA,18571325000190,367.59,0.0,,2057852,0,Fred Linhares
2024,7,COMBUSTÍVEIS E LUBRIFICANTES.,7770840,Nota Fiscal Eletrônica,4,2024-07-13T12:46:41,307396,339.99,http://www.camara.leg.br/cota-parlamentar/nota-fiscal-eletronica?ideDocumentoFiscal=7770840,AUTO POSTO CIDADE OCIDENTAL LTDA,18571325000190,339.99,0.0,,2057852,0,Fred Linhares
2024,7,COMBUSTÍVEIS E LUBRIFICANTES.,7770836,Nota Fiscal Eletrônica,4,2024-07-14T13:30:58,307522,237.45,http://www.camara.leg.br/cota-parlamentar/nota-fiscal-eletronica?ideDocumentoFiscal=7770836,AUTO POSTO CIDADE OCIDENTAL LTDA,18571325000190,237.45,0.0,,2057852,0,Fred Linhares
2024,7,COMBUSTÍVEIS E LUBRIFICANTES.,7770859,Nota Fiscal Eletrônica,4,2024-07-15T08:29:26,307606,322.04,http://www.camara.leg.br/cota-parlamentar/nota-fiscal-eletronica?ideDocumentoFiscal=7770859,AUTO POSTO CIDADE OCIDENTAL LTDA,18571325000190,322.04,0.0,,2057852,0,Fred Linhares
2024,7,COMBUSTÍVEIS E LUBRIFICANTES.,7771792,Nota Fiscal Eletrônica,4,2024-07-16T09:10:03,307744,422.43,http://www.camara.leg.br/cota-parlamentar/nota-fiscal-eletronica?ideDocumentoFiscal=7771792,AUTO POSTO CIDADE OCIDENTAL LTDA,18571325000190,422.43,0.0,,2058325,0,Fred Linhares
2024,7,COMBUSTÍVEIS E LUBRIFICANTES.,7773080,Nota Fiscal Eletrônica,4,2024-07-17T09:50:11,307883,381.67,http://www.camara.leg.br/cota-parlamentar/nota-fiscal-eletronica?ideDocumentoFiscal=7773080,AUTO POSTO CIDADE OCIDENTAL LTDA,18571325000190,381.67,0.0,,2058971,0,Fred Linhares
2024,7,COMBUSTÍVEIS E LUBRIFICANTES.,7773077,Nota Fiscal Eletrônica,4,2024-07-18T10:52:13,308050,330.0,http://www.camara.leg.br/cota-parlamentar/nota-fiscal-eletronica?ideDocumentoFiscal=7773077,AUTO POSTO CIDADE OCIDENTAL LTDA,18571325000190,330.0,0.0,,2058971,0,Fred Linhares
2024,8,COMBUSTÍVEIS E LUBRIFICANTES.,7779704,Nota Fiscal Eletrônica,4,2024-08-01T13:52:56,310136,300.0,http://www.camara.leg.br/cota-parlamentar/nota-fiscal-eletronica?ideDocumentoFiscal=7779704,AUTO POSTO CIDADE OCIDENTAL LTDA,18571325000190,300.0,0.0,,2062265,0,Fred Linhares
2024,8,COMBUSTÍVEIS E LUBRIFICANTES.,7779687,Nota Fiscal Eletrônica,4,2024-08-02T13:17:42,310314,280.0,http://www.camara.leg.br/cota-parlamentar/nota-fiscal-eletronica?ideDocumentoFiscal=7779687,AUTO POSTO CIDADE OCIDENTAL LTDA,18571325000190,280.0,0.0,,2062265,0,Fred Linhares
2024,8,COMBUSTÍVEIS E LUBRIFICANTES.,7779691,Nota Fiscal Eletrônica,4,2024-08-03T16:54:36,310456,386.35,http://www.camara.leg.br/cota-parlamentar/nota-fiscal-eletronica?ideDocumentoFiscal=7779691,AUTO POSTO CIDADE OCIDENTAL LTDA,18571325000190,386.35,0.0,,2062265,0,Fred Linhares
2024,8,COMBUSTÍVEIS E LUBRIFICANTES.,7779937,Nota Fiscal Eletrônica,4,2024-08-05T14:00:55,310683,390.0,http://www.camara.leg.br/cota-parlamentar/nota-fiscal-eletronica?ideDocumentoFiscal=7779937,AUTO POSTO CIDADE OCIDENTAL LTDA,18571325000190,390.0,0.0,,2062369,0,Fred Linhares
2024,8,COMBUSTÍVEIS E LUBRIFICANTES.,7782861,Nota Fiscal Eletrônica,4,2024-08-07T12:34:57,311012,414.72,http://www.camara.leg.br/cota-parlamentar/nota-fiscal-eletronica?ideDocumentoFiscal=7782861,AUTO POSTO CIDADE OCIDENTAL LTDA,18571325000190,414.72,0.0,,2063732,0,Fred Linhares
2024,8,COMBUSTÍVEIS E LUBRIFICANTES.,7782867,Nota Fiscal Eletrônica,4,2024-08-08T11:54:50,311160,231.35,http://www.camara.leg.br/cota-parlamentar/nota-fiscal-eletronica?ideDocumentoFiscal=7782867,AUTO POSTO CIDADE OCIDENTAL LTDA,18571325000190,231.35,0.0,,2063732,0,Fred Linhares
2024,8,COMBUSTÍVEIS E LUBRIFICANTES.,7783771,Nota Fiscal Eletrônica,4,2024-08-10T10:43:31,311419,396.93,http://www.camara.leg.br/cota-parlamentar/nota-fiscal-eletronica?ideDocumentoFiscal=7783771,AUTO POSTO CIDADE OCIDENTAL LTDA,18571325000190,396.93,0.0,,2064232,0,Fred Linhares
2024,8,COMBUSTÍVEIS E LUBRIFICANTES.,7783776,Nota Fiscal Eletrônica,4,2024-08-11T13:43:35,311579,240.0,http://www.camara.leg.br/cota-parlamentar/nota-fiscal-eletronica?ideDocumentoFiscal=7783776,AUTO POSTO CIDADE OCIDENTAL LTDA,18571325000190,240.0,0.0,,2064232,0,Fred Linhares
2024,8,COMBUSTÍVEIS E LUBRIFICANTES.,7784294,Nota Fiscal Eletrônica,4,2024-08-12T13:51:02,311663,380.0,http://www.camara.leg.br/cota-parlamentar/nota-fiscal-eletronica?ideDocumentoFiscal=7784294,AUTO POSTO CIDADE OCIDENTAL LTDA,18571325000190,380.0,0.0,,2064498,0,Fred Linhares
2024,8,COMBUSTÍVEIS E LUBRIFICANTES.,7787430,Nota Fiscal Eletrônica,4,2024-08-13T00:00:00,311799,347.51,http://www.camara.leg.br/cota-parlamentar/nota-fiscal-eletronica?ideDocumentoFiscal=7787430,AUTO POSTO CIDADE OCIDENTAL LTDA,18571325000190,347.51,0.0,,2065913,0,Fred Linhares
2024,8,COMBUSTÍVEIS E LUBRIFICANTES.,7787406,Nota Fiscal Eletrônica,4,2024-08-14T00:00:00,311929,358.47,http://www.camara.leg.br/cota-parlamentar/nota-fiscal-eletronica?ideDocumentoFiscal=7787406,AUTO POSTO CIDADE OCIDENTAL LTDA,18571325000190,358.47,0.0,,2065913,0,Fred Linhares
2024,8,COMBUSTÍVEIS E LUBRIFICANTES.,7787644,Nota Fiscal Eletrônica,4,2024-08-15T00:00:00,312024,300.0,http://www.camara.leg.br/cota-parlamentar/nota-fiscal-eletronica?ideDocumentoFiscal=7787644,AUTO POSTO CIDADE OCIDENTAL LTDA,18571325000190,300.0,0.0,,2065987,0,Fred Linhares
2024,8,COMBUSTÍVEIS E LUBRIFICANTES.,7788520,Nota Fiscal Eletrônica,4,2024-08-16T08:30:39,312152,325.48,http://www.camara.leg.br/cota-parlamentar/nota-fiscal-eletronica?ideDocumentoFiscal=7788520,AUTO POSTO CIDADE OCIDENTAL LTDA,18571325000190,325.48,0.0,,2066738,0,Fred Linhares
2024,8,COMBUSTÍVEIS E LUBRIFICANTES.,7788524,Nota Fiscal Eletrônica,4,2024-08-19T09:30:51,312561,250.0,http://www.camara.leg.br/cota-parlamentar/nota-fiscal-eletronica?ideDocumentoFiscal=7788524,AUTO POSTO CIDADE OCIDENTAL LTDA,18571325000190,250.0,0.0,,2066738,0,Fred Linhares
2024,8,COMBUSTÍVEIS E LUBRIFICANTES.,7790074,Nota Fiscal Eletrônica,4,2024-08-21T10:21:26,313016,340.22,http://www.camara.leg.br/cota-parlamentar/nota-fiscal-eletronica?ideDocumentoFiscal=7790074,AUTO POSTO CIDADE OCIDENTAL LTDA,18571325000190,340.22,0.0,,2067292,0,Fred Linhares
2024,9,COMBUSTÍVEIS E LUBRIFICANTES.,7796065,Nota Fiscal Eletrônica,4,2024-09-02T13:55:59,314747,330.03,http://www.camara.leg.br/cota-parlamentar/nota-fiscal-eletronica?ideDocumentoFiscal=7796065,AUTO POSTO CIDADE OCIDENTAL LTDA,18571325000190,330.03,0.0,,2070341,0,Fred Linhares
2024,9,COMBUSTÍVEIS E LUBRIFICANTES.,7796068,Nota Fiscal Eletrônica,4,2024-09-03T13:49:12,314928,300.0,http://www.camara.leg.br/cota-parlamentar/nota-fiscal-eletronica?ideDocumentoFiscal=7796068,AUTO POSTO CIDADE OCIDENTAL LTDA,18571325000190,300.0,0.0,,2070341,0,Fred Linhares
2024,9,COMBUSTÍVEIS E LUBRIFICANTES.,7799449,Nota Fiscal Eletrônica,4,2024-09-04T18:32:39,315102,331.75,http://www.camara.leg.br/cota-parlamentar/nota-fiscal-eletronica?ideDocumentoFiscal=7799449,AUTO POSTO CIDADE OCIDENTAL LTDA,18571325000190,331.75,0.0,,2073352,0,Fred Linhares
2024,9,COMBUSTÍVEIS E LUBRIFICANTES.,7799445,Nota Fiscal Eletrônica,4,2024-09-05T13:56:00,315200,340.0,http://www.camara.leg.br/cota-parlamentar/nota-fiscal-eletronica?ideDocumentoFiscal=7799445,AUTO POSTO CIDADE OCIDENTAL LTDA,18571325000190,340.0,0.0,,2073352,0,Fred Linhares
2024,9,COMBUSTÍVEIS E LUBRIFICANTES.,7799442,Nota Fiscal Eletrônica,4,2024-09-06T14:04:21,315371,270.0,http://www.camara.leg.br/cota-parlamentar/nota-fiscal-eletronica?ideDocumentoFiscal=7799442,AUTO POSTO CIDADE OCIDENTAL LTDA,18571325000190,270.0,0.0,,2073352,0,Fred Linhares
2024,9,COMBUSTÍVEIS E LUBRIFICANTES.,7799438,Nota Fiscal Eletrônica,4,2024-09-07T13:58:38,315560,275.03,http://www.camara.leg.br/cota-parlamentar/nota-fiscal-eletronica?ideDocumentoFiscal=7799438,AUTO POSTO CIDADE OCIDENTAL LTDA,18571325000190,275.03,0.0,,2073352,0,Fred Linhares
2024,9,COMBUSTÍVEIS E LUBRIFICANTES.,7799435,Nota Fiscal Eletrônica,4,2024-09-08T12:57:03,315699,327.03,http://www.camara.leg.br/cota-parlamentar/nota-fiscal-eletronica?ideDocumentoFiscal=7799435,AUTO POSTO CIDADE OCIDENTAL LTDA,18571325000190,327.03,0.0,,2073352,0,Fred Linhares
2024,9,COMBUSTÍVEIS E LUBRIFICANTES.,7799432,Nota Fiscal Eletrônica,4,2024-09-09T14:03:58,315823,282.97,http://www.camara.leg.br/cota-parlamentar/nota-fiscal-eletronica?ideDocumentoFiscal=7799432,AUTO POSTO CIDADE OCIDENTAL LTDA,18571325000190,282.97,0.0,,2073352,0,Fred Linhares
2024,9,COMBUSTÍVEIS E LUBRIFICANTES.,7804189,Nota Fiscal Eletrônica,4,2024-09-11T12:40:40,316126,240.0,http://www.camara.leg.br/cota-parlamentar/nota-fiscal-eletronica?ideDocumentoFiscal=7804189,AUTO POSTO CIDADE OCIDENTAL LTDA,18571325000190,240.0,0.0,,2074567,0,Fred Linhares
2024,9,COMBUSTÍVEIS E LUBRIFICANTES.,7804197,Nota Fiscal Eletrônica,4,2024-09-13T13:06:01,316486,261.0,http://www.camara.leg.br/cota-parlamentar/nota-fiscal-eletronica?ideDocumentoFiscal=7804197,AUTO POSTO CIDADE OCIDENTAL LTDA,18571325000190,261.0,0.0,,2074567,0,Fred Linhares
2024,9,COMBUSTÍVEIS E LUBRIFICANTES.,7801970,Nota Fiscal Eletrônica,4,2024-09-14T13:53:52,316662,250.0,http://www.camara.leg.br/cota-parlamentar/nota-fiscal-eletronica?ideDocumentoFiscal=7801970,AUTO POSTO CIDADE OCIDENTAL LTDA,18571325000190,250.0,0.0,,2073494,0,Fred Linhares
2024,9,COMBUSTÍVEIS E LUBRIFICANTES.,7801975,Nota Fiscal Eletrônica,4,2024-09-15T13:24:01,316823,237.0,http://www.camara.leg.br/cota-parlamentar/nota-fiscal-eletronica?ideDocumentoFiscal=7801975,AUTO POSTO CIDADE OCIDENTAL LTDA,18571325000190,237.0,0.0,,2073494,0,Fred Linhares
2024,9,COMBUSTÍVEIS E LUBRIFICANTES.,7804172,Nota Fiscal Eletrônica,4,2024-09-17T18:10:09,316947,247.88,http://www.camara.leg.br/cota-parlamentar/nota-fiscal-eletronica?ideDocumentoFiscal=7804172,AUTO POSTO CIDADE OCIDENTAL LTDA,18571325000190,247.88,0.0,,2074559,0,Fred Linhares
2024,9,COMBUSTÍVEIS E LUBRIFICANTES.,7804177,Nota Fiscal Eletrônica,4,2024-09-18T18:28:20,317076,249.42,http://www.camara.leg.br/cota-parlamentar/nota-fiscal-eletronica?ideDocumentoFiscal=7804177,AUTO POSTO CIDADE OCIDENTAL LTDA,18571325000190,249.42,0.0,,2074559,0,Fred Linhares
2024,9,COMBUSTÍVEIS E LUBRIFICANTES.,7805297,Nota Fiscal Eletrônica,4,2024-09-20T12:51:49,317339,339.42,http://www.camara.leg.br/cota-parlamentar/nota-fiscal-eletronica?ideDocumentoFiscal=7805297,AUTO POSTO CIDADE OCIDENTAL LTDA,18571325000190,339.42,0.0,,2075153,0,Fred Linhares
2024,9,COMBUSTÍVEIS E LUBRIFICANTES.,7805295,Nota Fiscal Eletrônica,4,2024-09-21T13:55:52,317518,284.01,http://www.camara.leg.br/cota-parlamentar/nota-fiscal-eletronica?ideDocumentoFiscal=7805295,AUTO POSTO CIDADE OCIDENTAL LTDA,18571325000190,284.01,0.0,,2075153,0,Fred Linhares
2024,9,COMBUSTÍVEIS E LUBRIFICANTES.,7805300,Nota Fiscal Eletrônica,4,2024-09-22T13:04:04,317625,330.0,http://www.camara.leg.br/cota-parlamentar/nota-fiscal-eletronica?ideDocumentoFiscal=7805300,AUTO POSTO CIDADE OCIDENTAL LTDA,18571325000190,330.0,0.0,,2075153,0,Fred Linhares
2024,9,COMBUSTÍVEIS E LUBRIFICANTES.,7805303,Nota Fiscal Eletrônica,4,2024-09-23T13:50:29,317763,260.0,http://www.camara.leg.br/cota-parlamentar/nota-fiscal-eletronica?ideDocumentoFiscal=7805303,AUTO POSTO CIDADE OCIDENTAL LTDA,18571325000190,260.0,0.0,,2075153,0,Fred Linhares
2024,10,COMBUSTÍVEIS E LUBRIFICANTES.,7812310,Nota Fiscal Eletrônica,4,2024-10-01T14:18:55,318872,250.0,http://www.camara.leg.br/cota-parlamentar/nota-fiscal-eletronica?ideDocumentoFiscal=7812310,AUTO POSTO CIDADE OCIDENTAL LTDA,18571325000190,250.0,0.0,,2079446,0,Fred Linhares
2024,10,COMBUSTÍVEIS E LUBRIFICANTES.,7812308,Nota Fiscal Eletrônica,4,2024-10-02T13:57:46,318996,240.0,http://www.camara.leg.br/cota-parlamentar/nota-fiscal-eletronica?ideDocumentoFiscal=7812308,AUTO POSTO CIDADE OCIDENTAL LTDA,18571325000190,240.0,0.0,,2079446,0,Fred Linhares
2024,10,COMBUSTÍVEIS E LUBRIFICANTES.,7812305,Nota Fiscal Eletrônica,4,2024-10-03T12:57:39,319166,342.31,http://www.camara.leg.br/cota-parlamentar/nota-fiscal-eletronica?ideDocumentoFiscal=7812305,AUTO POSTO CIDADE OCIDENTAL LTDA,18571325000190,342.31,0.0,,2079446,0,Fred Linhares
2024,10,COMBUSTÍVEIS E LUBRIFICANTES.,7812270,Nota Fiscal Eletrônica,4,2024-10-04T12:49:43,319323,390.01,http://www.camara.leg.br/cota-parlamentar/nota-fiscal-eletronica?ideDocumentoFiscal=7812270,AUTO POSTO CIDADE OCIDENTAL LTDA,18571325000190,390.01,0.0,,2079446,0,Fred Linhares
2024,10,COMBUSTÍVEIS E LUBRIFICANTES.,7812298,Nota Fiscal Eletrônica,4,2024-10-05T13:27:42,319470,320.02,http://www.camara.leg.br/cota-parlamentar/nota-fiscal-eletronica?ideDocumentoFiscal=7812298,AUTO POSTO CIDADE OCIDENTAL LTDA,18571325000190,320.02,0.0,,2079446,0,Fred Linhares
2024,10,COMBUSTÍVEIS E LUBRIFICANTES.,7812276,Nota Fiscal Eletrônica,4,2024-10-06T13:30:52,319597,327.0,http://www.camara.leg.br/cota-parlamentar/nota-fiscal-eletronica?ideDocumentoFiscal=7812276,AUTO POSTO CIDADE OCIDENTAL LTDA,18571325000190,327.0,0.0,,2079446,0,Fred Linhares
2024,10,COMBUSTÍVEIS E LUBRIFICANTES.,7812266,Nota Fiscal Eletrônica,4,2024-10-07T12:36:01,319773,365.01,http://www.camara.leg.br/cota-parlamentar/nota-fiscal-eletronica?ideDocumentoFiscal=7812266,AUTO POSTO CIDADE OCIDENTAL LTDA,18571325000190,365.01,0.0,,2079446,0,Fred Linhares
2024,10,COMBUSTÍVEIS E LUBRIFICANTES.,7815322,Nota Fiscal Eletrônica,4,2024-10-08T13:36:48,319943,351.0,http://www.camara.leg.br/cota-parlamentar/nota-fiscal-eletronica?ideDocumentoFiscal=7815322,AUTO POSTO CIDADE OCIDENTAL LTDA,18571325000190,351.0,0.0,,2080943,0,Fred Linhares
2024,10,COMBUSTÍVEIS E LUBRIFICANTES.,7815323,Nota Fiscal Eletrônica,4,2024-10-09T19:17:49,320156,231.83,http://www.camara.leg.br/cota-parlamentar/nota-fiscal-eletronica?ideDocumentoFiscal=7815323,AUTO POSTO CIDADE OCIDENTAL LTDA,18571325000190,231.83,0.0,,2080943,0,Fred Linhares
2024,10,COMBUSTÍVEIS E LUBRIFICANTES.,7815326,Nota Fiscal Eletrônica,4,2024-10-10T13:58:51,320223,370.05,http://www.camara.leg.br/cota-parlamentar/nota-fiscal-eletronica?ideDocumentoFiscal=7815326,AUTO POSTO CIDADE OCIDENTAL LTDA,18571325000190,370.05,0.0,,2080943,0,Fred Linhares
2024,10,COMBUSTÍVEIS E LUBRIFICANTES.,7816907,Nota Fiscal Eletrônica,4,2024-10-11T14:10:40,320413,350.0,http://www.camara.leg.br/cota-parlamentar/nota-fiscal-eletronica?ideDocumentoFiscal=7816907,AUTO POSTO CIDADE OCIDENTAL LTDA,18571325000190,350.0,0.0,,2081790,0,Fred Linhares
2024,10,COMBUSTÍVEIS E LUBRIFICANTES.,7816902,Nota Fiscal Eletrônica,4,2024-10-12T13:46:32,320576,350.0,http://www.camara.leg.br/cota-parlamentar/nota-fiscal-eletronica?ideDocumentoFiscal=7816902,AUTO POSTO CIDADE OCIDENTAL LTDA,18571325000190,350.0,0.0,,2081790,0,Fred Linhares
2024,10,COMBUSTÍVEIS E LUBRIFICANTES.,7816904,Nota Fiscal Eletrônica,4,2024-10-14T14:04:58,320835,320.0,http://www.camara.leg.br/cota-parlamentar/nota-fiscal-eletronica?ideDocumentoFiscal=7816904,AUTO POSTO CIDADE OCIDENTAL LTDA,18571325000190,320.0,0.0,,2081790,0,Fred Linhares
2024,10,COMBUSTÍVEIS E LUBRIFICANTES.,7816912,Nota Fiscal Eletrônica,4,2024-10-15T13:55:44,321024,350.0,http://www.camara.leg.br/cota-parlamentar/nota-fiscal-eletronica?ideDocumentoFiscal=7816912,AUTO POSTO CIDADE OCIDENTAL LTDA,18571325000190,350.0,0.0,,2081790,0,Fred Linhares
2024,10,COMBUSTÍVEIS E LUBRIFICANTES.,7820287,Nota Fiscal Eletrônica,4,2024-10-17T13:59:31,321351,315.0,http://www.camara.leg.br/cota-parlamentar/nota-fiscal-eletronica?ideDocumentoFiscal=7820287,AUTO POSTO CIDADE OCIDENTAL LTDA,18571325000190,315.0,0.0,,2083568,0,Fred Linhares
2024,10,COMBUSTÍVEIS E LUBRIFICANTES.,7818901,Nota Fiscal Eletrônica,4,2024-10-18T13:35:35,321460,310.01,http://www.camara.leg.br/cota-parlamentar/nota-fiscal-eletronica?ideDocumentoFiscal=7818901,AUTO POSTO CIDADE OCIDENTAL LTDA,18571325000190,310.01,0.0,,2082848,0,Fred Linhares
2024,10,COMBUSTÍVEIS E LUBRIFICANTES.,7818899,Nota Fiscal Eletrônica,4,2024-10-19T13:54:36,321642,250.0,http://www.camara.leg.br/cota-parlamentar/nota-fiscal-eletronica?ideDocumentoFiscal=7818899,AUTO POSTO CIDADE OCIDENTAL LTDA,18571325000190,250.0,0.0,,2082848,0,Fred Linhares
2024,10,COMBUSTÍVEIS E LUBRIFICANTES.,7818902,Nota Fiscal Eletrônica,4,2024-10-20T13:51:30,321869,310.05,http://www.camara.leg.br/cota-parlamentar/nota-fiscal-eletronica?ideDocumentoFiscal=7818902,AUTO POSTO CIDADE OCIDENTAL LTDA,18571325000190,310.05,0.0,,2082848,0,Fred Linhares
2024,11,COMBUSTÍVEIS E LUBRIFICANTES.,7825293,Nota Fiscal Eletrônica,4,2024-11-01T13:48:17,323693,276.0,http://www.camara.leg.br/cota-parlamentar/nota-fiscal-eletronica?ideDocumentoFiscal=7825293,AUTO POSTO CIDADE OCIDENTAL LTDA,18571325000190,276.0,0.0,,2086192,0,Fred Linhares
2024,11,COMBUSTÍVEIS E LUBRIFICANTES.,7825284,Nota Fiscal Eletrônica,4,2024-11-02T14:33:24,323900,370.0,http://www.camara.leg.br/cota-parlamentar/nota-fiscal-eletronica?ideDocumentoFiscal=7825284,AUTO POSTO CIDADE OCIDENTAL LTDA,18571325000190,370.0,0.0,,2086192,0,Fred Linhares
2024,11,COMBUSTÍVEIS E LUBRIFICANTES.,7825292,Nota Fiscal Eletrônica,4,2024-11-03T13:47:50,324020,320.0,http://www.camara.leg.br/cota-parlamentar/nota-fiscal-eletronica?ideDocumentoFiscal=7825292,AUTO POSTO CIDADE OCIDENTAL LTDA,18571325000190,320.0,0.0,,2086192,0,Fred Linhares
2024,11,COMBUSTÍVEIS E LUBRIFICANTES.,7825948,Nota Fiscal Eletrônica,4,2024-11-04T13:56:03,324154,300.0,http://www.camara.leg.br/cota-parlamentar/nota-fiscal-eletronica?ideDocumentoFiscal=7825948,AUTO POSTO CIDADE OCIDENTAL LTDA,18571325000190,300.0,0.0,,2086641,0,Fred Linhares
2024,11,COMBUSTÍVEIS E LUBRIFICANTES.,7828810,Nota Fiscal Eletrônica,4,2024-11-05T17:16:04,324276,250.0,http://www.camara.leg.br/cota-parlamentar/nota-fiscal-eletronica?ideDocumentoFiscal=7828810,AUTO POSTO CIDADE OCIDENTAL LTDA,18571325000190,250.0,0.0,,2088232,0,Fred Linhares
2024,11,COMBUSTÍVEIS E LUBRIFICANTES.,7828811,Nota Fiscal Eletrônica,4,2024-11-06T14:01:27,324434,350.0,http://www.camara.leg.br/cota-parlamentar/nota-fiscal-eletronica?ideDocumentoFiscal=7828811,AUTO POSTO CIDADE OCIDENTAL LTDA,18571325000190,350.0,0.0,,2088232,0,Fred Linhares
2024,11,COMBUSTÍVEIS E LUBRIFICANTES.,7828812,Nota Fiscal Eletrônica,4,2024-11-07T13:08:34,324603,315.04,http://www.camara.leg.br/cota-parlamentar/nota-fiscal-eletronica?ideDocumentoFiscal=7828812,AUTO POSTO CIDADE OCIDENTAL LTDA,18571325000190,315.04,0.0,,2088232,0,Fred Linhares
2024,11,COMBUSTÍVEIS E LUBRIFICANTES.,7828805,Nota Fiscal Eletrônica,4,2024-11-08T13:35:47,324728,250.0,http://www.camara.leg.br/cota-parlamentar/nota-fiscal-eletronica?ideDocumentoFiscal=7828805,AUTO POSTO CIDADE OCIDENTAL LTDA,18571325000190,250.0,0.0,,2088232,0,Fred Linhares
2024,11,COMBUSTÍVEIS E LUBRIFICANTES.,7828806,Nota Fiscal Eletrônica,4,2024-11-09T13:54:47,325059,350.0,http://www.camara.leg.br/cota-parlamentar/nota-fiscal-eletronica?ideDocumentoFiscal=7828806,AUTO POSTO CIDADE OCIDENTAL LTDA,18571325000190,350.0,0.0,,2088232,0,Fred Linhares
2024,11,COMBUSTÍVEIS E LUBRIFICANTES.,7828807,Nota Fiscal Eletrônica,4,2024-11-10T15:09:17,325228,370.05,http://www.camara.leg.br/cota-parlamentar/nota-fiscal-eletronica?ideDocumentoFiscal=7828807,AUTO POSTO CIDADE OCIDENTAL LTDA,18571325000190,370.05,0.0,,2088232,0,Fred Linhares
2024,11,COMBUSTÍVEIS E LUBRIFICANTES.,7830687,Nota Fiscal Eletrônica,4,2024-11-11T14:17:01,325377,312.0,http://www.camara.leg.br/cota-parlamentar/nota-fiscal-eletronica?ideDocumentoFiscal=7830687,AUTO POSTO CIDADE OCIDENTAL LTDA,18571325000190,312.0,0.0,,2089212,0,Fred Linhares
2024,11,COMBUSTÍVEIS E LUBRIFICANTES.,7830694,Nota Fiscal Eletrônica,4,2024-11-12T18:16:13,325579,260.0,http://www.camara.leg.br/cota-parlamentar/nota-fiscal-eletronica?ideDocumentoFiscal=7830694,AUTO POSTO CIDADE OCIDENTAL LTDA,18571325000190,260.0,0.0,,2089212,0,Fred Linhares
2024,11,COMBUSTÍVEIS E LUBRIFICANTES.,7830696,Nota Fiscal Eletrônica,4,2024-11-13T14:07:54,325669,350.0,http://www.camara.leg.br/cota-parlamentar/nota-fiscal-eletronica?ideDocumentoFiscal=7830696,AUTO POSTO CIDADE OCIDENTAL LTDA,18571325000190,350.0,0.0,,2089212,0,Fred Linhares
2024,11,COMBUSTÍVEIS E LUBRIFICANTES.,7830700,Nota Fiscal Eletrônica,4,2024-11-14T12:53:19,325786,254.74,http://www.camara.leg.br/cota-parlamentar/nota-fiscal-eletronica?ideDocumentoFiscal=7830700,AUTO POSTO CIDADE OCIDENTAL LTDA,18571325000190,254.74,0.0,,2089212,0,Fred Linhares
2024,11,COMBUSTÍVEIS E LUBRIFICANTES.,7830671,Nota Fiscal Eletrônica,4,2024-11-15T13:58:55,325918,370.04,http://www.camara.leg.br/cota-parlamentar/nota-fiscal-eletronica?ideDocumentoFiscal=7830671,AUTO POSTO CIDADE OCIDENTAL LTDA,18571325000190,370.04,0.0,,2089212,0,Fred Linhares
2024,11,COMBUSTÍVEIS E LUBRIFICANTES.,7830685,Nota Fiscal Eletrônica,4,2024-11-17T13:55:11,326128,250.0,http://www.camara.leg.br/cota-parlamentar/nota-fiscal-eletronica?ideDocumentoFiscal=7830685,AUTO POSTO CIDADE OCIDENTAL LTDA,18571325000190,250.0,0.0,,2089212,0,Fred Linhares
2024,11,COMBUSTÍVEIS E LUBRIFICANTES.,7835175,Nota Fiscal Eletrônica,4,2024-11-20T13:49:32,326590,367.22,http://www.camara.leg.br/cota-parlamentar/nota-fiscal-eletronica?ideDocumentoFiscal=7835175,AUTO POSTO CIDADE OCIDENTAL LTDA,18571325000190,367.22,0.0,,2091587,0,Fred Linhares
2024,11,COMBUSTÍVEIS E LUBRIFICANTES.,7835198,Nota Fiscal Eletrônica,4,2024-11-21T13:55:27,326723,314.05,http://www.camara.leg.br/cota-parlamentar/nota-fiscal-eletronica?ideDocumentoFiscal=7835198,AUTO POSTO CIDADE OCIDENTAL LTDA,18571325000190,314.05,0.0,,2091587,0,Fred Linhares
2024,11,COMBUSTÍVEIS E LUBRIFICANTES.,7835204,Nota Fiscal Eletrônica,4,2024-11-22T14:03:48,326880,320.0,http://www.camara.leg.br/cota-parlamentar/nota-fiscal-eletronica?ideDocumentoFiscal=7835204,AUTO POSTO CIDADE OCIDENTAL LTDA,18571325000190,320.0,0.0,,2091587,0,Fred Linhares
2024,11,COMBUSTÍVEIS E LUBRIFICANTES.,7835154,Nota Fiscal Eletrônica,4,2024-11-23T14:00:50,327056,310.02,http://www.camara.leg.br/cota-parlamentar/nota-fiscal-eletronica?ideDocumentoFiscal=7835154,AUTO POSTO CIDADE OCIDENTAL LTDA,18571325000190,310.02,0.0,,2091587,0,Fred Linhares
2024,11,COMBUSTÍVEIS E LUBRIFICANTES.,7835164,Nota Fiscal Eletrônica,4,2024-11-24T13:50:09,327172,300.0,http://www.camara.leg.br/cota-parlamentar/nota-fiscal-eletronica?ideDocumentoFiscal=7835164,AUTO POSTO CIDADE OCIDENTAL LTDA,18571325000190,300.0,0.0,,2091587,0,Fred Linhares
2024,12,COMBUSTÍVEIS E LUBRIFICANTES.,7840456,Nota Fiscal Eletrônica,4,2024-12-01T13:52:45,328352,370.09,http://www.camara.leg.br/cota-parlamentar/nota-fiscal-eletronica?ideDocumentoFiscal=7840456,AUTO POSTO CIDADE OCIDENTAL LTDA,18571325000190,370.09,0.0,,2094528,0,Fred Linhares
2024,12,COMBUSTÍVEIS E LUBRIFICANTES.,7840445,Nota Fiscal Eletrônica,4,2024-12-02T12:55:42,328453,309.99,http://www.camara.leg.br/cota-parlamentar/nota-fiscal-eletronica?ideDocumentoFiscal=7840445,AUTO POSTO CIDADE OCIDENTAL LTDA,18571325000190,309.99,0.0,,2094528,0,Fred Linhares
2024,12,COMBUSTÍVEIS E LUBRIFICANTES.,7840449,Nota Fiscal Eletrônica,4,2024-12-03T18:30:30,328699,232.43,http://www.camara.leg.br/cota-parlamentar/nota-fiscal-eletronica?ideDocumentoFiscal=7840449,AUTO POSTO CIDADE OCIDENTAL LTDA,18571325000190,232.43,0.0,,2094528,0,Fred Linhares
2024,12,COMBUSTÍVEIS E LUBRIFICANTES.,7840452,Nota Fiscal Eletrônica,4,2024-12-04T13:57:29,328782,300.06,http://www.camara.leg.br/cota-parlamentar/nota-fiscal-eletronica?ideDocumentoFiscal=7840452,AUTO POSTO CIDADE OCIDENTAL LTDA,18571325000190,300.06,0.0,,2094528,0,Fred Linhares
2024,12,COMBUSTÍVEIS E LUBRIFICANTES.,7845306,Nota Fiscal Eletrônica,4,2024-12-06T00:00:00,329006,304.28,http://www.camara.leg.br/cota-parlamentar/nota-fiscal-eletronica?ideDocumentoFiscal=7845306,AUTO POSTO CIDADE OCIDENTAL LTDA,18571325000190,304.28,0.0,,2097188,0,Fred Linhares
2024,12,COMBUSTÍVEIS E LUBRIFICANTES.,7845320,Nota Fiscal Eletrônica,4,2024-12-07T00:00:00,329148,350.0,http://www.camara.leg.br/cota-parlamentar/nota-fiscal-eletronica?ideDocumentoFiscal=7845320,AUTO POSTO CIDADE OCIDENTAL LTDA,18571325000190,350.0,0.0,,2097188,0,Fred Linhares
2024,12,COMBUSTÍVEIS E LUBRIFICANTES.,7845337,Nota Fiscal Eletrônica,4,2024-12-09T14:04:51,329368,279.43,http://www.camara.leg.br/cota-parlamentar/nota-fiscal-eletronica?ideDocumentoFiscal=7845337,AUTO POSTO CIDADE OCIDENTAL LTDA,18571325000190,279.43,0.0,,2097188,0,Fred Linhares
2024,12,COMBUSTÍVEIS E LUBRIFICANTES.,7845325,Nota Fiscal Eletrônica,4,2024-12-10T13:13:11,329491,320.01,http://www.camara.leg.br/cota-parlamentar/nota-fiscal-eletronica?ideDocumentoFiscal=7845325,AUTO POSTO CIDADE OCIDENTAL LTDA,18571325000190,320.01,0.0,,2097188,0,Fred Linhares
2024,12,COMBUSTÍVEIS E LUBRIFICANTES.,7845334,Nota Fiscal Eletrônica,4,2024-12-11T14:03:41,329671,313.21,http://www.camara.leg.br/cota-parlamentar/nota-fiscal-eletronica?ideDocumentoFiscal=7845334,AUTO POSTO CIDADE OCIDENTAL LTDA,18571325000190,313.21,0.0,,2097188,0,Fred Linhares
2024,12,COMBUSTÍVEIS E LUBRIFICANTES.,7845342,Nota Fiscal Eletrônica,4,2024-12-12T14:05:14,329847,350.0,http://www.camara.leg.br/cota-parlamentar/nota-fiscal-eletronica?ideDocumentoFiscal=7845342,AUTO POSTO CIDADE OCIDENTAL LTDA,18571325000190,350.0,0.0,,2097188,0,Fred Linhares
2024,12,COMBUSTÍVEIS E LUBRIFICANTES.,7846510,Nota Fiscal Eletrônica,4,2024-12-13T00:00:00,330025,349.99,http://www.camara.leg.br/cota-parlamentar/nota-fiscal-eletronica?ideDocumentoFiscal=7846510,AUTO POSTO CIDADE OCIDENTAL LTDA,18571325000190,349.99,0.0,,2097834,0,Fred Linhares
2024,12,COMBUSTÍVEIS E LUBRIFICANTES.,7846482,Nota Fiscal Eletrônica,4,2024-12-14T00:00:00,330148,359.75,http://www.camara.leg.br/cota-parlamentar/nota-fiscal-eletronica?ideDocumentoFiscal=7846482,AUTO POSTO CIDADE OCIDENTAL LTDA,18571325000190,359.75,0.0,,2097834,0,Fred Linhares
2024,12,COMBUSTÍVEIS E LUBRIFICANTES.,7846486,Nota Fiscal Eletrônica,4,2024-12-15T00:00:00,330276,275.05,http://www.camara.leg.br/cota-parlamentar/nota-fiscal-eletronica?ideDocumentoFiscal=7846486,AUTO POSTO CIDADE OCIDENTAL LTDA,18571325000190,275.05,0.0,,2097834,0,Fred Linhares
2024,12,COMBUSTÍVEIS E LUBRIFICANTES.,7846488,Nota Fiscal Eletrônica,4,2024-12-16T00:00:00,330367,335.44,http://www.camara.leg.br/cota-parlamentar/nota-fiscal-eletronica?ideDocumentoFiscal=7846488,AUTO POSTO CIDADE OCIDENTAL LTDA,18571325000190,335.44,0.0,,2097834,0,Fred Linhares
2024,12,COMBUSTÍVEIS E LUBRIFICANTES.,7849757,Nota Fiscal Eletrônica,4,2024-12-17T13:04:19,330490,269.0,http://www.camara.leg.br/cota-parlamentar/nota-fiscal-eletronica?ideDocumentoFiscal=7849757,AUTO POSTO CIDADE OCIDENTAL LTDA,18571325000190,269.0,0.0,,2099560,0,Fred Linhares
2024,12,COMBUSTÍVEIS E LUBRIFICANTES.,7849755,Nota Fiscal Eletrônica,4,2024-12-18T14:03:16,330617,291.2,http://www.camara.leg.br/cota-parlamentar/nota-fiscal-eletronica?ideDocumentoFiscal=7849755,AUTO POSTO CIDADE OCIDENTAL LTDA,18571325000190,291.2,0.0,,2099560,0,Fred Linhares
2024,12,COMBUSTÍVEIS E LUBRIFICANTES.,7849745,Nota Fiscal Eletrônica,4,2024-12-19T14:01:35,330717,341.95,http://www.camara.leg.br/cota-parlamentar/nota-fiscal-eletronica?ideDocumentoFiscal=7849745,AUTO POSTO CIDADE OCIDENTAL LTDA,18571325000190,341.95,0.0,,2099560,0,Fred Linhares
2024,6,COMBUSTÍVEIS E LUBRIFICANTES.,7744862,Nota Fiscal Eletrônica,4,2024-06-01T14:41:30,42196,241.09,http://www.camara.leg.br/cota-parlamentar/nota-fiscal-eletronica?ideDocumentoFiscal=7744862,AUTO POSTO CIDADE OCIDENTAL LTDA,18571325000190,241.09,0.0,,2044269,0,Fred Linhares
2024,6,COMBUSTÍVEIS E LUBRIFICANTES.,7758820,Nota Fiscal Eletrônica,4,2024-06-18T08:04:29,43429,131.22,http://www.camara.leg.br/cota-parlamentar/nota-fiscal-eletronica?ideDocumentoFiscal=7758820,AUTO POSTO CIDADE OCIDENTAL LTDA,18571325000190,131.22,0.0,,2051657,0,Fred Linhares
2024,6,COMBUSTÍVEIS E LUBRIFICANTES.,7749896,Nota Fiscal Eletrônica,4,2024-06-09T09:06:05,45399,273.01,http://www.camara.leg.br/cota-parlamentar/nota-fiscal-eletronica?ideDocumentoFiscal=7749896,AUTO POSTO CIDADE OCIDENTAL LTDA,18571325000190,273.01,0.0,,2047106,0,Fred Linhares
2024,8,COMBUSTÍVEIS E LUBRIFICANTES.,7779703,Nota Fiscal Eletrônica,4,2024-08-04T17:49:06,46001,310.0,http://www.camara.leg.br/cota-parlamentar/nota-fiscal-eletronica?ideDocumentoFiscal=7779703,AUTO POSTO CIDADE OCIDENTAL LTDA,18571325000190,310.0,0.0,,2062265,0,Fred Linhares
2024,7,COMBUSTÍVEIS E LUBRIFICANTES.,7766562,Nota Fiscal Eletrônica,4,2024-07-05T12:56:40,47847,260.13,http://www.camara.leg.br/cota-parlamentar/nota-fiscal-eletronica?ideDocumentoFiscal=7766562,AUTO POSTO CIDADE OCIDENTAL LTDA,18571325000190,260.13,0.0,,2055700,0,Fred Linhares
2024,7,COMBUSTÍVEIS E LUBRIFICANTES.,7770855,Nota Fiscal Eletrônica,4,2024-07-11T06:18:43,48437,268.92,http://www.camara.leg.br/cota-parlamentar/nota-fiscal-eletronica?ideDocumentoFiscal=7770855,AUTO POSTO CIDADE OCIDENTAL LTDA,18571325000190,268.92,0.0,,2057852,0,Fred Linhares
2024,9,COMBUSTÍVEIS E LUBRIFICANTES.,7796877,Nota Fiscal Eletrônica,4,2024-09-01T00:00:00,52493,221.18,http://www.camara.leg.br/cota-parlamentar/nota-fiscal-eletronica?ideDocumentoFiscal=7796877,AUTO POSTO CIDADE OCIDENTAL LTDA,18571325000190,221.18,0.0,,2070779,0,Fred Linhares
2024,11,COMBUSTÍVEIS E LUBRIFICANTES.,7830677,Nota Fiscal Eletrônica,4,2024-11-16T06:21:24,58572,268.56,http://www.camara.leg.br/cota-parlamentar/nota-fiscal-eletronica?ideDocumentoFiscal=7830677,AUTO POSTO CIDADE OCIDENTAL LTDA,18571325000190,268.56,0.0,,2089212,0,Fred Linhares
2024,5,COMBUSTÍVEIS E LUBRIFICANTES.,7738318,Nota Fiscal Eletrônica,4,2024-05-09T00:00:00,442882,169.3,http://www.camara.leg.br/cota-parlamentar/nota-fiscal-eletronica?ideDocumentoFiscal=7738318,AUTO POSTO CINCO ESTRELAS LTDA,00692418000379,169.3,0.0,,2041147,0,Fred Linhares
2024,12,COMBUSTÍVEIS E LUBRIFICANTES.,7846674,Nota Fiscal Eletrônica,4,2024-12-16T00:00:00,883958,110.0,http://www.camara.leg.br/cota-parlamentar/nota-fiscal-eletronica?ideDocumentoFiscal=7846674,AUTO POSTO CINCO ESTRELAS LTDA,00692418000611,110.0,0.0,,2097868,0,Fred Linhares
2024,7,COMBUSTÍVEIS E LUBRIFICANTES.,7769291,Nota Fiscal Eletrônica,4,2024-07-10T13:32:06,274551,239.01,http://www.camara.leg.br/cota-parlamentar/nota-fiscal-eletronica?ideDocumentoFiscal=7769291,AUTO POSTO ESPLANADA LTDA,00365320000145,239.01,0.0,,2057852,0,Fred Linhares
2024,12,COMBUSTÍVEIS E LUBRIFICANTES.,7849760,Nota Fiscal Eletrônica,4,2024-12-17T12:22:58,283449,150.0,http://www.camara.leg.br/cota-parlamentar/nota-fiscal-eletronica?ideDocumentoFiscal=7849760,AUTO POSTO ESPLANADA LTDA,00365320000145,150.0,0.0,,2099560,0,Fred Linhares
2024,10,COMBUSTÍVEIS E LUBRIFICANTES.,7816969,Nota Fiscal Eletrônica,4,2024-10-13T14:35:35,1219312,174.52,http://www.camara.leg.br/cota-parlamentar/nota-fiscal-eletronica?ideDocumentoFiscal=7816969,AUTO POSTO OLIVEIRA LTDA,04753334000197,174.52,0.0,,2081928,0,Fred Linhares
2024,12,COMBUSTÍVEIS E LUBRIFICANTES.,7849712,Nota Fiscal Eletrônica,4,2024-12-18T17:39:56,862,173.93,http://www.camara.leg.br/cota-parlamentar/nota-fiscal-eletronica?ideDocumentoFiscal=7849712,AUTO POSTO OLIVEIRA LTDA,04753334000197,173.93,0.0,,2099560,0,Fred Linhares
2024,2,COMBUSTÍVEIS E LUBRIFICANTES.,7687232,Nota Fiscal Eletrônica,4,2024-02-17T00:00:00,2311241,145.02,http://www.camara.leg.br/cota-parlamentar/nota-fiscal-eletronica?ideDocumentoFiscal=7687232,AUTO SHOPPING DERIVADOS DE PETROLEO LTDA.,37063328001058,145.02,0.0,,2013256,0,Fred Linhares
2024,8,COMBUSTÍVEIS E LUBRIFICANTES.,7790613,Nota Fiscal Eletrônica,4,2024-08-22T00:00:00,16127,197.26,http://www.camara.leg.br/cota-parlamentar/nota-fiscal-eletronica?ideDocumentoFiscal=7790613,BRASAL COMBUSTIVEIS LTDA,00097626000400,197.26,0.0,,2067630,0,Fred Linhares
2024,9,COMBUSTÍVEIS E LUBRIFICANTES.,7807515,Nota Fiscal Eletrônica,4,2024-09-28T07:47:08,294241,142.09,http://www.camara.leg.br/cota-parlamentar/nota-fiscal-eletronica?ideDocumentoFiscal=7807515,NENENS CHOPP POSTO DE COMBUSTIVEIS LTDA,32434124000171,142.09,0.0,,2076365,0,Fred Linhares
2024,11,COMBUSTÍVEIS E LUBRIFICANTES.,7828800,Nota Fiscal Eletrônica,4,2024-11-08T08:26:04,22824,120.0,http://www.camara.leg.br/cota-parlamentar/nota-fiscal-eletronica?ideDocumentoFiscal=7828800,Posto de Combustiveis Garantia Ltda,72578438000243,120.0,0.0,,2088232,0,Fred Linhares
2024,12,COMBUSTÍVEIS E LUBRIFICANTES.,7849660,Nota Fiscal Eletrônica,4,2024-12-19T10:06:58,43984,140.0,http://www.camara.leg.br/cota-parlamentar/nota-fiscal-eletronica?ideDocumentoFiscal=7849660,Posto de Combustiveis Garantia Ltda,72578438000243,140.0,0.0,,2099560,0,Fred Linhares
2024,10,COMBUSTÍVEIS E LUBRIFICANTES.,7819817,Nota Fiscal Eletrônica,4,2024-10-12T08:09:52,482,139.53,http://www.camara.leg.br/cota-parlamentar/nota-fiscal-eletronica?ideDocumentoFiscal=7819817,Posto de Combustiveis Garantia Ltda (AGUAS CLARAS),72578438000405,139.53,0.0,,2083313,0,Fred Linhares
2024,11,COMBUSTÍVEIS E LUBRIFICANTES.,7828803,Nota Fiscal Eletrônica,4,2024-11-12T09:06:18,9108,158.24,http://www.camara.leg.br/cota-parlamentar/nota-fiscal-eletronica?ideDocumentoFiscal=7828803,Posto de Combustiveis Garantia Ltda (AGUAS CLARAS),72578438000405,158.24,0.0,,2088232,0,Fred Linhares
2024,11,COMBUSTÍVEIS E LUBRIFICANTES.,7825297,Nota Fiscal Eletrônica,4,2024-11-03T12:56:58,113511,156.41,http://www.camara.leg.br/cota-parlamentar/nota-fiscal-eletronica?ideDocumentoFiscal=7825297,POSTO DE COMBUSTIVEL RANIA LTDA,21887691000167,156.41,0.0,,2086192,0,Fred Linhares
2024,9,COMBUSTÍVEIS E LUBRIFICANTES.,7805354,Nota Fiscal Eletrônica,4,2024-09-19T19:21:10,1068,164.46,http://www.camara.leg.br/cota-parlamentar/nota-fiscal-eletronica?ideDocumentoFiscal=7805354,POSTO DE COMBUSTIVEL RANIA LTDA,21887691000329,164.46,0.0,,2075155,0,Fred Linhares
2024,9,COMBUSTÍVEIS E LUBRIFICANTES.,7807519,Nota Fiscal Eletrônica,4,2024-09-27T00:00:00,3178,158.98,http://www.camara.leg.br/cota-parlamentar/nota-fiscal-eletronica?ideDocumentoFiscal=7807519,POSTO DE COMBUSTIVEL RANIA LTDA,21887691000329,158.98,0.0,,2076365,0,Fred Linhares
2024,9,COMBUSTÍVEIS E LUBRIFICANTES.,7801966,Nota Fiscal Eletrônica,4,2024-09-10T19:55:22,80,128.05,http://www.camara.leg.br/cota-parlamentar/nota-fiscal-eletronica?ideDocumentoFiscal=7801966,POSTO DE COMBUSTIVEL RANIA LTDA,21887691000329,128.05,0.0,,2073494,0,Fred Linhares
2024,8,COMBUSTÍVEIS E LUBRIFICANTES.,7791336,Nota Fiscal Eletrônica,4,2024-08-24T12:44:47,36918,228.28,http://www.camara.leg.br/cota-parlamentar/nota-fiscal-eletronica?ideDocumentoFiscal=7791336,POSTO DE GASOLINA RANONI LTDA,27137211000127,228.28,0.0,,2068014,0,Fred Linhares
2024,7,COMBUSTÍVEIS E LUBRIFICANTES.,7764257,Nota Fiscal Eletrônica,4,2024-07-01T17:02:01,134545,187.33,http://www.camara.leg.br/cota-parlamentar/nota-fiscal-eletronica?ideDocumentoFiscal=7764257,SANTA FE SERVICOS E PETROLEO LTDA,36754752000195,187.33,0.0,,2054383,0,Fred Linhares
2024,1,COMBUSTÍVEIS E LUBRIFICANTES.,7678519,Nota Fiscal Eletrônica,4,2024-01-30T00:00:00,75457,141.57,http://www.camara.leg.br/cota-parlamentar/nota-fiscal-eletronica?ideDocumentoFiscal=7678519,VALPARAISO REPRESENTACAO COMERCIAL DE COMBUSTIVEIS LTDA,12113200000130,141.57,0.0,,2009692,0,Fred Linhares
2024,1,DIVULGAÇÃO DA ATIVIDADE PARLAMENTAR.,7676735,Nota Fiscal,0,2024-01-14T00:00:00,20,10500.0,https://www.camara.leg.br/cota-parlamentar/documentos/publ/3541/2024/7676735.pdf,AGUAS CLARAS MIDIA COMUNICACAO E EVENTOS LTDA - ME,01555559000140,10500.0,0.0,,2007070,0,Fred Linhares
2024,2,DIVULGAÇÃO DA ATIVIDADE PARLAMENTAR.,7685389,Nota Fiscal,0,2024-02-14T00:00:00,25,10500.0,https://www.camara.leg.br/cota-parlamentar/documentos/publ/3541/2024/7685389.pdf,AGUAS CLARAS MIDIA COMUNICACAO E EVENTOS LTDA - ME,01555559000140,10500.0,0.0,,2012213,0,Fred Linhares
2024,3,DIVULGAÇÃO DA ATIVIDADE PARLAMENTAR.,7703886,Nota Fiscal,0,2024-03-14T00:00:00,27,10500.0,https://www.camara.leg.br/cota-parlamentar/documentos/publ/3541/2024/7703886.pdf,AGUAS CLARAS MIDIA COMUNICACAO E EVENTOS LTDA - ME,01555559000140,10500.0,0.0,,2022247,0,Fred Linhares
2024,4,DIVULGAÇÃO DA ATIVIDADE PARLAMENTAR.,7719057,Nota Fiscal,0,2024-04-15T00:00:00,31,10500.0,https://www.camara.leg.br/cota-parlamentar/documentos/publ/3541/2024/7719057.pdf,AGUAS CLARAS MIDIA COMUNICACAO E EVENTOS LTDA - ME,01555559000140,10500.0,0.0,,2030548,0,Fred Linhares
2024,5,DIVULGAÇÃO DA ATIVIDADE PARLAMENTAR.,7738856,Nota Fiscal,0,2024-05-15T00:00:00,34,10500.0,https://www.camara.leg.br/cota-parlamentar/documentos/publ/3541/2024/7738856.pdf,AGUAS CLARAS MIDIA COMUNICACAO E EVENTOS LTDA - ME,01555559000140,10500.0,0.0,,2041174,0,Fred Linhares
2024,6,DIVULGAÇÃO DA ATIVIDADE PARLAMENTAR.,7758015,Nota Fiscal,0,2024-06-17T00:00:00,37,10500.0,https://www.camara.leg.br/cota-parlamentar/documentos/publ/3541/2024/7758015.pdf,AGUAS CLARAS MIDIA COMUNICACAO E EVENTOS LTDA - ME,01555559000140,10500.0,0.0,,2051240,0,Fred Linhares
2024,7,DIVULGAÇÃO DA ATIVIDADE PARLAMENTAR.,7768814,Nota Fiscal,0,2024-07-10T00:00:00,40,10500.0,https://www.camara.leg.br/cota-parlamentar/documentos/publ/3541/2024/7768814.pdf,AGUAS CLARAS MIDIA COMUNICACAO E EVENTOS LTDA - ME,01555559000140,10500.0,0.0,,2057001,0,Fred Linhares
2024,8,DIVULGAÇÃO DA ATIVIDADE PARLAMENTAR.,7789006,Nota Fiscal,0,2024-08-12T00:00:00,45,10500.0,https://www.camara.leg.br/cota-parlamentar/documentos/publ/3541/2024/7789006.pdf,AGUAS CLARAS MIDIA COMUNICACAO E EVENTOS LTDA - ME,01555559000140,10500.0,0.0,,2066739,0,Fred Linhares
2024,9,DIVULGAÇÃO DA ATIVIDADE PARLAMENTAR.,7804365,Nota Fiscal,0,2024-09-16T00:00:00,49,10500.0,https://www.camara.leg.br/cota-parlamentar/documentos/publ/3541/2024/7804365.pdf,AGUAS CLARAS MIDIA COMUNICACAO E EVENTOS LTDA - ME,01555559000140,10500.0,0.0,,2074653,0,Fred Linhares
2024,10,DIVULGAÇÃO DA ATIVIDADE PARLAMENTAR.,7816807,Nota Fiscal,0,2024-10-15T00:00:00,53,10500.0,https://www.camara.leg.br/cota-parlamentar/documentos/publ/3541/2024/7816807.pdf,AGUAS CLARAS MIDIA COMUNICACAO E EVENTOS LTDA - ME,01555559000140,10500.0,0.0,,2081789,0,Fred Linhares
2024,11,DIVULGAÇÃO DA ATIVIDADE PARLAMENTAR.,7830457,Nota Fiscal,0,2024-11-14T00:00:00,59,27500.0,https://www.camara.leg.br/cota-parlamentar/documentos/publ/3541/2024/7830457.pdf,AGUAS CLARAS MIDIA COMUNICACAO E EVENTOS LTDA - ME,01555559000140,27500.0,0.0,,2089050,0,Fred Linhares
2024,12,DIVULGAÇÃO DA ATIVIDADE PARLAMENTAR.,7846431,Nota Fiscal,0,2024-12-12T00:00:00,62,10500.0,https://www.camara.leg.br/cota-parlamentar/documentos/publ/3541/2024/7846431.pdf,AGUAS CLARAS MIDIA COMUNICACAO E EVENTOS LTDA - ME,01555559000140,5733.41,0.0,,2097741,1,Fred Linhares
2024,4,DIVULGAÇÃO DA ATIVIDADE PARLAMENTAR.,7723626,Nota Fiscal,0,2024-04-23T00:00:00,106,18000.0,https://www.camara.leg.br/cota-parlamentar/documentos/publ/3541/2024/7723626.pdf,CLAUCIO TEIXEIRA BARBOSA 06511048667 GM COMUNICACOES,29944203000118,18000.0,0.0,,2032784,0,Fred Linhares
2024,5,DIVULGAÇÃO DA ATIVIDADE PARLAMENTAR.,7742173,Nota Fiscal,0,2024-05-27T00:00:00,114,16500.0,https://www.camara.leg.br/cota-parlamentar/documentos/publ/3541/2024/7742173.pdf,CLAUCIO TEIXEIRA BARBOSA 06511048667 GM COMUNICACOES,29944203000118,16500.0,0.0,,2042827,0,Fred Linhares
2024,6,DIVULGAÇÃO DA ATIVIDADE PARLAMENTAR.,7758355,Nota Fiscal,0,2024-06-24T00:00:00,118,16000.0,https://www.camara.leg.br/cota-parlamentar/documentos/publ/3541/2024/7758355.pdf,CLAUCIO TEIXEIRA BARBOSA 06511048667 GM COMUNICACOES,29944203000118,16000.0,0.0,,2051386,0,Fred Linhares
2024,7,DIVULGAÇÃO DA ATIVIDADE PARLAMENTAR.,7782262,Nota Fiscal,0,2024-08-07T00:00:00,126,16700.0,https://www.camara.leg.br/cota-parlamentar/documentos/publ/3541/2024/7782262.pdf,CLAUCIO TEIXEIRA BARBOSA 06511048667 GM COMUNICACOES,29944203000118,16700.0,0.0,,2063447,0,Fred Linhares
2024,8,DIVULGAÇÃO DA ATIVIDADE PARLAMENTAR.,7791349,Nota Fiscal,0,2024-08-26T00:00:00,130,17000.0,https://www.camara.leg.br/cota-parlamentar/documentos/publ/3541/2024/7791349.pdf,CLAUCIO TEIXEIRA BARBOSA 06511048667 GM COMUNICACOES,29944203000118,17000.0,0.0,,2068013,0,Fred Linhares
2024,9,DIVULGAÇÃO DA ATIVIDADE PARLAMENTAR.,7806519,Nota Fiscal,0,2024-09-25T00:00:00,135,17500.0,https://www.camara.leg.br/cota-parlamentar/documentos/publ/3541/2024/7806519.pdf,CLAUCIO TEIXEIRA BARBOSA 06511048667 GM COMUNICACOES,29944203000118,17500.0,0.0,,2075855,0,Fred Linhares
2024,10,DIVULGAÇÃO DA ATIVIDADE PARLAMENTAR.,7820457,Nota Fiscal,0,2024-10-23T00:00:00,141,15500.0,https://www.camara.leg.br/cota-parlamentar/documentos/publ/3541/2024/7820457.pdf,CLAUCIO TEIXEIRA BARBOSA 06511048667 GM COMUNICACOES,29944203000118,15500.0,0.0,,2083661,0,Fred Linhares
2024,11,DIVULGAÇÃO DA ATIVIDADE PARLAMENTAR.,7837059,Nota Fiscal,0,2024-11-29T00:00:00,149,10500.0,https://www.camara.leg.br/cota-parlamentar/documentos/publ/3541/2024/7837059.pdf,CLAUCIO TEIXEIRA BARBOSA 06511048667 GM COMUNICACOES,29944203000118,10500.0,0.0,,2092533,0,Fred Linhares
2024,12,DIVULGAÇÃO DA ATIVIDADE PARLAMENTAR.,7846477,Nota Fiscal,0,2024-12-16T00:00:00,155,18000.0,https://www.camara.leg.br/cota-parlamentar/documentos/publ/3541/2024/7846477.pdf,CLAUCIO TEIXEIRA BARBOSA 06511048667 GM COMUNICACOES,29944203000118,18000.0,0.0,,2097767,0,Fred Linhares
2024,1,DIVULGAÇÃO DA ATIVIDADE PARLAMENTAR.,7678263,Nota Fiscal,0,2024-01-30T00:00:00,80,15500.0,https://www.camara.leg.br/cota-parlamentar/documentos/publ/3541/2024/7678263.pdf,CLAUCIO TEIXEIRA BARBOSA 06511048667 GM COMUNICACOES,29944203000118,15500.0,0.0,,2007713,0,Fred Linhares
2024,2,DIVULGAÇÃO DA ATIVIDADE PARLAMENTAR.,7685312,Nota Fiscal,0,2024-02-14T00:00:00,87,15500.0,https://www.camara.leg.br/cota-parlamentar/documentos/publ/3541/2024/7685312.pdf,CLAUCIO TEIXEIRA BARBOSA 06511048667 GM COMUNICACOES,29944203000118,15500.0,0.0,,2012179,0,Fred Linhares
2024,2,DIVULGAÇÃO DA ATIVIDADE PARLAMENTAR.,7697201,Nota Fiscal,0,2024-03-05T00:00:00,94,6200.0,https://www.camara.leg.br/cota-parlamentar/documentos/publ/3541/2024/7697201.pdf,CLAUCIO TEIXEIRA BARBOSA 06511048667 GM COMUNICACOES,29944203000118,6200.0,0.0,,2018639,0,Fred Linhares
2024,3,DIVULGAÇÃO DA ATIVIDADE PARLAMENTAR.,7710802,Nota Fiscal,0,2024-04-01T00:00:00,96,18000.0,https://www.camara.leg.br/cota-parlamentar/documentos/publ/3541/2024/7710802.pdf,CLAUCIO TEIXEIRA BARBOSA 06511048667 GM COMUNICACOES,29944203000118,18000.0,0.0,,2025957,0,Fred Linhares
2024,1,LOCAÇÃO OU FRETAMENTO DE VEÍCULOS AUTOMOTORES,7677559,Nota Fiscal,0,2024-01-17T00:00:00,40,6800.0,https://www.camara.leg.br/cota-parlamentar/documentos/publ/3541/2024/7677559.pdf,ELDOURADO FROTAS LTDA,41685059000148,6800.0,0.0,,2007346,0,Fred Linhares
2024,11,LOCAÇÃO OU FRETAMENTO DE VEÍCULOS AUTOMOTORES,7825381,Nota Fiscal,0,2024-10-30T00:00:00,80,3200.0,https://www.camara.leg.br/cota-parlamentar/documentos/publ/3541/2024/7825381.pdf,ELDOURADO FROTAS LTDA,41685059000148,3200.0,0.0,,2086246,0,Fred Linhares
2024,3,MANUTENÇÃO DE ESCRITÓRIO DE APOIO À ATIVIDADE PARLAMENTAR,7702116,Nota Fiscal,0,2024-03-07T00:00:00,1060,662.0,https://www.camara.leg.br/cota-parlamentar/documentos/publ/3236/2024/7702116.pdf,AMORETTO CAFES EXPRESSO LTDA,08532429000131,662.0,0.0,,2021340,0,Julio Cesar Ribeiro
2024,4,MANUTENÇÃO DE ESCRITÓRIO DE APOIO À ATIVIDADE PARLAMENTAR,7714691,Nota Fiscal,0,2024-04-03T00:00:00,1146,662.0,https://www.camara.leg.br/cota-parlamentar/documentos/publ/3236/2024/7714691.pdf,AMORETTO CAFES EXPRESSO LTDA,08532429000131,662.0,0.0,,2028078,0,Julio Cesar Ribeiro
2024,6,MANUTENÇÃO DE ESCRITÓRIO DE APOIO À ATIVIDADE PARLAMENTAR,7759229,Nota Fiscal,0,2024-06-06T00:00:00,1323,662.0,https://www.camara.leg.br/cota-parlamentar/documentos/publ/3236/2024/7759229.pdf,AMORETTO CAFES EXPRESSO LTDA,08532429000131,662.0,0.0,,2051870,0,Julio Cesar Ribeiro
2024,7,MANUTENÇÃO DE ESCRITÓRIO DE APOIO À ATIVIDADE PARLAMENTAR,7784106,Nota Fiscal,0,2024-07-03T00:00:00,1400,662.0,,AMORETTO CAFES EXPRESSO LTDA,08532429000131,662.0,0.0,,2064469,0,Julio Cesar Ribeiro
2024,8,MANUTENÇÃO DE ESCRITÓRIO DE APOIO À ATIVIDADE PARLAMENTAR,7784312,Nota Fiscal,0,2024-08-05T00:00:00,1491,662.0,,AMORETTO CAFES EXPRESSO LTDA,08532429000131,662.0,0.0,,2064485,0,Julio Cesar Ribeiro
2024,9,MANUTENÇÃO DE ESCRITÓRIO DE APOIO À ATIVIDADE PARLAMENTAR,7796892,Nota Fiscal,0,2024-09-03T00:00:00,1567,662.0,https://www.camara.leg.br/cota-parlamentar/documentos/publ/3236/2024/7796892.pdf,AMORETTO CAFES EXPRESSO LTDA,08532429000131,662.0,0.0,,2070789,0,Julio Cesar Ribeiro
2024,10,MANUTENÇÃO DE ESCRITÓRIO DE APOIO À ATIVIDADE PARLAMENTAR,7810420,Nota Fiscal,0,2024-10-02T00:00:00,1637,662.0,https://www.camara.leg.br/cota-parlamentar/documentos/publ/3236/2024/7810420.pdf,AMORETTO CAFES EXPRESSO LTDA,08532429000131,662.0,0.0,,2077935,0,Julio Cesar Ribeiro
2024,11,MANUTENÇÃO DE ESCRITÓRIO DE APOIO À ATIVIDADE PARLAMENTAR,7828364,Nota Fiscal,0,2024-11-06T00:00:00,1728,700.0,https://www.camara.leg.br/cota-parlamentar/documentos/publ/3236/2024/7828364.pdf,AMORETTO CAFES EXPRESSO LTDA,08532429000131,700.0,0.0,,2087974,0,Julio Cesar Ribeiro
2024,12,MANUTENÇÃO DE ESCRITÓRIO DE APOIO À ATIVIDADE PARLAMENTAR,7838850,Nota Fiscal,0,2024-12-03T00:00:00,1799,700.0,https://www.camara.leg.br/cota-parlamentar/documentos/publ/3236/2024/7838850.pdf,AMORETTO CAFES EXPRESSO LTDA,08532429000131,700.0,0.0,,2093554,0,Julio Cesar Ribeiro
2024,1,MANUTENÇÃO DE ESCRITÓRIO DE APOIO À ATIVIDADE PARLAMENTAR,7693466,Nota Fiscal,0,2024-01-15T00:00:00,952,662.0,https://www.camara.leg.br/cota-parlamentar/documentos/publ/3236/2024/7693466.pdf,AMORETTO CAFES EXPRESSO LTDA,08532429000131,600.43,61.57,,2016529,0,Julio Cesar Ribeiro
2024,10,MANUTENÇÃO DE ESCRITÓRIO DE APOIO À ATIVIDADE PARLAMENTAR,7828211,Nota Fiscal Eletrônica,4,2024-10-29T00:00:00,7687,414.29,http://www.camara.leg.br/cota-parlamentar/nota-fiscal-eletronica?ideDocumentoFiscal=7828211,LIVRARIA DO PROFESSOR COMERCIO DE ARTIGOS LTDA,29682106000102,414.29,0.0,,2087875,0,Julio Cesar Ribeiro
2024,2,MANUTENÇÃO DE ESCRITÓRIO DE APOIO À ATIVIDADE PARLAMENTAR,7686472,Nota Fiscal Eletrônica,4,2024-02-06T00:00:00,5390,1236.3,http://www.camara.leg.br/cota-parlamentar/nota-fiscal-eletronica?ideDocumentoFiscal=7686472,WMS COMERCIO DE ARTIGOS DE PAPELARIA LTDA-ME,12132854000100,1236.3,0.0,,2012825,0,Julio Cesar Ribeiro
2024,2,COMBUSTÍVEIS E LUBRIFICANTES.,7681498,Nota Fiscal Eletrônica,4,2024-02-02T00:00:00,1035051,150.0,http://www.camara.leg.br/cota-parlamentar/nota-fiscal-eletronica?ideDocumentoFiscal=7681498,026 - P WAY - CASCOL COMBUSTIVEIS PARA VEICULOS LTDA,00306597002655,150.0,0.0,,2010188,0,Julio Cesar Ribeiro
2024,2,COMBUSTÍVEIS E LUBRIFICANTES.,7688763,Nota Fiscal Eletrônica,4,2024-02-15T00:00:00,375836,40.0,http://www.camara.leg.br/cota-parlamentar/nota-fiscal-eletronica?ideDocumentoFiscal=7688763,031 - 302 NORTE - CASCOL COMBUSTIVEIS PARA VEICULOS LTDA,00306597003112,40.0,0.0,,2014010,0,Julio Cesar Ribeiro
2024,1,COMBUSTÍVEIS E LUBRIFICANTES.,7681517,Nota Fiscal Eletrônica,4,2024-01-11T00:00:00,2537751,20.0,http://www.camara.leg.br/cota-parlamentar/nota-fiscal-eletronica?ideDocumentoFiscal=7681517,048 - REC 1 - CASCOL COMBUSTIVEIS PARA VEICULOS LTDA,00306597004860,20.0,0.0,,2010189,0,Julio Cesar Ribeiro
2024,5,COMBUSTÍVEIS E LUBRIFICANTES.,7737796,Nota Fiscal Eletrônica,4,2024-05-17T19:12:10,2768413,100.0,http://www.camara.leg.br/cota-parlamentar/nota-fiscal-eletronica?ideDocumentoFiscal=7737796,048 - REC 1 - CASCOL COMBUSTIVEIS PARA VEICULOS LTDA,00306597004860,100.0,0.0,,2040662,0,Julio Cesar Ribeiro
2024,1,COMBUSTÍVEIS E LUBRIFICANTES.,7681530,Nota Fiscal Eletrônica,4,2024-01-08T00:00:00,475035,216.0,http://www.camara.leg.br/cota-parlamentar/nota-fiscal-eletronica?ideDocumentoFiscal=7681530,063 - 311 SUL - CASCOL COMBUSTIVEIS PARA VEICULOS LTDA,00306597006308,216.0,0.0,,2010189,0,Julio Cesar Ribeiro
2024,1,COMBUSTÍVEIS E LUBRIFICANTES.,7681569,Nota Fiscal Eletrônica,4,2024-01-20T00:00:00,477769,200.0,http://www.camara.leg.br/cota-parlamentar/nota-fiscal-eletronica?ideDocumentoFiscal=7681569,063 - 311 SUL - CASCOL COMBUSTIVEIS PARA VEICULOS LTDA,00306597006308,200.0,0.0,,2010189,0,Julio Cesar Ribeiro
2024,2,COMBUSTÍVEIS E LUBRIFICANTES.,7688688,Nota Fiscal Eletrônica,4,2024-02-14T00:00:00,483793,150.0,http://www.camara.leg.br/cota-parlamentar/nota-fiscal-eletronica?ideDocumentoFiscal=7688688,063 - 311 SUL - CASCOL COMBUSTIVEIS PARA VEICULOS LTDA,00306597006308,150.0,0.0,,2014010,0,Julio Cesar Ribeiro
2024,4,COMBUSTÍVEIS E LUBRIFICANTES.,7713922,Nota Fiscal Eletrônica,4,2024-04-04T11:31:25,496400,163.92,http://www.camara.leg.br/cota-parlamentar/nota-fiscal-eletronica?ideDocumentoFiscal=7713922,063 - 311 SUL - CASCOL COMBUSTIVEIS PARA VEICULOS LTDA,00306597006308,163.92,0.0,,2027632,0,Julio Cesar Ribeiro
2024,4,COMBUSTÍVEIS E LUBRIFICANTES.,7724689,Nota Fiscal Eletrônica,4,2024-04-12T00:00:00,499015,183.44,http://www.camara.leg.br/cota-parlamentar/nota-fiscal-eletronica?ideDocumentoFiscal=7724689,063 - 311 SUL - CASCOL COMBUSTIVEIS PARA VEICULOS LTDA,00306597006308,183.44,0.0,,2033320,0,Julio Cesar Ribeiro
2024,4,COMBUSTÍVEIS E LUBRIFICANTES.,7724682,Nota Fiscal Eletrônica,4,2024-04-24T00:00:00,501889,206.04,http://www.camara.leg.br/cota-parlamentar/nota-fiscal-eletronica?ideDocumentoFiscal=7724682,063 - 311 SUL - CASCOL COMBUSTIVEIS PARA VEICULOS LTDA,00306597006308,206.04,0.0,,2033320,0,Julio Cesar Ribeiro
2024,5,COMBUSTÍVEIS E LUBRIFICANTES.,7737831,Nota Fiscal Eletrônica,4,2024-05-11T13:52:37,505731,174.81,http://www.camara.leg.br/cota-parlamentar/nota-fiscal-eletronica?ideDocumentoFiscal=7737831,063 - 311 SUL - CASCOL COMBUSTIVEIS PARA VEICULOS LTDA,00306597006308,174.81,0.0,,2040662,0,Julio Cesar Ribeiro
2024,5,COMBUSTÍVEIS E LUBRIFICANTES.,7737824,Nota Fiscal Eletrônica,4,2024-05-15T06:35:08,506423,180.0,http://www.camara.leg.br/cota-parlamentar/nota-fiscal-eletronica?ideDocumentoFiscal=7737824,063 - 311 SUL - CASCOL COMBUSTIVEIS PARA VEICULOS LTDA,00306597006308,180.0,0.0,,2040662,0,Julio Cesar Ribeiro
2024,6,COMBUSTÍVEIS E LUBRIFICANTES.,7758448,Nota Fiscal Eletrônica,4,2024-06-11T09:08:57,513407,150.0,http://www.camara.leg.br/cota-parlamentar/nota-fiscal-eletronica?ideDocumentoFiscal=7758448,063 - 311 SUL - CASCOL COMBUSTIVEIS PARA VEICULOS LTDA,00306597006308,150.0,0.0,,2051462,0,Julio Cesar Ribeiro
2024,9,COMBUSTÍVEIS E LUBRIFICANTES.,7810451,Nota Fiscal Eletrônica,4,2024-09-02T14:33:26,534659,226.69,http://www.camara.leg.br/cota-parlamentar/nota-fiscal-eletronica?ideDocumentoFiscal=7810451,063 - 311 SUL - CASCOL COMBUSTIVEIS PARA VEICULOS LTDA,00306597006308,226.69,0.0,,2077962,0,Julio Cesar Ribeiro
2024,9,COMBUSTÍVEIS E LUBRIFICANTES.,7810448,Nota Fiscal Eletrônica,4,2024-09-22T06:53:09,540780,200.0,http://www.camara.leg.br/cota-parlamentar/nota-fiscal-eletronica?ideDocumentoFiscal=7810448,063 - 311 SUL - CASCOL COMBUSTIVEIS PARA VEICULOS LTDA,00306597006308,200.0,0.0,,2077962,0,Julio Cesar Ribeiro
2024,9,COMBUSTÍVEIS E LUBRIFICANTES.,7810439,Nota Fiscal Eletrônica,4,2024-09-26T18:34:31,542232,200.0,http://www.camara.leg.br/cota-parlamentar/nota-fiscal-eletronica?ideDocumentoFiscal=7810439,063 - 311 SUL - CASCOL COMBUSTIVEIS PARA VEICULOS LTDA,00306597006308,200.0,0.0,,2077962,0,Julio Cesar Ribeiro
2024,10,COMBUSTÍVEIS E LUBRIFICANTES.,7838064,Nota Fiscal Eletrônica,4,2024-10-29T09:53:57,553000,200.0,http://www.camara.leg.br/cota-parlamentar/nota-fiscal-eletronica?ideDocumentoFiscal=7838064,063 - 311 SUL - CASCOL COMBUSTIVEIS PARA VEICULOS LTDA,00306597006308,200.0,0.0,,2093094,0,Julio Cesar Ribeiro
2024,11,COMBUSTÍVEIS E LUBRIFICANTES.,7838028,Nota Fiscal Eletrônica,4,2024-11-17T12:06:23,559121,226.33,http://www.camara.leg.br/cota-parlamentar/nota-fiscal-eletronica?ideDocumentoFiscal=7838028,063 - 311 SUL - CASCOL COMBUSTIVEIS PARA VEICULOS LTDA,00306597006308,226.33,0.0,,2093095,0,Julio Cesar Ribeiro
2024,11,COMBUSTÍVEIS E LUBRIFICANTES.,7837947,Nota Fiscal Eletrônica,4,2024-11-22T09:59:52,560714,242.19,http://www.camara.leg.br/cota-parlamentar/nota-fiscal-eletronica?ideDocumentoFiscal=7837947,063 - 311 SUL - CASCOL COMBUSTIVEIS PARA VEICULOS LTDA,00306597006308,242.19,0.0,,2093095,0,Julio Cesar Ribeiro
2024,11,COMBUSTÍVEIS E LUBRIFICANTES.,7837941,Nota Fiscal Eletrônica,4,2024-11-28T09:11:17,562734,197.25,http://www.camara.leg.br/cota-parlamentar/nota-fiscal-eletronica?ideDocumentoFiscal=7837941,063 - 311 SUL - CASCOL COMBUSTIVEIS PARA VEICULOS LTDA,00306597006308,197.25,0.0,,2093095,0,Julio Cesar Ribeiro
2024,12,COMBUSTÍVEIS E LUBRIFICANTES.,7847857,Nota Fiscal Eletrônica,4,2024-12-04T21:12:12,564926,226.17,http://www.camara.leg.br/cota-parlamentar/nota-fiscal-eletronica?ideDocumentoFiscal=7847857,063 - 311 SUL - CASCOL COMBUSTIVEIS PARA VEICULOS LTDA,00306597006308,226.17,0.0,,2098524,0,Julio Cesar Ribeiro
2024,12,COMBUSTÍVEIS E LUBRIFICANTES.,7847862,Nota Fiscal Eletrônica,4,2024-12-07T11:20:09,565455,237.09,http://www.camara.leg.br/cota-parlamentar/nota-fiscal-eletronica?ideDocumentoFiscal=7847862,063 - 311 SUL - CASCOL COMBUSTIVEIS PARA VEICULOS LTDA,00306597006308,237.09,0.0,,2098524,0,Julio Cesar Ribeiro
2024,12,COMBUSTÍVEIS E LUBRIFICANTES.,7857376,Nota Fiscal Eletrônica,4,2024-12-20T18:24:34,569394,236.87,http://www.camara.leg.br/cota-parlamentar/nota-fiscal-eletronica?ideDocumentoFiscal=7857376,063 - 311 SUL - CASCOL COMBUSTIVEIS PARA VEICULOS LTDA,00306597006308,236.87,0.0,,2103929,0,Julio Cesar Ribeiro
2024,6,COMBUSTÍVEIS E LUBRIFICANTES.,7758492,Nota Fiscal Eletrônica,4,2024-06-13T16:58:33,418469,190.0,http://www.camara.leg.br/cota-parlamentar/nota-fiscal-eletronica?ideDocumentoFiscal=7758492,072 - 403 SUL - CASCOL COMBUSTIVEIS PARA VEICULOS LTDA,00306597007290,190.0,0.0,,2051462,0,Julio Cesar Ribeiro
2024,11,COMBUSTÍVEIS E LUBRIFICANTES.,7829476,Nota Fiscal Eletrônica,4,2024-11-05T16:23:58,474567,263.6,http://www.camara.leg.br/cota-parlamentar/nota-fiscal-eletronica?ideDocumentoFiscal=7829476,072 - 403 SUL - CASCOL COMBUSTIVEIS PARA VEICULOS LTDA,00306597007290,263.6,0.0,,2088554,0,Julio Cesar Ribeiro
2024,12,COMBUSTÍVEIS E LUBRIFICANTES.,7847873,Nota Fiscal Eletrônica,4,2024-12-11T10:23:49,489556,200.0,http://www.camara.leg.br/cota-parlamentar/nota-fiscal-eletronica?ideDocumentoFiscal=7847873,072 - 403 SUL - CASCOL COMBUSTIVEIS PARA VEICULOS LTDA,00306597007290,200.0,0.0,,2098524,0,Julio Cesar Ribeiro
2024,3,COMBUSTÍVEIS E LUBRIFICANTES.,7705283,Nota Fiscal Eletrônica,4,2024-03-08T22:51:15,685256,202.12,http://www.camara.leg.br/cota-parlamentar/nota-fiscal-eletronica?ideDocumentoFiscal=7705283,093 - PISTAO SUL - CASCOL COMBUSTIVEIS PARA VEICULOS LTDA,00306597009315,202.12,0.0,,2023435,0,Julio Cesar Ribeiro
2024,2,COMBUSTÍVEIS E LUBRIFICANTES.,7689626,Nota Fiscal Eletrônica,4,2024-02-05T00:00:00,319249,240.0,http://www.camara.leg.br/cota-parlamentar/nota-fiscal-eletronica?ideDocumentoFiscal=7689626,13 - TRIANGULO - CASCOL COMBUSTIVEIS PARA VEICULOS LTDA,00306597001330,240.0,0.0,,2014491,0,Julio Cesar Ribeiro
2024,7,COMBUSTÍVEIS E LUBRIFICANTES.,7789324,Nota Fiscal Eletrônica,4,2024-07-31T11:50:07,333650,200.0,http://www.camara.leg.br/cota-parlamentar/nota-fiscal-eletronica?ideDocumentoFiscal=7789324,19 - 303 SUL - CASCOL COMBUSTIVEIS PARA VEICULOS LTDA,00306597001926,200.0,0.0,,2066912,0,Julio Cesar Ribeiro
2024,7,COMBUSTÍVEIS E LUBRIFICANTES.,7789328,Nota Fiscal Eletrônica,4,2024-08-09T09:46:17,335434,249.14,http://www.camara.leg.br/cota-parlamentar/nota-fiscal-eletronica?ideDocumentoFiscal=7789328,19 - 303 SUL - CASCOL COMBUSTIVEIS PARA VEICULOS LTDA,00306597001926,249.14,0.0,,2066912,0,Julio Cesar Ribeiro
2024,3,COMBUSTÍVEIS E LUBRIFICANTES.,7705290,Nota Fiscal Eletrônica,4,2024-03-07T10:44:09,490937,160.0,http://www.camara.leg.br/cota-parlamentar/nota-fiscal-eletronica?ideDocumentoFiscal=7705290,AUTO POSTO 5 ESTRELAS LTDA,00692418000107,160.0,0.0,,2023435,0,Julio Cesar Ribeiro
2024,6,COMBUSTÍVEIS E LUBRIFICANTES.,7758424,Nota Fiscal Eletrônica,4,2024-06-07T22:25:08,607427,40.0,http://www.camara.leg.br/cota-parlamentar/nota-fiscal-eletronica?ideDocumentoFiscal=7758424,AUTO POSTO AEROPORTO LTDA,08202116000115,40.0,0.0,,2051462,0,Julio Cesar Ribeiro
2024,6,COMBUSTÍVEIS E LUBRIFICANTES.,7758465,Nota Fiscal Eletrônica,4,2024-06-08T11:10:58,87195,181.21,http://www.camara.leg.br/cota-parlamentar/nota-fiscal-eletronica?ideDocumentoFiscal=7758465,AUTO POSTO AGUAS CLARAS LTDA - ADE 600,38076089000223,181.21,0.0,,2051462,0,Julio Cesar Ribeiro
2024,2,COMBUSTÍVEIS E LUBRIFICANTES.,7688773,Nota Fiscal Eletrônica,4,2024-02-17T00:00:00,447268,164.07,http://www.camara.leg.br/cota-parlamentar/nota-fiscal-eletronica?ideDocumentoFiscal=7688773,AUTO POSTO AVENIDA LTDA,03425227000177,164.07,0.0,,2014010,0,Julio Cesar Ribeiro
2024,9,COMBUSTÍVEIS E LUBRIFICANTES.,7810436,Nota Fiscal Eletrônica,4,2024-09-28T11:46:51,512193,270.58,http://www.camara.leg.br/cota-parlamentar/nota-fiscal-eletronica?ideDocumentoFiscal=7810436,AUTO POSTO AVENIDA LTDA,03425227000177,270.58,0.0,,2077962,0,Julio Cesar Ribeiro
2024,8,COMBUSTÍVEIS E LUBRIFICANTES.,7789331,Nota Fiscal Eletrônica,4,2024-08-14T06:56:36,855332,205.0,http://www.camara.leg.br/cota-parlamentar/nota-fiscal-eletronica?ideDocumentoFiscal=7789331,AUTO POSTO CINCO ESTRELAS LTDA,00692418001260,205.0,0.0,,2066911,0,Julio Cesar Ribeiro
2024,1,COMBUSTÍVEIS E LUBRIFICANTES.,7681483,Nota Fiscal Eletrônica,4,2024-01-05T00:00:00,190741,200.0,http://www.camara.leg.br/cota-parlamentar/nota-fiscal-eletronica?ideDocumentoFiscal=7681483,AUTO POSTO EPTG LTDA,34051439000165,200.0,0.0,,2010189,0,Julio Cesar Ribeiro
2024,12,COMBUSTÍVEIS E LUBRIFICANTES.,7857379,Nota Fiscal Eletrônica,4,2024-12-19T08:31:04,3187,200.0,http://www.camara.leg.br/cota-parlamentar/nota-fiscal-eletronica?ideDocumentoFiscal=7857379,AUTO POSTO EPTG LTDA,34051439000165,200.0,0.0,,2103929,0,Julio Cesar Ribeiro
2024,8,COMBUSTÍVEIS E LUBRIFICANTES.,7810449,Nota Fiscal Eletrônica,4,2024-08-27T00:00:00,2374,231.95,http://www.camara.leg.br/cota-parlamentar/nota-fiscal-eletronica?ideDocumentoFiscal=7810449,AUTO POSTO GOLDEN GAS LAGO LTDA,30879261000194,231.95,0.0,,2077960,0,Julio Cesar Ribeiro
2024,8,COMBUSTÍVEIS E LUBRIFICANTES.,7789335,Nota Fiscal Eletrônica,4,2024-08-17T12:23:50,626539,261.02,http://www.camara.leg.br/cota-parlamentar/nota-fiscal-eletronica?ideDocumentoFiscal=7789335,AUTO POSTO JK LTDA,03482208000182,261.02,0.0,,2066911,0,Julio Cesar Ribeiro
2024,11,COMBUSTÍVEIS E LUBRIFICANTES.,7829488,Nota Fiscal Eletrônica,4,2024-11-12T14:50:33,705749,200.0,http://www.camara.leg.br/cota-parlamentar/nota-fiscal-eletronica?ideDocumentoFiscal=7829488,AUTO SHOPPING DERIVADOS DE PETROLEO LTDA,37063328003000,200.0,0.0,,2088554,0,Julio Cesar Ribeiro
2024,3,COMBUSTÍVEIS E LUBRIFICANTES.,7705280,Nota Fiscal Eletrônica,4,2024-03-14T11:27:01,268470,170.0,http://www.camara.leg.br/cota-parlamentar/nota-fiscal-eletronica?ideDocumentoFiscal=7705280,BELIZE COMPANY AUTO POSTO LTDA,29032820000147,170.0,0.0,,2023435,0,Julio Cesar Ribeiro
2024,1,COMBUSTÍVEIS E LUBRIFICANTES.,7681553,Nota Fiscal Eletrônica,4,2024-01-18T00:00:00,765660,250.0,http://www.camara.leg.br/cota-parlamentar/nota-fiscal-eletronica?ideDocumentoFiscal=7681553,BRASAL COMBUSTIVEIS LTDA,00097626000400,250.0,0.0,,2010189,0,Julio Cesar Ribeiro
2024,4,COMBUSTÍVEIS E LUBRIFICANTES.,7717456,Nota Fiscal Eletrônica,4,2024-04-08T15:24:46,778647,236.7,http://www.camara.leg.br/cota-parlamentar/nota-fiscal-eletronica?ideDocumentoFiscal=7717456,BRASAL COMBUSTIVEIS LTDA,00097626000400,236.7,0.0,,2029615,0,Julio Cesar Ribeiro
2024,11,COMBUSTÍVEIS E LUBRIFICANTES.,7838040,Nota Fiscal Eletrônica,4,2024-11-14T12:51:44,835778,253.97,http://www.camara.leg.br/cota-parlamentar/nota-fiscal-eletronica?ideDocumentoFiscal=7838040,BRASAL COMBUSTIVEIS LTDA,00097626000400,253.97,0.0,,2093095,0,Julio Cesar Ribeiro
2024,12,COMBUSTÍVEIS E LUBRIFICANTES.,7847922,Nota Fiscal Eletrônica,4,2024-12-14T15:06:10,34260,197.98,http://www.camara.leg.br/cota-parlamentar/nota-fiscal-eletronica?ideDocumentoFiscal=7847922,DRIVE CAR TRANSPORTES E COMBUSTIVEIS LTDA,00012211000306,197.98,0.0,,2098524,0,Julio Cesar Ribeiro
2024,6,COMBUSTÍVEIS E LUBRIFICANTES.,7758458,Nota Fiscal Eletrônica,4,2024-06-04T21:31:26,336043,100.0,http://www.camara.leg.br/cota-parlamentar/nota-fiscal-eletronica?ideDocumentoFiscal=7758458,"GOES COMBUSTIVEIS, LUBRIFICANTES E GLP LTDA",05454390000193,100.0,0.0,,2051462,0,Julio Cesar Ribeiro
2024,3,COMBUSTÍVEIS E LUBRIFICANTES.,7706160,Nota Fiscal Eletrônica,4,2024-03-20T16:52:56,25269,165.0,http://www.camara.leg.br/cota-parlamentar/nota-fiscal-eletronica?ideDocumentoFiscal=7706160,JT COMERCIO DE DERIVADOS DE PETROLEO LTDA,37128477000329,165.0,0.0,,2023435,0,Julio Cesar Ribeiro
2024,5,COMBUSTÍVEIS E LUBRIFICANTES.,7737836,Nota Fiscal Eletrônica,4,2024-05-07T00:00:00,8271,150.0,http://www.camara.leg.br/cota-parlamentar/nota-fiscal-eletronica?ideDocumentoFiscal=7737836,PETRONORTE COMBUSTIVEIS LTDA,06071706000554,150.0,0.0,,2040662,0,Julio Cesar Ribeiro
2024,2,COMBUSTÍVEIS E LUBRIFICANTES.,7689649,Nota Fiscal Eletrônica,4,2024-02-07T00:00:00,4415,112.71,http://www.camara.leg.br/cota-parlamentar/nota-fiscal-eletronica?ideDocumentoFiscal=7689649,POSTO 313 SUL COMERCIO VAREJISTA DE COMBUSTIVEIS LTDA,32078595000194,112.71,0.0,,2014491,0,Julio Cesar Ribeiro
2024,7,COMBUSTÍVEIS E LUBRIFICANTES.,7789320,Nota Fiscal Eletrônica,4,2024-07-20T11:00:02,603991,255.57,http://www.camara.leg.br/cota-parlamentar/nota-fiscal-eletronica?ideDocumentoFiscal=7789320,POSTO DAS AGUAS LTDA,05351082000132,255.57,0.0,,2066912,0,Julio Cesar Ribeiro
2024,3,COMBUSTÍVEIS E LUBRIFICANTES.,7717453,Nota Fiscal Eletrônica,4,2024-03-24T13:05:49,82117,152.26,http://www.camara.leg.br/cota-parlamentar/nota-fiscal-eletronica?ideDocumentoFiscal=7717453,POSTO DE COMBUSTIVEIS ABASTECE RIACHO FUNDO II LTDA,08884038000186,152.26,0.0,,2029613,0,Julio Cesar Ribeiro
2024,8,COMBUSTÍVEIS E LUBRIFICANTES.,7810454,Nota Fiscal Eletrônica,4,2024-08-30T00:00:00,14888,217.21,http://www.camara.leg.br/cota-parlamentar/nota-fiscal-eletronica?ideDocumentoFiscal=7810454,POSTO DE COMBUSTIVEIS CONNECTA CEILANDIA SUL LTDA,12123780000146,217.21,0.0,,2077960,0,Julio Cesar Ribeiro
2024,1,COMBUSTÍVEIS E LUBRIFICANTES.,7681543,Nota Fiscal Eletrônica,4,2024-01-22T00:00:00,3315,200.0,http://www.camara.leg.br/cota-parlamentar/nota-fiscal-eletronica?ideDocumentoFiscal=7681543,Posto de Combustiveis Garantia Ltda (AGUAS CLARAS),72578438000405,200.0,0.0,,2010189,0,Julio Cesar Ribeiro
2024,8,COMBUSTÍVEIS E LUBRIFICANTES.,7789346,Nota Fiscal Eletrônica,4,2024-07-24T16:15:31,168107,200.0,http://www.camara.leg.br/cota-parlamentar/nota-fiscal-eletronica?ideDocumentoFiscal=7789346,POSTO DE COMBUSTIVEIS SAO RAFAEL LTDA,53600984000108,200.0,0.0,,2066911,0,Julio Cesar Ribeiro
2024,9,COMBUSTÍVEIS E LUBRIFICANTES.,7810442,Nota Fiscal Eletrônica,4,2024-09-24T11:41:37,275834,251.05,http://www.camara.leg.br/cota-parlamentar/nota-fiscal-eletronica?ideDocumentoFiscal=7810442,POSTO DE COMBUSTIVEIS SAO RAFAEL LTDA,53600984000108,251.05,0.0,,2077962,0,Julio Cesar Ribeiro
2024,3,COMBUSTÍVEIS E LUBRIFICANTES.,7717450,Nota Fiscal Eletrônica,4,2024-03-28T10:20:54,190656,160.01,http://www.camara.leg.br/cota-parlamentar/nota-fiscal-eletronica?ideDocumentoFiscal=7717450,POSTO DE GASOLINA DOS ANOES LTDA,00360990000179,160.01,0.0,,2029613,0,Julio Cesar Ribeiro
2024,5,COMBUSTÍVEIS E LUBRIFICANTES.,7737813,Nota Fiscal Eletrônica,4,2024-05-19T10:55:47,252154,170.0,http://www.camara.leg.br/cota-parlamentar/nota-fiscal-eletronica?ideDocumentoFiscal=7737813,REDE QUALITY COMERCIO DE COMBUSTIVEIS LTDA,36900391000571,170.0,0.0,,2040662,0,Julio Cesar Ribeiro
2024,11,DIVULGAÇÃO DA ATIVIDADE PARLAMENTAR.,7839280,Nota Fiscal,0,2024-12-03T00:00:00,11,5000.0,https://www.camara.leg.br/cota-parlamentar/documentos/publ/3236/2024/7839280.pdf,A VOZ DO POVO COMUNICACOES LTDA,21827536000155,5000.0,0.0,,2093847,0,Julio Cesar Ribeiro
2024,5,DIVULGAÇÃO DA ATIVIDADE PARLAMENTAR.,7737760,Nota Fiscal,0,2024-05-06T00:00:00,36,4000.0,https://www.camara.leg.br/cota-parlamentar/documentos/publ/3236/2024/7737760.pdf,AMALATI SOLUCOES E INOVACOES LTDA AMELATI,50118474000100,4000.0,0.0,,2040636,0,Julio Cesar Ribeiro
2024,6,DIVULGAÇÃO DA ATIVIDADE PARLAMENTAR.,7769073,Nota Fiscal,0,2024-06-10T00:00:00,41,4000.0,https://www.camara.leg.br/cota-parlamentar/documentos/publ/3236/2024/7769073.pdf,AMALATI SOLUCOES E INOVACOES LTDA AMELATI,50118474000100,4000.0,0.0,,2056939,0,Julio Cesar Ribeiro
2024,7,DIVULGAÇÃO DA ATIVIDADE PARLAMENTAR.,7789318,Nota Fiscal,0,2024-08-14T00:00:00,52,4000.0,https://www.camara.leg.br/cota-parlamentar/documentos/publ/3236/2024/7789318.pdf,AMALATI SOLUCOES E INOVACOES LTDA AMELATI,50118474000100,4000.0,0.0,,2066887,0,Julio Cesar Ribeiro
2024,8,DIVULGAÇÃO DA ATIVIDADE PARLAMENTAR.,7805277,Nota Fiscal,0,2024-09-19T00:00:00,58,4000.0,https://www.camara.leg.br/cota-parlamentar/documentos/publ/3236/2024/7805277.pdf,AMALATI SOLUCOES E INOVACOES LTDA AMELATI,50118474000100,4000.0,0.0,,2075130,0,Julio Cesar Ribeiro
2024,9,DIVULGAÇÃO DA ATIVIDADE PARLAMENTAR.,7823572,Nota Fiscal,0,2024-10-07T00:00:00,62,4000.0,https://www.camara.leg.br/cota-parlamentar/documentos/publ/3236/2024/7823572.pdf,AMALATI SOLUCOES E INOVACOES LTDA AMELATI,50118474000100,4000.0,0.0,,2085194,0,Julio Cesar Ribeiro
2024,10,DIVULGAÇÃO DA ATIVIDADE PARLAMENTAR.,7834680,Nota Fiscal,0,2024-11-21T00:00:00,80,4000.0,https://www.camara.leg.br/cota-parlamentar/documentos/publ/3236/2024/7834680.pdf,AMALATI SOLUCOES E INOVACOES LTDA AMELATI,50118474000100,4000.0,0.0,,2091353,0,Julio Cesar Ribeiro
2024,3,DIVULGAÇÃO DA ATIVIDADE PARLAMENTAR.,7727609,Nota Fiscal,0,2024-04-10T00:00:00,17,2500.0,https://www.camara.leg.br/cota-parlamentar/documentos/publ/3236/2024/7727609.pdf,Ana Claudia Martins Santos ME,17726908000180,2500.0,0.0,,2034797,0,Julio Cesar Ribeiro
2024,8,DIVULGAÇÃO DA ATIVIDADE PARLAMENTAR.,7806952,Nota Fiscal,0,2024-09-18T00:00:00,101,12000.0,https://www.camara.leg.br/cota-parlamentar/documentos/publ/3236/2024/7806952.pdf,BG10 COMUNICACAO LTDA,29909570000180,12000.0,0.0,,2076056,0,Julio Cesar Ribeiro
2024,9,DIVULGAÇÃO DA ATIVIDADE PARLAMENTAR.,7822363,Nota Fiscal,0,2024-10-11T00:00:00,106,12000.0,https://www.camara.leg.br/cota-parlamentar/documentos/publ/3236/2024/7822363.pdf,BG10 COMUNICACAO LTDA,29909570000180,12000.0,0.0,,2084645,0,Julio Cesar Ribeiro
2024,10,DIVULGAÇÃO DA ATIVIDADE PARLAMENTAR.,7828435,Nota Fiscal,0,2024-11-01T00:00:00,109,12000.0,https://www.camara.leg.br/cota-parlamentar/documentos/publ/3236/2024/7828435.pdf,BG10 COMUNICACAO LTDA,29909570000180,12000.0,0.0,,2088030,0,Julio Cesar Ribeiro
2024,11,DIVULGAÇÃO DA ATIVIDADE PARLAMENTAR.,7847758,Nota Fiscal,0,2024-12-03T00:00:00,117,12000.0,https://www.camara.leg.br/cota-parlamentar/documentos/publ/3236/2024/7847758.pdf,BG10 COMUNICACAO LTDA,29909570000180,12000.0,0.0,,2098426,0,Julio Cesar Ribeiro
2024,12,DIVULGAÇÃO DA ATIVIDADE PARLAMENTAR.,7847936,Nota Fiscal,0,2024-12-17T00:00:00,121,12000.0,https://www.camara.leg.br/cota-parlamentar/documentos/publ/3236/2024/7847936.pdf,BG10 COMUNICACAO LTDA,29909570000180,12000.0,0.0,,2098545,0,Julio Cesar Ribeiro
2024,5,DIVULGAÇÃO DA ATIVIDADE PARLAMENTAR.,7735020,Nota Fiscal,0,2024-05-14T00:00:00,75,12000.0,https://www.camara.leg.br/cota-parlamentar/documentos/publ/3236/2024/7735020.pdf,BG10 COMUNICACAO LTDA,29909570000180,12000.0,0.0,,2039289,0,Julio Cesar Ribeiro
2024,6,DIVULGAÇÃO DA ATIVIDADE PARLAMENTAR.,7768058,Nota Fiscal,0,2024-07-08T00:00:00,89,12000.0,https://www.camara.leg.br/cota-parlamentar/documentos/publ/3236/2024/7768058.pdf,BG10 COMUNICACAO LTDA,29909570000180,12000.0,0.0,,2056459,0,Julio Cesar Ribeiro
2024,7,DIVULGAÇÃO DA ATIVIDADE PARLAMENTAR.,7791851,Nota Fiscal,0,2024-08-02T00:00:00,93,12000.0,https://www.camara.leg.br/cota-parlamentar/documentos/publ/3236/2024/7791851.pdf,BG10 COMUNICACAO LTDA,29909570000180,12000.0,0.0,,2068246,0,Julio Cesar Ribeiro
2024,4,DIVULGAÇÃO DA ATIVIDADE PARLAMENTAR.,7727620,Nota Fiscal,0,2024-04-10T00:00:00,10,4000.0,https://www.camara.leg.br/cota-parlamentar/documentos/publ/3236/2024/7727620.pdf,EDILEI PINTO DA COSTA 98767003168,36281175000161,4000.0,0.0,,2034805,0,Julio Cesar Ribeiro
2024,2,DIVULGAÇÃO DA ATIVIDADE PARLAMENTAR.,7701075,Nota Fiscal,0,2024-02-21T00:00:00,7,4000.0,https://www.camara.leg.br/cota-parlamentar/documentos/publ/3236/2024/7701075.pdf,EDILEI PINTO DA COSTA 98767003168,36281175000161,4000.0,0.0,,2020817,0,Julio Cesar Ribeiro
2024,2,DIVULGAÇÃO DA ATIVIDADE PARLAMENTAR.,7681801,Nota Fiscal,0,2024-02-05T00:00:00,202400000000005,3000.0,https://www.camara.leg.br/cota-parlamentar/documentos/publ/3236/2024/7681801.pdf,HUMBERTO PHELLIPE DOS SANTOS LOPES DA SILVA,37793856000171,3000.0,0.0,,2010192,0,Julio Cesar Ribeiro
2024,3,DIVULGAÇÃO DA ATIVIDADE PARLAMENTAR.,7697279,Nota Fiscal,0,2024-03-05T00:00:00,202400000000009,3000.0,https://www.camara.leg.br/cota-parlamentar/documentos/publ/3236/2024/7697279.pdf,HUMBERTO PHELLIPE DOS SANTOS LOPES DA SILVA,37793856000171,3000.0,0.0,,2018666,0,Julio Cesar Ribeiro
2024,4,DIVULGAÇÃO DA ATIVIDADE PARLAMENTAR.,7713916,Nota Fiscal,0,2024-04-04T00:00:00,202400000000011,3000.0,https://www.camara.leg.br/cota-parlamentar/documentos/publ/3236/2024/7713916.pdf,HUMBERTO PHELLIPE DOS SANTOS LOPES DA SILVA,37793856000171,3000.0,0.0,,2027624,0,Julio Cesar Ribeiro
2024,5,DIVULGAÇÃO DA ATIVIDADE PARLAMENTAR.,7734766,Nota Fiscal,0,2024-05-14T00:00:00,202400000000017,3000.0,https://www.camara.leg.br/cota-parlamentar/documentos/publ/3236/2024/7734766.pdf,HUMBERTO PHELLIPE DOS SANTOS LOPES DA SILVA,37793856000171,3000.0,0.0,,2039157,0,Julio Cesar Ribeiro
2024,6,DIVULGAÇÃO DA ATIVIDADE PARLAMENTAR.,7763463,Nota Fiscal,0,2024-06-04T00:00:00,202400000000022,3000.0,https://www.camara.leg.br/cota-parlamentar/documentos/publ/3236/2024/7763463.pdf,HUMBERTO PHELLIPE DOS SANTOS LOPES DA SILVA,37793856000171,3000.0,0.0,,2053959,0,Julio Cesar Ribeiro
2024,7,DIVULGAÇÃO DA ATIVIDADE PARLAMENTAR.,7769069,Nota Fiscal,0,2024-07-04T00:00:00,202400000000026,3000.0,https://www.camara.leg.br/cota-parlamentar/documentos/publ/3236/2024/7769069.pdf,HUMBERTO PHELLIPE DOS SANTOS LOPES DA SILVA,37793856000171,3000.0,0.0,,2056933,0,Julio Cesar Ribeiro
2024,12,DIVULGAÇÃO DA ATIVIDADE PARLAMENTAR.,7856925,Nota Fiscal,0,2024-12-19T00:00:00,2,3600.0,https://www.camara.leg.br/cota-parlamentar/documentos/publ/3236/2025/7856925.pdf,ISABELLA CARNEIRO DE MELO PICARELLI,58494900000112,3600.0,0.0,,2103664,0,Julio Cesar Ribeiro
2024,3,DIVULGAÇÃO DA ATIVIDADE PARLAMENTAR.,7713898,Nota Fiscal,0,2024-04-03T00:00:00,41,2500.0,https://www.camara.leg.br/cota-parlamentar/documentos/publ/3236/2024/7713898.pdf,MARCELO S DA ROCHA SOUSA-BLOG OLHAR DIGITAL,30856625000110,2500.0,0.0,,2027618,0,Julio Cesar Ribeiro
2024,6,DIVULGAÇÃO DA ATIVIDADE PARLAMENTAR.,7762977,Nota Fiscal,0,2024-06-12T00:00:00,46,2500.0,https://www.camara.leg.br/cota-parlamentar/documentos/publ/3236/2024/7762977.pdf,MARCELO S DA ROCHA SOUSA-BLOG OLHAR DIGITAL,30856625000110,2500.0,0.0,,2053720,0,Julio Cesar Ribeiro
2024,8,DIVULGAÇÃO DA ATIVIDADE PARLAMENTAR.,7796926,Nota Fiscal,0,2024-08-29T00:00:00,53,2500.0,https://www.camara.leg.br/cota-parlamentar/documentos/publ/3236/2024/7796926.pdf,MARCELO S DA ROCHA SOUSA-BLOG OLHAR DIGITAL,30856625000110,2500.0,0.0,,2070809,0,Julio Cesar Ribeiro
2024,10,DIVULGAÇÃO DA ATIVIDADE PARLAMENTAR.,7829218,Nota Fiscal,0,2024-11-06T00:00:00,60,2500.0,https://www.camara.leg.br/cota-parlamentar/documentos/publ/3236/2024/7829218.pdf,MARCELO S DA ROCHA SOUSA-BLOG OLHAR DIGITAL,30856625000110,2500.0,0.0,,2088418,0,Julio Cesar Ribeiro
2024,2,DIVULGAÇÃO DA ATIVIDADE PARLAMENTAR.,7687834,Nota Fiscal,0,2024-02-19T00:00:00,23,2000.0,https://www.camara.leg.br/cota-parlamentar/documentos/publ/3236/2024/7687834.pdf,NOTICIAS DE BRASILIA EDICAO DE INFORMACAO NA INTERNET PROVED,19397550000114,2000.0,0.0,,2013536,0,Julio Cesar Ribeiro
2024,5,DIVULGAÇÃO DA ATIVIDADE PARLAMENTAR.,7731160,Nota Fiscal,0,2024-05-07T00:00:00,25,2000.0,https://www.camara.leg.br/cota-parlamentar/documentos/publ/3236/2024/7731160.pdf,NOTICIAS DE BRASILIA EDICAO DE INFORMACAO NA INTERNET PROVED,19397550000114,2000.0,0.0,,2037158,0,Julio Cesar Ribeiro
2024,7,DIVULGAÇÃO DA ATIVIDADE PARLAMENTAR.,7768070,Nota Fiscal,0,2024-07-08T00:00:00,28,2000.0,https://www.camara.leg.br/cota-parlamentar/documentos/publ/3236/2024/7768070.pdf,NOTICIAS DE BRASILIA EDICAO DE INFORMACAO NA INTERNET PROVED,19397550000114,2000.0,0.0,,2056459,0,Julio Cesar Ribeiro
2024,9,DIVULGAÇÃO DA ATIVIDADE PARLAMENTAR.,7810428,Nota Fiscal,0,2024-09-27T00:00:00,34,2000.0,https://www.camara.leg.br/cota-parlamentar/documentos/publ/3236/2024/7810428.pdf,NOTICIAS DE BRASILIA EDICAO DE INFORMACAO NA INTERNET PROVED,19397550000114,2000.0,0.0,,2077932,0,Julio Cesar Ribeiro
2024,12,DIVULGAÇÃO DA ATIVIDADE PARLAMENTAR.,7838859,Nota Fiscal,0,2024-12-03T00:00:00,38,2000.0,https://www.camara.leg.br/cota-parlamentar/documentos/publ/3236/2024/7838859.pdf,NOTICIAS DE BRASILIA EDICAO DE INFORMACAO NA INTERNET PROVED,19397550000114,2000.0,0.0,,2093555,0,Julio Cesar Ribeiro
2024,1,DIVULGAÇÃO DA ATIVIDADE PARLAMENTAR.,7681472,Nota Fiscal,0,2024-02-02T00:00:00,12,7000.0,https://www.camara.leg.br/cota-parlamentar/documentos/publ/3236/2024/7681472.pdf,"VEIA PRODUCOES, EVENTOS E MARKETING LTDA",51739853000180,7000.0,0.0,,2010011,0,Julio Cesar Ribeiro
2024,2,DIVULGAÇÃO DA ATIVIDADE PARLAMENTAR.,7697333,Nota Fiscal,0,2024-03-05T00:00:00,13,7000.0,https://www.camara.leg.br/cota-parlamentar/documentos/publ/3236/2024/7697333.pdf,"VEIA PRODUCOES, EVENTOS E MARKETING LTDA",51739853000180,7000.0,0.0,,2018709,0,Julio Cesar Ribeiro
2024,3,DIVULGAÇÃO DA ATIVIDADE PARLAMENTAR.,7713892,Nota Fiscal,0,2024-04-03T00:00:00,14,7000.0,https://www.camara.leg.br/cota-parlamentar/documentos/publ/3236/2024/7713892.pdf,"VEIA PRODUCOES, EVENTOS E MARKETING LTDA",51739853000180,7000.0,0.0,,2027613,0,Julio Cesar Ribeiro
2024,4,DIVULGAÇÃO DA ATIVIDADE PARLAMENTAR.,7729772,Nota Fiscal,0,2024-05-02T00:00:00,15,7000.0,https://www.camara.leg.br/cota-parlamentar/documentos/publ/3236/2024/7729772.pdf,"VEIA PRODUCOES, EVENTOS E MARKETING LTDA",51739853000180,7000.0,0.0,,2036031,0,Julio Cesar Ribeiro
2024,5,DIVULGAÇÃO DA ATIVIDADE PARLAMENTAR.,7749734,Nota Fiscal,0,2024-06-04T00:00:00,16,7000.0,https://www.camara.leg.br/cota-parlamentar/documentos/publ/3236/2024/7749734.pdf,"VEIA PRODUCOES, EVENTOS E MARKETING LTDA",51739853000180,7000.0,0.0,,2047024,0,Julio Cesar Ribeiro
2024,6,DIVULGAÇÃO DA ATIVIDADE PARLAMENTAR.,7763165,Nota Fiscal,0,2024-07-02T00:00:00,19,7000.0,https://www.camara.leg.br/cota-parlamentar/documentos/publ/3236/2024/7763165.pdf,"VEIA PRODUCOES, EVENTOS E MARKETING LTDA",51739853000180,7000.0,0.0,,2053807,0,Julio Cesar Ribeiro
2024,7,DIVULGAÇÃO DA ATIVIDADE PARLAMENTAR.,7782850,Nota Fiscal,0,2024-08-05T00:00:00,20,7000.0,https://www.camara.leg.br/cota-parlamentar/documentos/publ/3236/2024/7782850.pdf,"VEIA PRODUCOES, EVENTOS E MARKETING LTDA",51739853000180,7000.0,0.0,,2063734,0,Julio Cesar Ribeiro
2024,8,DIVULGAÇÃO DA ATIVIDADE PARLAMENTAR.,7796959,Nota Fiscal,0,2024-09-03T00:00:00,21,7000.0,https://www.camara.leg.br/cota-parlamentar/documentos/publ/3236/2024/7796959.pdf,"VEIA PRODUCOES, EVENTOS E MARKETING LTDA",51739853000180,7000.0,0.0,,2070828,0,Julio Cesar Ribeiro
2024,9,DIVULGAÇÃO DA ATIVIDADE PARLAMENTAR.,7810410,Nota Fiscal,0,2024-10-02T00:00:00,24,7000.0,https://www.camara.leg.br/cota-parlamentar/documentos/publ/3236/2024/7810410.pdf,"VEIA PRODUCOES, EVENTOS E MARKETING LTDA",51739853000180,7000.0,0.0,,2077929,0,Julio Cesar Ribeiro
2024,10,DIVULGAÇÃO DA ATIVIDADE PARLAMENTAR.,7826800,Nota Fiscal,0,2024-11-05T00:00:00,26,7000.0,https://www.camara.leg.br/cota-parlamentar/documentos/publ/3236/2024/7826800.pdf,"VEIA PRODUCOES, EVENTOS E MARKETING LTDA",51739853000180,7000.0,0.0,,2087102,0,Julio Cesar Ribeiro
2024,11,DIVULGAÇÃO DA ATIVIDADE PARLAMENTAR.,7838871,Nota Fiscal,0,2024-12-02T00:00:00,28,7000.0,https://www.camara.leg.br/cota-parlamentar/documentos/publ/3236/2024/7838871.pdf,"VEIA PRODUCOES, EVENTOS E MARKETING LTDA",51739853000180,7000.0,0.0,,2093564,0,Julio Cesar Ribeiro
2024,12,DIVULGAÇÃO DA ATIVIDADE PARLAMENTAR.,7854188,Nota Fiscal,0,2025-01-06T00:00:00,30,10000.0,https://www.camara.leg.br/cota-parlamentar/documentos/publ/3236/2025/7854188.pdf,"VEIA PRODUCOES, EVENTOS E MARKETING LTDA",51739853000180,10000.0,0.0,,2102026,0,Julio Cesar Ribeiro
2024,11,DIVULGAÇÃO DA ATIVIDADE PARLAMENTAR.,7837934,Nota Fiscal,0,2024-11-28T00:00:00,2110,7200.0,https://www.camara.leg.br/cota-parlamentar/documentos/publ/3236/2024/7837934.pdf,VERA E FRANCILIA GRAFICA E EDITORA LTDA ME,06227397000135,7200.0,0.0,,2092983,0,Julio Cesar Ribeiro
2024,12,DIVULGAÇÃO DA ATIVIDADE PARLAMENTAR.,7891412,Nota Fiscal,0,2024-12-31T00:00:00,2318,25000.0,https://www.camara.leg.br/cota-parlamentar/documentos/publ/3236/2025/7891412.pdf,VERA E FRANCILIA GRAFICA E EDITORA LTDA ME,06227397000135,25000.0,0.0,,2123034,0,Julio Cesar Ribeiro
2024,2,DIVULGAÇÃO DA ATIVIDADE PARLAMENTAR.,7723518,Nota Fiscal,0,2024-04-18T00:00:00,17433,3600.0,https://www.camara.leg.br/cota-parlamentar/documentos/publ/3236/2024/7723518.pdf,WORKING ASSOCIAÇÃO DE INTEGRAÇÃO PROFISSIONAL,08865615000192,3600.0,0.0,,2032729,0,Julio Cesar Ribeiro
2024,2,LOCAÇÃO OU FRETAMENTO DE VEÍCULOS AUTOMOTORES,7687194,Nota Fiscal,0,2024-02-02T00:00:00,41,6299.0,https://www.camara.leg.br/cota-parlamentar/documentos/publ/3236/2024/7687194.pdf,ELDOURADO FROTAS LTDA,41685059000148,6299.0,0.0,,2013237,0,Julio Cesar Ribeiro
2024,3,LOCAÇÃO OU FRETAMENTO DE VEÍCULOS AUTOMOTORES,7708379,Nota Fiscal,0,2024-03-05T00:00:00,48,6299.0,https://www.camara.leg.br/cota-parlamentar/documentos/publ/3236/2024/7708379.pdf,ELDOURADO FROTAS LTDA,41685059000148,6299.0,0.0,,2024695,0,Julio Cesar Ribeiro
2024,4,LOCAÇÃO OU FRETAMENTO DE VEÍCULOS AUTOMOTORES,7723639,Nota Fiscal,0,2024-04-02T00:00:00,52,6299.0,https://www.camara.leg.br/cota-parlamentar/documentos/publ/3236/2024/7723639.pdf,ELDOURADO FROTAS LTDA,41685059000148,6299.0,0.0,,2032779,0,Julio Cesar Ribeiro
2024,5,LOCAÇÃO OU FRETAMENTO DE VEÍCULOS AUTOMOTORES,7734792,Nota Fiscal,0,2024-05-03T00:00:00,56,6299.0,https://www.camara.leg.br/cota-parlamentar/documentos/publ/3236/2024/7734792.pdf,ELDOURADO FROTAS LTDA,41685059000148,6299.0,0.0,,2039210,0,Julio Cesar Ribeiro
2024,6,LOCAÇÃO OU FRETAMENTO DE VEÍCULOS AUTOMOTORES,7752490,Nota Fiscal,0,2024-06-03T00:00:00,60,6299.0,https://www.camara.leg.br/cota-parlamentar/documentos/publ/3236/2024/7752490.pdf,ELDOURADO FROTAS LTDA,41685059000148,6299.0,0.0,,2048447,0,Julio Cesar Ribeiro
2024,7,LOCAÇÃO OU FRETAMENTO DE VEÍCULOS AUTOMOTORES,7763287,Nota Fiscal,0,2024-07-02T00:00:00,64,6299.0,https://www.camara.leg.br/cota-parlamentar/documentos/publ/3236/2024/7763287.pdf,ELDOURADO FROTAS LTDA,41685059000148,6299.0,0.0,,2053884,0,Julio Cesar Ribeiro
2024,8,LOCAÇÃO OU FRETAMENTO DE VEÍCULOS AUTOMOTORES,7784381,Nota Fiscal,0,2024-08-02T00:00:00,68,6299.0,https://www.camara.leg.br/cota-parlamentar/documentos/publ/3236/2024/7784381.pdf,ELDOURADO FROTAS LTDA,41685059000148,6299.0,0.0,,2064536,0,Julio Cesar Ribeiro
2024,9,LOCAÇÃO OU FRETAMENTO DE VEÍCULOS AUTOMOTORES,7796898,Nota Fiscal,0,2024-09-02T00:00:00,74,6299.0,https://www.camara.leg.br/cota-parlamentar/documentos/publ/3236/2024/7796898.pdf,ELDOURADO FROTAS LTDA,41685059000148,6299.0,0.0,,2070790,0,Julio Cesar Ribeiro
2024,10,LOCAÇÃO OU FRETAMENTO DE VEÍCULOS AUTOMOTORES,7810424,Nota Fiscal,0,2024-10-02T00:00:00,78,6299.0,https://www.camara.leg.br/cota-parlamentar/documentos/publ/3236/2024/7810424.pdf,ELDOURADO FROTAS LTDA,41685059000148,6299.0,0.0,,2077936,0,Julio Cesar Ribeiro
2024,11,LOCAÇÃO OU FRETAMENTO DE VEÍCULOS AUTOMOTORES,7828245,Nota Fiscal,0,2024-11-01T00:00:00,84,6299.0,https://www.camara.leg.br/cota-parlamentar/documentos/publ/3236/2024/7828245.pdf,ELDOURADO FROTAS LTDA,41685059000148,6299.0,0.0,,2087908,0,Julio Cesar Ribeiro
2024,12,LOCAÇÃO OU FRETAMENTO DE VEÍCULOS AUTOMOTORES,7838915,Nota Fiscal,0,2024-12-03T00:00:00,89,6299.0,https://www.camara.leg.br/cota-parlamentar/documentos/publ/3236/2024/7838915.pdf,ELDOURADO FROTAS LTDA,41685059000148,6299.0,0.0,,2093604,0,Julio Cesar Ribeiro
2024,1,PASSAGEM AÉREA - SIGEPA,220590,Nota Fiscal,0,2024-01-06T12:00:00,9572139643621,2380.94,,TAM,,2380.94,0.0,0,0,0,Julio Cesar Ribeiro
2024,1,PASSAGEM AÉREA - SIGEPA,222042,Nota Fiscal,0,2024-01-19T12:00:00,9572141747092,3631.01,,TAM,,3631.01,0.0,0,0,0,Julio Cesar Ribeiro
2024,3,PASSAGEM AÉREA - SIGEPA,232639,Nota Fiscal,0,2024-03-05T12:00:00,9572147682068,-1788.54,,TAM,,-1788.54,0.0,0,0,0,Julio Cesar Ribeiro
2024,3,PASSAGEM AÉREA - SIGEPA,232639,Nota Fiscal,0,2024-03-05T12:00:00,9572147682068,1788.54,,TAM,,1788.54,0.0,0,0,0,Julio Cesar Ribeiro
2024,3,PASSAGEM AÉREA - SIGEPA,236242,Nota Fiscal,0,2024-03-19T12:00:00,9572149466508,1824.27,,TAM,,1824.27,0.0,0,0,0,Julio Cesar Ribeiro
2024,3,PASSAGEM AÉREA - SIGEPA,236334,Nota Fiscal,0,2024-03-19T12:00:00,9572149492712,1809.51,,TAM,,1809.51,0.0,0,0,0,Julio Cesar Ribeiro
2024,4,PASSAGEM AÉREA - SIGEPA,245889,Nota Fiscal,0,2024-04-23T12:00:00,9572153961227,72.0,,TAM,,72.0,0.0,0,0,0,Julio Cesar Ribeiro
2024,4,PASSAGEM AÉREA - SIGEPA,245889,Nota Fiscal,0,2024-04-23T12:00:00,9572153961227,76.0,,TAM,,76.0,0.0,0,0,0,Julio Cesar Ribeiro
2024,4,PASSAGEM AÉREA - SIGEPA,245889,Nota Fiscal,0,2024-04-23T12:00:00,9572153961227,2208.02,,TAM,,2208.02,0.0,0,0,0,Julio Cesar Ribeiro
2024,5,PASSAGEM AÉREA - SIGEPA,247767,Nota Fiscal,0,2024-05-02T12:00:00,9572155094422,54.0,,TAM,,54.0,0.0,0,0,0,Julio Cesar Ribeiro
2024,5,PASSAGEM AÉREA - SIGEPA,247767,Nota Fiscal,0,2024-05-02T12:00:00,9572155094422,72.0,,TAM,,72.0,0.0,0,0,0,Julio Cesar Ribeiro
2024,5,PASSAGEM AÉREA - SIGEPA,247767,Nota Fiscal,0,2024-05-02T12:00:00,9572155094422,2188.9,,TAM,,2188.9,0.0,0,0,0,Julio Cesar Ribeiro
2024,5,PASSAGEM AÉREA - SIGEPA,248992,Nota Fiscal,0,2024-05-07T12:00:00,9572155754575,54.0,,TAM,,54.0,0.0,0,0,0,Julio Cesar Ribeiro
2024,5,PASSAGEM AÉREA - SIGEPA,248992,Nota Fiscal,0,2024-05-07T12:00:00,9572155754575,61.0,,TAM,,61.0,0.0,0,0,0,Julio Cesar Ribeiro
2024,5,PASSAGEM AÉREA - SIGEPA,248992,Nota Fiscal,0,2024-05-07T12:00:00,9572155754575,2736.27,,TAM,,2736.27,0.0,0,0,0,Julio Cesar Ribeiro
2024,6,PASSAGEM AÉREA - SIGEPA,261576,Nota Fiscal,0,2024-06-17T12:00:00,9572161627959,1481.98,,TAM,,1481.98,0.0,0,0,0,Julio Cesar Ribeiro
2024,6,PASSAGEM AÉREA - SIGEPA,263433,Nota Fiscal,0,2024-06-24T12:00:00,9572162634916,2213.63,,TAM,,2213.63,0.0,0,0,0,Julio Cesar Ribeiro
2024,8,PASSAGEM AÉREA - SIGEPA,275150,Nota Fiscal,0,2024-08-26T12:00:00,9572171373076,2660.38,,TAM,,2660.38,0.0,0,0,0,Julio Cesar Ribeiro
2024,11,PASSAGEM AÉREA - SIGEPA,288855,Nota Fiscal,0,2024-11-12T12:00:00,9572207031092,2808.48,,TAM,,2808.48,0.0,0,0,0,Julio Cesar Ribeiro
2024,5,MANUTENÇÃO DE ESCRITÓRIO DE APOIO À ATIVIDADE PARLAMENTAR,7740593,Nota Fiscal Eletrônica,4,2024-05-02T00:00:00,551,4380.21,http://www.camara.leg.br/cota-parlamentar/nota-fiscal-eletronica?ideDocumentoFiscal=7740593,A EDUCATIVA PAPELARIA E LIVRARIA LTDA,38075164000150,4370.31,9.9,,2042097,0,Prof. Reginaldo Veras
2024,6,MANUTENÇÃO DE ESCRITÓRIO DE APOIO À ATIVIDADE PARLAMENTAR,7754218,Nota Fiscal Eletrônica,4,2024-06-17T00:00:00,608,3450.0,http://www.camara.leg.br/cota-parlamentar/nota-fiscal-eletronica?ideDocumentoFiscal=7754218,A EDUCATIVA PAPELARIA E LIVRARIA LTDA,38075164000150,3450.0,0.0,,2049361,0,Prof. Reginaldo Veras
2024,7,MANUTENÇÃO DE ESCRITÓRIO DE APOIO À ATIVIDADE PARLAMENTAR,7775262,Nota Fiscal Eletrônica,4,2024-07-18T00:00:00,682,4681.28,http://www.camara.leg.br/cota-parlamentar/nota-fiscal-eletronica?ideDocumentoFiscal=7775262,A EDUCATIVA PAPELARIA E LIVRARIA LTDA,38075164000150,4681.28,0.0,,2060020,0,Prof. Reginaldo Veras
2024,1,MANUTENÇÃO DE ESCRITÓRIO DE APOIO À ATIVIDADE PARLAMENTAR,7678469,Recibos/Outros,1,2024-01-24T00:00:00,062024,10000.0,https://www.camara.leg.br/cota-parlamentar/documentos/publ/3667/2024/7678469.pdf,IVONETE SILVA DE CASTRO,50573934134,10000.0,0.0,,2007842,0,Prof. Reginaldo Veras
2024,2,MANUTENÇÃO DE ESCRITÓRIO DE APOIO À ATIVIDADE PARLAMENTAR,7693311,Recibos/Outros,1,2024-02-24T00:00:00,07/2024,10000.0,https://www.camara.leg.br/cota-parlamentar/documentos/publ/3667/2024/7693311.pdf,IVONETE SILVA DE CASTRO,50573934134,10000.0,0.0,,2016521,0,Prof. Reginaldo Veras
2024,3,MANUTENÇÃO DE ESCRITÓRIO DE APOIO À ATIVIDADE PARLAMENTAR,7708860,Recibos/Outros,1,2024-03-24T00:00:00,08/2024,10000.0,https://www.camara.leg.br/cota-parlamentar/documentos/publ/3667/2024/7708860.pdf,IVONETE SILVA DE CASTRO,50573934134,10000.0,0.0,,2024918,0,Prof. Reginaldo Veras
2024,4,MANUTENÇÃO DE ESCRITÓRIO DE APOIO À ATIVIDADE PARLAMENTAR,7730841,Recibos/Outros,1,2024-04-24T00:00:00,09/2024,10000.0,https://www.camara.leg.br/cota-parlamentar/documentos/publ/3667/2024/7730841.pdf,IVONETE SILVA DE CASTRO,50573934134,10000.0,0.0,,2036589,0,Prof. Reginaldo Veras
2024,5,MANUTENÇÃO DE ESCRITÓRIO DE APOIO À ATIVIDADE PARLAMENTAR,7743379,Recibos/Outros,1,2024-05-24T00:00:00,10/2024,10000.0,https://www.camara.leg.br/cota-parlamentar/documentos/publ/3667/2024/7743379.pdf,IVONETE SILVA DE CASTRO,50573934134,10000.0,0.0,,2043513,0,Prof. Reginaldo Veras
2024,6,MANUTENÇÃO DE ESCRITÓRIO DE APOIO À ATIVIDADE PARLAMENTAR,7764484,Recibos/Outros,1,2024-06-24T00:00:00,11,10000.0,https://www.camara.leg.br/cota-parlamentar/documentos/publ/3667/2024/7764484.pdf,IVONETE SILVA DE CASTRO,50573934134,10000.0,0.0,,2054497,0,Prof. Reginaldo Veras
2024,7,MANUTENÇÃO DE ESCRITÓRIO DE APOIO À ATIVIDADE PARLAMENTAR,7772791,Recibos/Outros,1,2024-07-16T00:00:00,122024,10000.0,https://www.camara.leg.br/cota-parlamentar/documentos/publ/3667/2024/7772791.pdf,IVONETE SILVA DE CASTRO,50573934134,10000.0,0.0,,2058803,0,Prof. Reginaldo Veras
2024,8,MANUTENÇÃO DE ESCRITÓRIO DE APOIO À ATIVIDADE PARLAMENTAR,7790026,Recibos/Outros,1,2024-08-21T00:00:00,132024,10000.0,https://www.camara.leg.br/cota-parlamentar/documentos/publ/3667/2024/7790026.pdf,IVONETE SILVA DE CASTRO,50573934134,10000.0,0.0,,2067242,0,Prof. Reginaldo Veras
2024,9,MANUTENÇÃO DE ESCRITÓRIO DE APOIO À ATIVIDADE PARLAMENTAR,7805737,Recibos/Outros,1,2024-09-20T00:00:00,14,10000.0,https://www.camara.leg.br/cota-parlamentar/documentos/publ/3667/2024/7805737.pdf,IVONETE SILVA DE CASTRO,50573934134,10000.0,0.0,,2075372,0,Prof. Reginaldo Veras
2024,10,MANUTENÇÃO DE ESCRITÓRIO DE APOIO À ATIVIDADE PARLAMENTAR,7821075,Recibos/Outros,1,2024-10-21T00:00:00,15,10000.0,https://www.camara.leg.br/cota-parlamentar/documentos/publ/3667/2024/7821075.pdf,IVONETE SILVA DE CASTRO,50573934134,10000.0,0.0,,2083957,0,Prof. Reginaldo Veras
2024,11,MANUTENÇÃO DE ESCRITÓRIO DE APOIO À ATIVIDADE PARLAMENTAR,7833460,Recibos/Outros,1,2024-11-21T00:00:00,16,10000.0,https://www.camara.leg.br/cota-parlamentar/documentos/publ/3667/2024/7833460.pdf,IVONETE SILVA DE CASTRO,50573934134,10000.0,0.0,,2090689,0,Prof. Reginaldo Veras
2024,7,MANUTENÇÃO DE ESCRITÓRIO DE APOIO À ATIVIDADE PARLAMENTAR,7772783,Recibos/Outros,1,2024-07-16T00:00:00,s/n,2314.98,https://www.camara.leg.br/cota-parlamentar/documentos/publ/3667/2024/7772783.pdf,IVONETE SILVA DE CASTRO,50573934134,2314.98,0.0,,2058797,0,Prof. Reginaldo Veras
2024,2,MANUTENÇÃO DE ESCRITÓRIO DE APOIO À ATIVIDADE PARLAMENTAR,7698084,Nota Fiscal Eletrônica,4,2024-01-29T00:00:00,6727,1980.28,http://www.camara.leg.br/cota-parlamentar/nota-fiscal-eletronica?ideDocumentoFiscal=7698084,LIVRARIA DO PROFESSOR COMERCIO DE ARTIGOS LTDA,29682106000102,1980.28,0.0,,2019196,0,Prof. Reginaldo Veras
2024,4,MANUTENÇÃO DE ESCRITÓRIO DE APOIO À ATIVIDADE PARLAMENTAR,7740596,Nota Fiscal Eletrônica,4,2024-04-16T00:00:00,7254,4308.96,http://www.camara.leg.br/cota-parlamentar/nota-fiscal-eletronica?ideDocumentoFiscal=7740596,LIVRARIA DO PROFESSOR COMERCIO DE ARTIGOS LTDA,29682106000102,4308.96,0.0,,2042098,0,Prof. Reginaldo Veras
2024,7,MANUTENÇÃO DE ESCRITÓRIO DE APOIO À ATIVIDADE PARLAMENTAR,7768072,Nota Fiscal Eletrônica,4,2024-07-01T00:00:00,7491,3949.4,http://www.camara.leg.br/cota-parlamentar/nota-fiscal-eletronica?ideDocumentoFiscal=7768072,LIVRARIA DO PROFESSOR COMERCIO DE ARTIGOS LTDA,29682106000102,1985.53,1963.87,,2056460,0,Prof. Reginaldo Veras
2024,6,MANUTENÇÃO DE ESCRITÓRIO DE APOIO À ATIVIDADE PARLAMENTAR,7755736,Recibos/Outros,1,2024-05-19T00:00:00,5216246779,248.54,https://www.camara.leg.br/cota-parlamentar/documentos/publ/3667/2024/7755736.pdf,TIM SA,02421421002912,243.14,5.4,,2050082,0,Prof. Reginaldo Veras
2024,7,MANUTENÇÃO DE ESCRITÓRIO DE APOIO À ATIVIDADE PARLAMENTAR,7786523,Nota Fiscal,0,2024-07-10T00:00:00,5238022829,248.37,https://www.camara.leg.br/cota-parlamentar/documentos/publ/3667/2024/7786523.pdf,TIM SA,02421421002912,243.14,5.23,,2065685,0,Prof. Reginaldo Veras
2024,8,MANUTENÇÃO DE ESCRITÓRIO DE APOIO À ATIVIDADE PARLAMENTAR,7786509,Nota Fiscal,0,2024-07-19T00:00:00,5255049571,243.14,https://www.camara.leg.br/cota-parlamentar/documentos/publ/3667/2024/7786509.pdf,TIM SA,02421421002912,243.14,0.0,,2065686,0,Prof. Reginaldo Veras
2024,9,MANUTENÇÃO DE ESCRITÓRIO DE APOIO À ATIVIDADE PARLAMENTAR,7818923,Nota Fiscal,0,2024-10-10T00:00:00,5303986984,243.14,https://www.camara.leg.br/cota-parlamentar/documentos/publ/3667/2024/7818923.pdf,TIM SA,02421421002912,243.14,0.0,,2082925,0,Prof. Reginaldo Veras
2024,4,COMBUSTÍVEIS E LUBRIFICANTES.,7721075,Nota Fiscal Eletrônica,4,2024-04-09T00:00:00,320203,239.19,http://www.camara.leg.br/cota-parlamentar/nota-fiscal-eletronica?ideDocumentoFiscal=7721075,002 - SGON - CASCOL COMBUSTIVEIS PARA VEICULOS LTDA,00306597000288,239.19,0.0,,2031532,0,Prof. Reginaldo Veras
2024,10,COMBUSTÍVEIS E LUBRIFICANTES.,7819005,Nota Fiscal Eletrônica,4,2024-10-05T19:24:03,2674828,270.0,http://www.camara.leg.br/cota-parlamentar/nota-fiscal-eletronica?ideDocumentoFiscal=7819005,028 - AUTO CEI - CASCOL COMBUSTIVEIS PARA VEICULOS LTDA,00306597002817,270.0,0.0,,2082912,0,Prof. Reginaldo Veras
2024,3,COMBUSTÍVEIS E LUBRIFICANTES.,7710202,Nota Fiscal Eletrônica,4,2024-03-27T13:52:55,494252,226.55,http://www.camara.leg.br/cota-parlamentar/nota-fiscal-eletronica?ideDocumentoFiscal=7710202,063 - 311 SUL - CASCOL COMBUSTIVEIS PARA VEICULOS LTDA,00306597006308,226.55,0.0,,2025604,0,Prof. Reginaldo Veras
2024,2,COMBUSTÍVEIS E LUBRIFICANTES.,7688367,Nota Fiscal Eletrônica,4,2024-02-03T00:00:00,318622,50.0,http://www.camara.leg.br/cota-parlamentar/nota-fiscal-eletronica?ideDocumentoFiscal=7688367,13 - TRIANGULO - CASCOL COMBUSTIVEIS PARA VEICULOS LTDA,00306597001330,50.0,0.0,,2013918,0,Prof. Reginaldo Veras
2024,8,COMBUSTÍVEIS E LUBRIFICANTES.,7792172,Nota Fiscal Eletrônica,4,2024-08-16T00:00:00,452472,285.24,http://www.camara.leg.br/cota-parlamentar/nota-fiscal-eletronica?ideDocumentoFiscal=7792172,17 - QNO 5 - CASCOL COMBUSTIVEIS PARA VEICULOS LTDA,00306597001764,285.24,0.0,,2068408,0,Prof. Reginaldo Veras
2024,2,COMBUSTÍVEIS E LUBRIFICANTES.,7693443,Nota Fiscal Eletrônica,4,2024-02-22T00:00:00,478752,200.0,http://www.camara.leg.br/cota-parlamentar/nota-fiscal-eletronica?ideDocumentoFiscal=7693443,AUTO POSTO 5 ESTRELAS LTDA,00692418000107,200.0,0.0,,2016522,0,Prof. Reginaldo Veras
2024,3,COMBUSTÍVEIS E LUBRIFICANTES.,7698150,Nota Fiscal Eletrônica,4,2024-03-05T00:00:00,489145,201.9,http://www.camara.leg.br/cota-parlamentar/nota-fiscal-eletronica?ideDocumentoFiscal=7698150,AUTO POSTO 5 ESTRELAS LTDA,00692418000107,201.9,0.0,,2019199,0,Prof. Reginaldo Veras
2024,12,COMBUSTÍVEIS E LUBRIFICANTES.,7861509,Nota Fiscal Eletrônica,4,2024-11-26T15:50:33,142955,150.0,http://www.camara.leg.br/cota-parlamentar/nota-fiscal-eletronica?ideDocumentoFiscal=7861509,AUTO POSTO AGUAS CLARAS LTDA,38076089000142,150.0,0.0,,2106130,0,Prof. Reginaldo Veras
2024,5,COMBUSTÍVEIS E LUBRIFICANTES.,7740499,Nota Fiscal Eletrônica,4,2024-05-19T12:47:24,1578,165.72,http://www.camara.leg.br/cota-parlamentar/nota-fiscal-eletronica?ideDocumentoFiscal=7740499,AUTO POSTO AGUAS CLARAS LTDA - CSD,38076089000495,165.72,0.0,,2042096,0,Prof. Reginaldo Veras
2024,4,COMBUSTÍVEIS E LUBRIFICANTES.,7721112,Nota Fiscal Eletrônica,4,2024-04-02T00:00:00,35206,125.0,http://www.camara.leg.br/cota-parlamentar/nota-fiscal-eletronica?ideDocumentoFiscal=7721112,AUTO POSTO ANDRADE LTDA - METROPOLITANO,24046493000240,125.0,0.0,,2031532,0,Prof. Reginaldo Veras
2024,5,COMBUSTÍVEIS E LUBRIFICANTES.,7740582,Nota Fiscal Eletrônica,4,2024-05-15T00:00:00,71716,230.05,http://www.camara.leg.br/cota-parlamentar/nota-fiscal-eletronica?ideDocumentoFiscal=7740582,AUTO POSTO ANDRADE LTDA - QNN 31,24046493000169,230.05,0.0,,2042096,0,Prof. Reginaldo Veras
2024,6,COMBUSTÍVEIS E LUBRIFICANTES.,7763341,Nota Fiscal Eletrônica,4,2024-06-23T23:28:33,604579,260.0,http://www.camara.leg.br/cota-parlamentar/nota-fiscal-eletronica?ideDocumentoFiscal=7763341,AUTO POSTO CINCO ESTRELAS LTDA,00692418000107,260.0,0.0,,2053915,0,Prof. Reginaldo Veras
2024,7,COMBUSTÍVEIS E LUBRIFICANTES.,7775235,Nota Fiscal Eletrônica,4,2024-07-19T12:38:36,626098,100.0,http://www.camara.leg.br/cota-parlamentar/nota-fiscal-eletronica?ideDocumentoFiscal=7775235,AUTO POSTO CINCO ESTRELAS LTDA,00692418000107,100.0,0.0,,2060015,0,Prof. Reginaldo Veras
2024,8,COMBUSTÍVEIS E LUBRIFICANTES.,7792178,Nota Fiscal Eletrônica,4,2024-08-22T00:00:00,655913,349.38,http://www.camara.leg.br/cota-parlamentar/nota-fiscal-eletronica?ideDocumentoFiscal=7792178,AUTO POSTO CINCO ESTRELAS LTDA,00692418000107,349.38,0.0,,2068408,0,Prof. Reginaldo Veras
2024,4,COMBUSTÍVEIS E LUBRIFICANTES.,7728630,Nota Fiscal Eletrônica,4,2024-04-24T19:19:37,634385,241.23,http://www.camara.leg.br/cota-parlamentar/nota-fiscal-eletronica?ideDocumentoFiscal=7728630,AUTO POSTO CINCO ESTRELAS LTDA,00692418000611,241.23,0.0,,2035449,0,Prof. Reginaldo Veras
2024,12,COMBUSTÍVEIS E LUBRIFICANTES.,7861488,Nota Fiscal Eletrônica,4,2024-12-30T09:21:53,228449,230.01,http://www.camara.leg.br/cota-parlamentar/nota-fiscal-eletronica?ideDocumentoFiscal=7861488,AUTO POSTO DDD LTDA,13169025000165,230.01,0.0,,2106130,0,Prof. Reginaldo Veras
2024,3,COMBUSTÍVEIS E LUBRIFICANTES.,7721107,Nota Fiscal Eletrônica,4,2024-03-24T00:00:00,25195,125.0,http://www.camara.leg.br/cota-parlamentar/nota-fiscal-eletronica?ideDocumentoFiscal=7721107,AUTO POSTO EPTG COMERCIAL DE COMBUSTIVEIS LTDA,37603808000173,125.0,0.0,,2031524,0,Prof. Reginaldo Veras
2024,2,COMBUSTÍVEIS E LUBRIFICANTES.,7688614,Nota Fiscal Eletrônica,4,2024-02-14T00:00:00,37567,170.0,http://www.camara.leg.br/cota-parlamentar/nota-fiscal-eletronica?ideDocumentoFiscal=7688614,AUTO POSTO EPTG COMERCIAL DE COMBUSTIVEIS LTDA,37603808000173,170.0,0.0,,2013918,0,Prof. Reginaldo Veras
2024,3,COMBUSTÍVEIS E LUBRIFICANTES.,7698141,Nota Fiscal Eletrônica,4,2024-03-01T00:00:00,41181,125.0,http://www.camara.leg.br/cota-parlamentar/nota-fiscal-eletronica?ideDocumentoFiscal=7698141,AUTO POSTO EPTG COMERCIAL DE COMBUSTIVEIS LTDA,37603808000173,125.0,0.0,,2019199,0,Prof. Reginaldo Veras
2024,5,COMBUSTÍVEIS E LUBRIFICANTES.,7739871,Nota Fiscal Eletrônica,4,2024-05-13T00:00:00,51796,150.0,http://www.camara.leg.br/cota-parlamentar/nota-fiscal-eletronica?ideDocumentoFiscal=7739871,AUTO POSTO EPTG COMERCIAL DE COMBUSTIVEIS LTDA,37603808000173,150.0,0.0,,2041742,0,Prof. Reginaldo Veras
2024,9,COMBUSTÍVEIS E LUBRIFICANTES.,7818963,Nota Fiscal Eletrônica,4,2024-09-24T15:09:54,85552,100.0,http://www.camara.leg.br/cota-parlamentar/nota-fiscal-eletronica?ideDocumentoFiscal=7818963,AUTO POSTO EPTG COMERCIAL DE COMBUSTIVEIS LTDA,37603808000173,100.0,0.0,,2082909,0,Prof. Reginaldo Veras
2024,9,COMBUSTÍVEIS E LUBRIFICANTES.,7818986,Nota Fiscal Eletrônica,4,2024-09-24T15:10:34,85553,150.0,http://www.camara.leg.br/cota-parlamentar/nota-fiscal-eletronica?ideDocumentoFiscal=7818986,AUTO POSTO EPTG COMERCIAL DE COMBUSTIVEIS LTDA,37603808000173,150.0,0.0,,2082909,0,Prof. Reginaldo Veras
2024,11,COMBUSTÍVEIS E LUBRIFICANTES.,7839122,Nota Fiscal Eletrônica,4,2024-11-19T00:00:00,97887,100.0,http://www.camara.leg.br/cota-parlamentar/nota-fiscal-eletronica?ideDocumentoFiscal=7839122,AUTO POSTO EPTG COMERCIAL DE COMBUSTIVEIS LTDA,37603808000173,100.0,0.0,,2093736,0,Prof. Reginaldo Veras
2024,1,COMBUSTÍVEIS E LUBRIFICANTES.,7688339,Nota Fiscal Eletrônica,4,2024-01-04T00:00:00,9976,99.99,http://www.camara.leg.br/cota-parlamentar/nota-fiscal-eletronica?ideDocumentoFiscal=7688339,AUTO POSTO EPTG COMERCIAL DE COMBUSTIVEIS LTDA,37603808000173,99.99,0.0,,2013914,0,Prof. Reginaldo Veras
2024,2,COMBUSTÍVEIS E LUBRIFICANTES.,7688591,Nota Fiscal Eletrônica,4,2024-02-16T00:00:00,122880,126.16,http://www.camara.leg.br/cota-parlamentar/nota-fiscal-eletronica?ideDocumentoFiscal=7688591,AUTO POSTO EPTG LTDA,34051439000165,126.16,0.0,,2013918,0,Prof. Reginaldo Veras
2024,5,COMBUSTÍVEIS E LUBRIFICANTES.,7739876,Nota Fiscal Eletrônica,4,2024-05-09T00:00:00,130175,150.0,http://www.camara.leg.br/cota-parlamentar/nota-fiscal-eletronica?ideDocumentoFiscal=7739876,AUTO POSTO EPTG LTDA,34051439000165,150.0,0.0,,2041742,0,Prof. Reginaldo Veras
2024,7,COMBUSTÍVEIS E LUBRIFICANTES.,7775246,Nota Fiscal Eletrônica,4,2024-07-22T15:06:22,137196,325.76,http://www.camara.leg.br/cota-parlamentar/nota-fiscal-eletronica?ideDocumentoFiscal=7775246,AUTO POSTO EPTG LTDA,34051439000165,325.76,0.0,,2060015,0,Prof. Reginaldo Veras
2024,7,COMBUSTÍVEIS E LUBRIFICANTES.,7775244,Nota Fiscal Eletrônica,4,2024-07-22T15:07:33,137197,250.0,http://www.camara.leg.br/cota-parlamentar/nota-fiscal-eletronica?ideDocumentoFiscal=7775244,AUTO POSTO EPTG LTDA,34051439000165,250.0,0.0,,2060015,0,Prof. Reginaldo Veras
2024,1,COMBUSTÍVEIS E LUBRIFICANTES.,7688571,Nota Fiscal Eletrônica,4,2024-01-14T00:00:00,192124,267.93,http://www.camara.leg.br/cota-parlamentar/nota-fiscal-eletronica?ideDocumentoFiscal=7688571,AUTO POSTO EPTG LTDA,34051439000165,267.93,0.0,,2013914,0,Prof. Reginaldo Veras
2024,1,COMBUSTÍVEIS E LUBRIFICANTES.,7678437,Nota Fiscal Eletrônica,4,2024-01-24T00:00:00,193785,276.21,http://www.camara.leg.br/cota-parlamentar/nota-fiscal-eletronica?ideDocumentoFiscal=7678437,AUTO POSTO EPTG LTDA,34051439000165,276.21,0.0,,2007843,0,Prof. Reginaldo Veras
2024,5,COMBUSTÍVEIS E LUBRIFICANTES.,7743512,Nota Fiscal Eletrônica,4,2024-05-24T09:14:46,215686,117.93,http://www.camara.leg.br/cota-parlamentar/nota-fiscal-eletronica?ideDocumentoFiscal=7743512,AUTO POSTO EPTG LTDA,34051439000165,117.93,0.0,,2043509,0,Prof. Reginaldo Veras
2024,4,COMBUSTÍVEIS E LUBRIFICANTES.,7721078,Nota Fiscal Eletrônica,4,2024-04-15T00:00:00,151947,206.87,http://www.camara.leg.br/cota-parlamentar/nota-fiscal-eletronica?ideDocumentoFiscal=7721078,AUTO POSTO FORQUILHA LTDA - ME,20730846000194,206.87,0.0,,2031532,0,Prof. Reginaldo Veras
2024,2,COMBUSTÍVEIS E LUBRIFICANTES.,7698076,Nota Fiscal Eletrônica,4,2024-02-01T00:00:00,231563,231.11,http://www.camara.leg.br/cota-parlamentar/nota-fiscal-eletronica?ideDocumentoFiscal=7698076,AUTO POSTO G SUL LTDA,02570563000140,231.11,0.0,,2019195,0,Prof. Reginaldo Veras
2024,2,COMBUSTÍVEIS E LUBRIFICANTES.,7698154,Nota Fiscal Eletrônica,4,2024-02-18T00:00:00,232290,221.87,http://www.camara.leg.br/cota-parlamentar/nota-fiscal-eletronica?ideDocumentoFiscal=7698154,AUTO POSTO G SUL LTDA,02570563000140,221.87,0.0,,2019195,0,Prof. Reginaldo Veras
2024,5,COMBUSTÍVEIS E LUBRIFICANTES.,7739874,Nota Fiscal Eletrônica,4,2024-05-09T00:00:00,236683,230.02,http://www.camara.leg.br/cota-parlamentar/nota-fiscal-eletronica?ideDocumentoFiscal=7739874,AUTO POSTO G SUL LTDA,02570563000140,230.02,0.0,,2041742,0,Prof. Reginaldo Veras
2024,12,COMBUSTÍVEIS E LUBRIFICANTES.,7861531,Nota Fiscal Eletrônica,4,2024-12-09T12:24:31,63318,300.03,http://www.camara.leg.br/cota-parlamentar/nota-fiscal-eletronica?ideDocumentoFiscal=7861531,AUTO POSTO INFINITY DIVISA LTDA,26768972000114,300.03,0.0,,2106130,0,Prof. Reginaldo Veras
2024,8,COMBUSTÍVEIS E LUBRIFICANTES.,7786853,Nota Fiscal Eletrônica,4,2024-08-03T18:58:05,84827,325.63,http://www.camara.leg.br/cota-parlamentar/nota-fiscal-eletronica?ideDocumentoFiscal=7786853,AUTO POSTO NM 16 LTDA - FILIAL,11948180000235,325.63,0.0,,2065667,0,Prof. Reginaldo Veras
2024,6,COMBUSTÍVEIS E LUBRIFICANTES.,7763241,Nota Fiscal Eletrônica,4,2024-06-28T20:27:12,1163528,227.75,http://www.camara.leg.br/cota-parlamentar/nota-fiscal-eletronica?ideDocumentoFiscal=7763241,AUTO POSTO OLIVEIRA LTDA,04753334000197,227.75,0.0,,2053915,0,Prof. Reginaldo Veras
2024,6,COMBUSTÍVEIS E LUBRIFICANTES.,7746554,Nota Fiscal Eletrônica,4,2024-06-02T13:57:32,354718,252.18,http://www.camara.leg.br/cota-parlamentar/nota-fiscal-eletronica?ideDocumentoFiscal=7746554,AUTO POSTO PONTEIO LTDA,11030816000184,252.18,0.0,,2045148,0,Prof. Reginaldo Veras
2024,3,COMBUSTÍVEIS E LUBRIFICANTES.,7708589,Nota Fiscal Eletrônica,4,2024-03-20T00:00:00,1293059,260.04,http://www.camara.leg.br/cota-parlamentar/nota-fiscal-eletronica?ideDocumentoFiscal=7708589,AUTO POSTO RIBEIRO LTDA,04814024000135,260.04,0.0,,2024832,0,Prof. Reginaldo Veras
2024,9,COMBUSTÍVEIS E LUBRIFICANTES.,7803135,Nota Fiscal Eletrônica,4,2024-09-14T18:43:08,1398286,150.0,http://www.camara.leg.br/cota-parlamentar/nota-fiscal-eletronica?ideDocumentoFiscal=7803135,AUTO POSTO RIBEIRO LTDA,04814024000135,150.0,0.0,,2074047,0,Prof. Reginaldo Veras
2024,12,COMBUSTÍVEIS E LUBRIFICANTES.,7861525,Nota Fiscal Eletrônica,4,2024-12-12T18:44:51,1447902,286.4,http://www.camara.leg.br/cota-parlamentar/nota-fiscal-eletronica?ideDocumentoFiscal=7861525,AUTO POSTO RIBEIRO LTDA,04814024000135,286.4,0.0,,2106130,0,Prof. Reginaldo Veras
2024,11,COMBUSTÍVEIS E LUBRIFICANTES.,7829343,Nota Fiscal Eletrônica,4,2024-11-08T18:17:24,1720,368.04,http://www.camara.leg.br/cota-parlamentar/nota-fiscal-eletronica?ideDocumentoFiscal=7829343,AUTO POSTO SAMDU LTDA,16557959000162,368.04,0.0,,2090159,0,Prof. Reginaldo Veras
2024,7,COMBUSTÍVEIS E LUBRIFICANTES.,7803232,Nota Fiscal Eletrônica,4,2024-07-27T08:12:13,42307,369.0,http://www.camara.leg.br/cota-parlamentar/nota-fiscal-eletronica?ideDocumentoFiscal=7803232,AUTO POSTO SAMDU LTDA,16557959000162,369.0,0.0,,2074057,0,Prof. Reginaldo Veras
2024,12,COMBUSTÍVEIS E LUBRIFICANTES.,7861503,Nota Fiscal Eletrônica,4,2024-12-18T10:07:42,34067,100.0,http://www.camara.leg.br/cota-parlamentar/nota-fiscal-eletronica?ideDocumentoFiscal=7861503,AUTO POSTO SAO MATEUS LTDA,07870568000102,100.0,0.0,,2106130,0,Prof. Reginaldo Veras
2024,2,COMBUSTÍVEIS E LUBRIFICANTES.,7688586,Nota Fiscal Eletrônica,4,2024-02-12T00:00:00,534674,287.2,http://www.camara.leg.br/cota-parlamentar/nota-fiscal-eletronica?ideDocumentoFiscal=7688586,BRASAL COMBUSTIVEIS LTDA,00097626000249,287.2,0.0,,2013918,0,Prof. Reginaldo Veras
2024,3,COMBUSTÍVEIS E LUBRIFICANTES.,7702207,Nota Fiscal Eletrônica,4,2024-03-11T00:00:00,547096,225.79,http://www.camara.leg.br/cota-parlamentar/nota-fiscal-eletronica?ideDocumentoFiscal=7702207,BRASAL COMBUSTIVEIS LTDA,00097626000249,225.79,0.0,,2021434,0,Prof. Reginaldo Veras
2024,3,COMBUSTÍVEIS E LUBRIFICANTES.,7712029,Nota Fiscal Eletrônica,4,2024-03-31T14:07:28,555568,215.01,http://www.camara.leg.br/cota-parlamentar/nota-fiscal-eletronica?ideDocumentoFiscal=7712029,BRASAL COMBUSTIVEIS LTDA,00097626000249,215.01,0.0,,2026612,0,Prof. Reginaldo Veras
2024,6,COMBUSTÍVEIS E LUBRIFICANTES.,7763202,Nota Fiscal Eletrônica,4,2024-06-28T07:41:13,587375,230.0,http://www.camara.leg.br/cota-parlamentar/nota-fiscal-eletronica?ideDocumentoFiscal=7763202,BRASAL COMBUSTIVEIS LTDA,00097626000249,230.0,0.0,,2053915,0,Prof. Reginaldo Veras
2024,7,COMBUSTÍVEIS E LUBRIFICANTES.,7786874,Nota Fiscal Eletrônica,4,2024-07-30T00:00:00,597651,255.59,http://www.camara.leg.br/cota-parlamentar/nota-fiscal-eletronica?ideDocumentoFiscal=7786874,BRASAL COMBUSTIVEIS LTDA,00097626000249,255.59,0.0,,2065663,0,Prof. Reginaldo Veras
2024,9,COMBUSTÍVEIS E LUBRIFICANTES.,7803125,Nota Fiscal Eletrônica,4,2024-09-13T11:05:02,613283,299.28,http://www.camara.leg.br/cota-parlamentar/nota-fiscal-eletronica?ideDocumentoFiscal=7803125,BRASAL COMBUSTIVEIS LTDA,00097626000249,299.28,0.0,,2074047,0,Prof. Reginaldo Veras
2024,9,COMBUSTÍVEIS E LUBRIFICANTES.,7804324,Nota Fiscal Eletrônica,4,2024-09-19T07:49:19,615354,334.77,http://www.camara.leg.br/cota-parlamentar/nota-fiscal-eletronica?ideDocumentoFiscal=7804324,BRASAL COMBUSTIVEIS LTDA,00097626000249,334.77,0.0,,2074633,0,Prof. Reginaldo Veras
2024,10,COMBUSTÍVEIS E LUBRIFICANTES.,7819002,Nota Fiscal Eletrônica,4,2024-10-16T21:34:27,624454,264.29,http://www.camara.leg.br/cota-parlamentar/nota-fiscal-eletronica?ideDocumentoFiscal=7819002,BRASAL COMBUSTIVEIS LTDA,00097626000249,264.29,0.0,,2082912,0,Prof. Reginaldo Veras
2024,11,COMBUSTÍVEIS E LUBRIFICANTES.,7839045,Nota Fiscal Eletrônica,4,2024-11-20T00:00:00,634686,259.47,http://www.camara.leg.br/cota-parlamentar/nota-fiscal-eletronica?ideDocumentoFiscal=7839045,BRASAL COMBUSTIVEIS LTDA,00097626000249,259.47,0.0,,2093736,0,Prof. Reginaldo Veras
2024,9,COMBUSTÍVEIS E LUBRIFICANTES.,7804693,Nota Fiscal Eletrônica,4,2024-09-19T13:24:23,812162,241.13,http://www.camara.leg.br/cota-parlamentar/nota-fiscal-eletronica?ideDocumentoFiscal=7804693,BRASAL COMBUSTIVEIS LTDA,00097626000320,241.13,0.0,,2074832,0,Prof. Reginaldo Veras
2024,9,COMBUSTÍVEIS E LUBRIFICANTES.,7805851,Nota Fiscal Eletrônica,4,2024-09-23T10:56:53,757855,232.07,http://www.camara.leg.br/cota-parlamentar/nota-fiscal-eletronica?ideDocumentoFiscal=7805851,BRASAL COMBUSTIVEIS LTDA,00097626000672,232.07,0.0,,2075448,0,Prof. Reginaldo Veras
2024,2,COMBUSTÍVEIS E LUBRIFICANTES.,7688579,Nota Fiscal Eletrônica,4,2024-02-07T00:00:00,713926,60.64,http://www.camara.leg.br/cota-parlamentar/nota-fiscal-eletronica?ideDocumentoFiscal=7688579,CEU 070 COMBUSTIVEIS LTDA,00976256000139,60.64,0.0,,2013918,0,Prof. Reginaldo Veras
2024,1,COMBUSTÍVEIS E LUBRIFICANTES.,7688567,Nota Fiscal Eletrônica,4,2024-01-13T00:00:00,8507,249.99,http://www.camara.leg.br/cota-parlamentar/nota-fiscal-eletronica?ideDocumentoFiscal=7688567,EUROGAS POSTOS DE SERVICOS LTDA,03648818000103,249.99,0.0,,2013914,0,Prof. Reginaldo Veras
2024,6,COMBUSTÍVEIS E LUBRIFICANTES.,7775241,Nota Fiscal Eletrônica,4,2024-06-23T12:47:22,413,150.0,http://www.camara.leg.br/cota-parlamentar/nota-fiscal-eletronica?ideDocumentoFiscal=7775241,FLORIDA CONSTRUCOES E EMPREENDIMENTOS IMOBILIARIOS LTDA,01708518000147,150.0,0.0,,2060018,0,Prof. Reginaldo Veras
2024,9,COMBUSTÍVEIS E LUBRIFICANTES.,7803132,Nota Fiscal Eletrônica,4,2024-08-28T08:54:52,5532,103.33,http://www.camara.leg.br/cota-parlamentar/nota-fiscal-eletronica?ideDocumentoFiscal=7803132,FLORIDA CONSTRUCOES E EMPREENDIMENTOS IMOBILIARIOS LTDA,01708518000147,103.33,0.0,,2074047,0,Prof. Reginaldo Veras
2024,1,COMBUSTÍVEIS E LUBRIFICANTES.,7688576,Nota Fiscal Eletrônica,4,2024-01-02T00:00:00,1157929,150.0,http://www.camara.leg.br/cota-parlamentar/nota-fiscal-eletronica?ideDocumentoFiscal=7688576,FUJICHIMA COMERCIO DE DERIVADOS DE PETROLEO LTDA,01688723000198,150.0,0.0,,2013914,0,Prof. Reginaldo Veras
2024,6,COMBUSTÍVEIS E LUBRIFICANTES.,7752463,Nota Fiscal Eletrônica,4,2024-06-06T13:57:12,3429,249.03,http://www.camara.leg.br/cota-parlamentar/nota-fiscal-eletronica?ideDocumentoFiscal=7752463,HELIO PRATES COMERCIO DE COMBUSTIVEIS E DERIVADOS LTDA,08111678000153,249.03,0.0,,2048441,0,Prof. Reginaldo Veras
2024,11,COMBUSTÍVEIS E LUBRIFICANTES.,7829355,Nota Fiscal Eletrônica,4,2024-11-02T00:00:00,73564,341.28,http://www.camara.leg.br/cota-parlamentar/nota-fiscal-eletronica?ideDocumentoFiscal=7829355,JFR COMBUSTIVEIS LTDA,42027489000135,341.28,0.0,,2090159,0,Prof. Reginaldo Veras
2024,3,COMBUSTÍVEIS E LUBRIFICANTES.,7702852,Nota Fiscal Eletrônica,4,2024-03-11T13:28:38,6528,250.05,http://www.camara.leg.br/cota-parlamentar/nota-fiscal-eletronica?ideDocumentoFiscal=7702852,LR COMERCIO DE PRODUTOS E DERIVADOS DE PETROLEO LTDA,24912669000118,250.05,0.0,,2021776,0,Prof. Reginaldo Veras
2024,9,COMBUSTÍVEIS E LUBRIFICANTES.,7822357,Nota Fiscal Eletrônica,4,2024-09-30T16:53:30,5104,283.84,http://www.camara.leg.br/cota-parlamentar/nota-fiscal-eletronica?ideDocumentoFiscal=7822357,MAXIMUM COMERCIO VAREJISTA DE DERIVADOS DE PETROLEO LTDA,33486425000101,283.84,0.0,,2084687,0,Prof. Reginaldo Veras
2024,3,COMBUSTÍVEIS E LUBRIFICANTES.,7708614,Nota Fiscal Eletrônica,4,2024-03-18T00:00:00,393790,139.82,http://www.camara.leg.br/cota-parlamentar/nota-fiscal-eletronica?ideDocumentoFiscal=7708614,METRO COMERCIAL DE COMBUSTIVEIS LTDA,09232995000190,139.82,0.0,,2024832,0,Prof. Reginaldo Veras
2024,11,COMBUSTÍVEIS E LUBRIFICANTES.,7829364,Nota Fiscal Eletrônica,4,2024-11-12T15:19:01,440406,260.02,http://www.camara.leg.br/cota-parlamentar/nota-fiscal-eletronica?ideDocumentoFiscal=7829364,ML SOUZA & CIA LTDA,00005892000113,260.02,0.0,,2090159,0,Prof. Reginaldo Veras
2024,10,COMBUSTÍVEIS E LUBRIFICANTES.,7839064,Nota Fiscal Eletrônica,4,2024-10-22T00:00:00,13292,150.0,http://www.camara.leg.br/cota-parlamentar/nota-fiscal-eletronica?ideDocumentoFiscal=7839064,MM COMERCIAL DE COMBUSTIVEIS LTDA,04621225000116,150.0,0.0,,2093736,0,Prof. Reginaldo Veras
2024,10,COMBUSTÍVEIS E LUBRIFICANTES.,7819023,Nota Fiscal Eletrônica,4,2024-10-19T16:06:21,395276,338.21,http://www.camara.leg.br/cota-parlamentar/nota-fiscal-eletronica?ideDocumentoFiscal=7819023,NENENS CHOPP POSTO DE COMBUSTIVEIS LTDA,32434124000171,338.21,0.0,,2082912,0,Prof. Reginaldo Veras
2024,12,COMBUSTÍVEIS E LUBRIFICANTES.,7861568,Nota Fiscal Eletrônica,4,2024-12-28T12:51:47,414225,100.0,http://www.camara.leg.br/cota-parlamentar/nota-fiscal-eletronica?ideDocumentoFiscal=7861568,NENENS CHOPP POSTO DE COMBUSTIVEIS LTDA,32434124000171,100.0,0.0,,2106131,0,Prof. Reginaldo Veras
2024,11,COMBUSTÍVEIS E LUBRIFICANTES.,7829413,Nota Fiscal Eletrônica,4,2024-11-03T18:35:30,429894,274.78,http://www.camara.leg.br/cota-parlamentar/nota-fiscal-eletronica?ideDocumentoFiscal=7829413,NENENS CHOPP POSTO DE COMBUSTIVEIS LTDA,32434124000171,274.78,0.0,,2090159,0,Prof. Reginaldo Veras
2024,6,COMBUSTÍVEIS E LUBRIFICANTES.,7775238,Nota Fiscal Eletrônica,4,2024-06-21T10:54:27,1747566,100.0,http://www.camara.leg.br/cota-parlamentar/nota-fiscal-eletronica?ideDocumentoFiscal=7775238,PIONEIRO COM. VAREJ. DE DERIVADOS DE PETROLEO LTDA,07822636000168,100.0,0.0,,2060014,0,Prof. Reginaldo Veras
2024,3,COMBUSTÍVEIS E LUBRIFICANTES.,7708609,Nota Fiscal Eletrônica,4,2024-03-22T00:00:00,101673,236.9,http://www.camara.leg.br/cota-parlamentar/nota-fiscal-eletronica?ideDocumentoFiscal=7708609,POSTO & MOTEL RODOBELO LTDA,01559338000140,236.9,0.0,,2024832,0,Prof. Reginaldo Veras
2024,10,COMBUSTÍVEIS E LUBRIFICANTES.,7819022,Nota Fiscal Eletrônica,4,2024-10-17T10:30:03,128516,308.57,http://www.camara.leg.br/cota-parlamentar/nota-fiscal-eletronica?ideDocumentoFiscal=7819022,POSTO 81 LTDA,00001974000190,308.57,0.0,,2082912,0,Prof. Reginaldo Veras
2024,12,COMBUSTÍVEIS E LUBRIFICANTES.,7861500,Nota Fiscal Eletrônica,4,2024-12-23T20:18:58,63058,185.01,http://www.camara.leg.br/cota-parlamentar/nota-fiscal-eletronica?ideDocumentoFiscal=7861500,POSTO 81 LTDA,00001974000190,185.01,0.0,,2106130,0,Prof. Reginaldo Veras
2024,6,COMBUSTÍVEIS E LUBRIFICANTES.,7763391,Nota Fiscal Eletrônica,4,2024-06-13T00:00:00,71745,164.44,http://www.camara.leg.br/cota-parlamentar/nota-fiscal-eletronica?ideDocumentoFiscal=7763391,POSTO 81 LTDA,00001974000190,164.44,0.0,,2053915,0,Prof. Reginaldo Veras
2024,7,COMBUSTÍVEIS E LUBRIFICANTES.,7764089,Nota Fiscal Eletrônica,4,2024-07-03T00:00:00,73313,200.0,http://www.camara.leg.br/cota-parlamentar/nota-fiscal-eletronica?ideDocumentoFiscal=7764089,POSTO 81 LTDA,00001974000190,200.0,0.0,,2054283,0,Prof. Reginaldo Veras
2024,12,COMBUSTÍVEIS E LUBRIFICANTES.,7861518,Nota Fiscal Eletrônica,4,2024-12-18T13:43:31,91099,253.15,http://www.camara.leg.br/cota-parlamentar/nota-fiscal-eletronica?ideDocumentoFiscal=7861518,POSTO 81 LTDA,00001974000190,253.15,0.0,,2106130,0,Prof. Reginaldo Veras
2024,9,COMBUSTÍVEIS E LUBRIFICANTES.,7822338,Nota Fiscal Eletrônica,4,2024-09-28T13:11:10,184592,352.41,http://www.camara.leg.br/cota-parlamentar/nota-fiscal-eletronica?ideDocumentoFiscal=7822338,POSTO AVENIDA HÉLIO PRATES LTDA,10459168000113,352.41,0.0,,2084687,0,Prof. Reginaldo Veras
2024,11,COMBUSTÍVEIS E LUBRIFICANTES.,7839060,Nota Fiscal Eletrônica,4,2024-11-26T00:00:00,40609,227.25,http://www.camara.leg.br/cota-parlamentar/nota-fiscal-eletronica?ideDocumentoFiscal=7839060,POSTO CEILANDIA LTDA,00342436000169,227.25,0.0,,2093736,0,Prof. Reginaldo Veras
2024,5,COMBUSTÍVEIS E LUBRIFICANTES.,7746486,Nota Fiscal Eletrônica,4,2024-05-22T15:04:58,526638,248.98,http://www.camara.leg.br/cota-parlamentar/nota-fiscal-eletronica?ideDocumentoFiscal=7746486,POSTO CEILANDIA LTDA,00342436000169,248.98,0.0,,2045146,0,Prof. Reginaldo Veras
2024,7,COMBUSTÍVEIS E LUBRIFICANTES.,7775243,Nota Fiscal Eletrônica,4,2024-07-23T14:51:51,533672,230.0,http://www.camara.leg.br/cota-parlamentar/nota-fiscal-eletronica?ideDocumentoFiscal=7775243,POSTO CEILANDIA LTDA,00342436000169,230.0,0.0,,2060015,0,Prof. Reginaldo Veras
2024,2,COMBUSTÍVEIS E LUBRIFICANTES.,7698137,Nota Fiscal Eletrônica,4,2024-02-22T00:00:00,34007,100.0,http://www.camara.leg.br/cota-parlamentar/nota-fiscal-eletronica?ideDocumentoFiscal=7698137,Posto de Combustiveis Garantia Ltda,72578438000243,100.0,0.0,,2019195,0,Prof. Reginaldo Veras
2024,2,COMBUSTÍVEIS E LUBRIFICANTES.,7693436,Nota Fiscal Eletrônica,4,2024-02-26T00:00:00,3734,235.06,http://www.camara.leg.br/cota-parlamentar/nota-fiscal-eletronica?ideDocumentoFiscal=7693436,Posto de Combustiveis Garantia Ltda (AGUAS CLARAS),72578438000405,235.06,0.0,,2016522,0,Prof. Reginaldo Veras
2024,2,COMBUSTÍVEIS E LUBRIFICANTES.,7698119,Nota Fiscal Eletrônica,4,2024-02-10T00:00:00,4054,235.85,http://www.camara.leg.br/cota-parlamentar/nota-fiscal-eletronica?ideDocumentoFiscal=7698119,Posto de Combustiveis Garantia Ltda (AGUAS CLARAS),72578438000405,235.85,0.0,,2019195,0,Prof. Reginaldo Veras
2024,5,COMBUSTÍVEIS E LUBRIFICANTES.,7746530,Nota Fiscal Eletrônica,4,2024-05-28T21:18:04,5525,200.0,http://www.camara.leg.br/cota-parlamentar/nota-fiscal-eletronica?ideDocumentoFiscal=7746530,Posto de Combustiveis Garantia Ltda (AGUAS CLARAS),72578438000405,200.0,0.0,,2045146,0,Prof. Reginaldo Veras
2024,7,COMBUSTÍVEIS E LUBRIFICANTES.,7775245,Nota Fiscal Eletrônica,4,2024-07-20T21:18:28,7724,260.25,http://www.camara.leg.br/cota-parlamentar/nota-fiscal-eletronica?ideDocumentoFiscal=7775245,Posto de Combustiveis Garantia Ltda (AGUAS CLARAS),72578438000405,260.25,0.0,,2060015,0,Prof. Reginaldo Veras
2024,8,COMBUSTÍVEIS E LUBRIFICANTES.,7803154,Nota Fiscal Eletrônica,4,2024-08-28T13:51:35,8425,250.15,http://www.camara.leg.br/cota-parlamentar/nota-fiscal-eletronica?ideDocumentoFiscal=7803154,Posto de Combustiveis Garantia Ltda (AGUAS CLARAS),72578438000405,250.15,0.0,,2074044,0,Prof. Reginaldo Veras
2024,1,COMBUSTÍVEIS E LUBRIFICANTES.,7678447,Nota Fiscal Eletrônica,4,2024-01-22T00:00:00,10159,156.07,http://www.camara.leg.br/cota-parlamentar/nota-fiscal-eletronica?ideDocumentoFiscal=7678447,POSTO DE COMBUSTIVEIS QNG LTDA,42887892000134,156.07,0.0,,2007843,0,Prof. Reginaldo Veras
2024,4,COMBUSTÍVEIS E LUBRIFICANTES.,7723804,Nota Fiscal Eletrônica,4,2024-04-18T00:00:00,129829,243.49,http://www.camara.leg.br/cota-parlamentar/nota-fiscal-eletronica?ideDocumentoFiscal=7723804,POSTO DE COMBUSTIVEIS QNG LTDA,42887892000134,243.49,0.0,,2032895,0,Prof. Reginaldo Veras
2024,6,COMBUSTÍVEIS E LUBRIFICANTES.,7752421,Nota Fiscal Eletrônica,4,2024-06-05T00:00:00,22650,246.71,http://www.camara.leg.br/cota-parlamentar/nota-fiscal-eletronica?ideDocumentoFiscal=7752421,POSTO DE COMBUSTIVEIS QNG LTDA,42887892000134,246.71,0.0,,2048441,0,Prof. Reginaldo Veras
2024,10,COMBUSTÍVEIS E LUBRIFICANTES.,7822498,Nota Fiscal Eletrônica,4,2024-10-22T10:50:23,23616,200.0,http://www.camara.leg.br/cota-parlamentar/nota-fiscal-eletronica?ideDocumentoFiscal=7822498,POSTO DE COMBUSTIVEIS QNG LTDA,42887892000134,200.0,0.0,,2084688,0,Prof. Reginaldo Veras
2024,8,COMBUSTÍVEIS E LUBRIFICANTES.,7786692,Nota Fiscal Eletrônica,4,2024-08-14T00:00:00,23843,180.0,http://www.camara.leg.br/cota-parlamentar/nota-fiscal-eletronica?ideDocumentoFiscal=7786692,POSTO DE COMBUSTIVEIS QNG LTDA,42887892000134,180.0,0.0,,2065667,0,Prof. Reginaldo Veras
2024,10,COMBUSTÍVEIS E LUBRIFICANTES.,7818990,Nota Fiscal Eletrônica,4,2024-10-02T13:57:48,30246,150.0,http://www.camara.leg.br/cota-parlamentar/nota-fiscal-eletronica?ideDocumentoFiscal=7818990,POSTO DE COMBUSTIVEIS QNG LTDA,42887892000134,150.0,0.0,,2082912,0,Prof. Reginaldo Veras
2024,4,COMBUSTÍVEIS E LUBRIFICANTES.,7723799,Nota Fiscal Eletrônica,4,2024-04-20T00:00:00,30871,251.69,http://www.camara.leg.br/cota-parlamentar/nota-fiscal-eletronica?ideDocumentoFiscal=7723799,POSTO DE COMBUSTIVEIS QNG LTDA,42887892000134,251.69,0.0,,2032895,0,Prof. Reginaldo Veras
2024,11,COMBUSTÍVEIS E LUBRIFICANTES.,7839041,Nota Fiscal Eletrônica,4,2024-11-29T00:00:00,31582,259.47,http://www.camara.leg.br/cota-parlamentar/nota-fiscal-eletronica?ideDocumentoFiscal=7839041,POSTO DE COMBUSTIVEIS QNG LTDA,42887892000134,259.47,0.0,,2093736,0,Prof. Reginaldo Veras
2024,12,COMBUSTÍVEIS E LUBRIFICANTES.,7861536,Nota Fiscal Eletrônica,4,2024-12-06T20:38:20,31941,300.0,http://www.camara.leg.br/cota-parlamentar/nota-fiscal-eletronica?ideDocumentoFiscal=7861536,POSTO DE COMBUSTIVEIS QNG LTDA,42887892000134,300.0,0.0,,2106131,0,Prof. Reginaldo Veras
2024,5,COMBUSTÍVEIS E LUBRIFICANTES.,7739878,Nota Fiscal Eletrônica,4,2024-05-07T00:00:00,32412,227.97,http://www.camara.leg.br/cota-parlamentar/nota-fiscal-eletronica?ideDocumentoFiscal=7739878,POSTO DE COMBUSTIVEIS QNG LTDA,42887892000134,227.97,0.0,,2041742,0,Prof. Reginaldo Veras
2024,9,COMBUSTÍVEIS E LUBRIFICANTES.,7803148,Nota Fiscal Eletrônica,4,2024-09-04T00:00:00,39282,243.77,http://www.camara.leg.br/cota-parlamentar/nota-fiscal-eletronica?ideDocumentoFiscal=7803148,POSTO DE COMBUSTIVEIS QNG LTDA,42887892000134,243.77,0.0,,2074047,0,Prof. Reginaldo Veras
2024,10,COMBUSTÍVEIS E LUBRIFICANTES.,7822501,Nota Fiscal Eletrônica,4,2024-10-28T18:22:02,42918,252.75,http://www.camara.leg.br/cota-parlamentar/nota-fiscal-eletronica?ideDocumentoFiscal=7822501,POSTO DE COMBUSTIVEIS QNG LTDA,42887892000134,252.75,0.0,,2084688,0,Prof. Reginaldo Veras
2024,11,COMBUSTÍVEIS E LUBRIFICANTES.,7839114,Nota Fiscal Eletrônica,4,2024-11-01T00:00:00,579244,100.0,http://www.camara.leg.br/cota-parlamentar/nota-fiscal-eletronica?ideDocumentoFiscal=7839114,POSTO DE COMBUSTIVEL CAMPEAO 070 LTDA,36642184000130,100.0,0.0,,2093736,0,Prof. Reginaldo Veras
2024,9,COMBUSTÍVEIS E LUBRIFICANTES.,7803159,Nota Fiscal Eletrônica,4,2024-09-13T00:00:00,83735,271.76,http://www.camara.leg.br/cota-parlamentar/nota-fiscal-eletronica?ideDocumentoFiscal=7803159,POSTO DE COMBUSTIVEL CAMPEAO 070 LTDA,36642184000130,271.76,0.0,,2074047,0,Prof. Reginaldo Veras
2024,11,COMBUSTÍVEIS E LUBRIFICANTES.,7839118,Nota Fiscal Eletrônica,4,2024-11-14T00:00:00,95430,100.0,http://www.camara.leg.br/cota-parlamentar/nota-fiscal-eletronica?ideDocumentoFiscal=7839118,POSTO DE COMBUSTIVEL CAMPEAO 070 LTDA,36642184000130,100.0,0.0,,2093736,0,Prof. Reginaldo Veras
2024,3,COMBUSTÍVEIS E LUBRIFICANTES.,7716249,Nota Fiscal Eletrônica,4,2024-03-30T00:00:00,48573,215.38,http://www.camara.leg.br/cota-parlamentar/nota-fiscal-eletronica?ideDocumentoFiscal=7716249,POSTO DE COMBUSTIVEL CEASA LTDA,33977940000194,215.38,0.0,,2028970,0,Prof. Reginaldo Veras
2024,9,COMBUSTÍVEIS E LUBRIFICANTES.,7803166,Nota Fiscal Eletrônica,4,2024-09-06T18:29:30,683,275.0,http://www.camara.leg.br/cota-parlamentar/nota-fiscal-eletronica?ideDocumentoFiscal=7803166,POSTO DE COMBUSTIVEL RANIA LTDA,21887691000329,275.0,0.0,,2074047,0,Prof. Reginaldo Veras
2024,5,COMBUSTÍVEIS E LUBRIFICANTES.,7740524,Nota Fiscal Eletrônica,4,2024-05-23T00:00:00,365732,138.0,http://www.camara.leg.br/cota-parlamentar/nota-fiscal-eletronica?ideDocumentoFiscal=7740524,POSTO ITAMARATY LTDA,00314831000138,138.0,0.0,,2042096,0,Prof. Reginaldo Veras
2024,4,COMBUSTÍVEIS E LUBRIFICANTES.,7716252,Nota Fiscal Eletrônica,4,2024-04-05T15:56:48,44888,253.98,http://www.camara.leg.br/cota-parlamentar/nota-fiscal-eletronica?ideDocumentoFiscal=7716252,POSTO JARJOUR TAGUATINGA LTDA,43072937000185,253.98,0.0,,2028966,0,Prof. Reginaldo Veras
2024,4,COMBUSTÍVEIS E LUBRIFICANTES.,7723796,Nota Fiscal Eletrônica,4,2024-04-19T00:00:00,78039,227.79,http://www.camara.leg.br/cota-parlamentar/nota-fiscal-eletronica?ideDocumentoFiscal=7723796,POSTO JARJOUR TAGUATINGA LTDA,43072937000185,227.79,0.0,,2032895,0,Prof. Reginaldo Veras
2024,5,COMBUSTÍVEIS E LUBRIFICANTES.,7739868,Nota Fiscal Eletrônica,4,2024-05-22T00:00:00,83905,217.91,http://www.camara.leg.br/cota-parlamentar/nota-fiscal-eletronica?ideDocumentoFiscal=7739868,POSTO JARJOUR TAGUATINGA LTDA,43072937000185,217.91,0.0,,2041742,0,Prof. Reginaldo Veras
2024,9,COMBUSTÍVEIS E LUBRIFICANTES.,7818981,Nota Fiscal Eletrônica,4,2024-09-20T16:03:45,91831,100.0,http://www.camara.leg.br/cota-parlamentar/nota-fiscal-eletronica?ideDocumentoFiscal=7818981,POSTO SANTO ANTONIO DO DESCOBERTO LTDA,29835123000124,100.0,0.0,,2082909,0,Prof. Reginaldo Veras
2024,1,COMBUSTÍVEIS E LUBRIFICANTES.,7678426,Nota Fiscal Eletrônica,4,2024-01-05T00:00:00,1906882,244.08,http://www.camara.leg.br/cota-parlamentar/nota-fiscal-eletronica?ideDocumentoFiscal=7678426,POSTO VIA ESTRUTURAL COMERCIO DE DERIVADOS DE PETROLEO LTDA,05246123000120,244.08,0.0,,2007843,0,Prof. Reginaldo Veras
2024,12,COMBUSTÍVEIS E LUBRIFICANTES.,7861521,Nota Fiscal Eletrônica,4,2024-12-18T09:07:07,2190361,292.99,http://www.camara.leg.br/cota-parlamentar/nota-fiscal-eletronica?ideDocumentoFiscal=7861521,POSTO VIA ESTRUTURAL COMERCIO DE DERIVADOS DE PETROLEO LTDA,05246123000120,292.99,0.0,,2106130,0,Prof. Reginaldo Veras
2024,12,COMBUSTÍVEIS E LUBRIFICANTES.,7861492,Nota Fiscal Eletrônica,4,2024-12-27T16:05:14,2198460,408.37,http://www.camara.leg.br/cota-parlamentar/nota-fiscal-eletronica?ideDocumentoFiscal=7861492,POSTO VIA ESTRUTURAL COMERCIO DE DERIVADOS DE PETROLEO LTDA,05246123000120,408.37,0.0,,2106130,0,Prof. Reginaldo Veras
2024,11,COMBUSTÍVEIS E LUBRIFICANTES.,7839080,Nota Fiscal Eletrônica,4,2024-11-28T00:00:00,40522,150.0,http://www.camara.leg.br/cota-parlamentar/nota-fiscal-eletronica?ideDocumentoFiscal=7839080,QNA COMERCIO DE COMBUSTIVEIS LTDA,43704425000194,150.0,0.0,,2093736,0,Prof. Reginaldo Veras
2024,9,COMBUSTÍVEIS E LUBRIFICANTES.,7803128,Nota Fiscal Eletrônica,4,2024-09-04T14:23:34,98187,300.0,http://www.camara.leg.br/cota-parlamentar/nota-fiscal-eletronica?ideDocumentoFiscal=7803128,QUALITY COMERCIO DE COMBUSTIVEIS LTDA,14897109000188,300.0,0.0,,2074047,0,Prof. Reginaldo Veras
2024,5,COMBUSTÍVEIS E LUBRIFICANTES.,7740491,Nota Fiscal Eletrônica,4,2024-05-22T00:00:00,190174,154.3,http://www.camara.leg.br/cota-parlamentar/nota-fiscal-eletronica?ideDocumentoFiscal=7740491,R13 TAGUATINGA COMERCIO LTDA,37629521000112,154.3,0.0,,2042096,0,Prof. Reginaldo Veras
2024,2,COMBUSTÍVEIS E LUBRIFICANTES.,7698156,Nota Fiscal Eletrônica,4,2024-02-24T00:00:00,18090,88.77,http://www.camara.leg.br/cota-parlamentar/nota-fiscal-eletronica?ideDocumentoFiscal=7698156,REDE QUALITY COMERCIO DE COMBUSTIVEIS LTDA,36900391000148,88.77,0.0,,2019195,0,Prof. Reginaldo Veras
2024,4,COMBUSTÍVEIS E LUBRIFICANTES.,7723788,Nota Fiscal Eletrônica,4,2024-04-11T00:00:00,102907,184.6,http://www.camara.leg.br/cota-parlamentar/nota-fiscal-eletronica?ideDocumentoFiscal=7723788,REDE QUALITY COMERCIO DE COMBUSTIVEIS LTDA,36900391000571,184.6,0.0,,2032895,0,Prof. Reginaldo Veras
2024,4,COMBUSTÍVEIS E LUBRIFICANTES.,7721059,Nota Fiscal Eletrônica,4,2024-04-04T00:00:00,241657,228.01,http://www.camara.leg.br/cota-parlamentar/nota-fiscal-eletronica?ideDocumentoFiscal=7721059,REDE QUALITY COMERCIO DE COMBUSTIVEIS LTDA,36900391000571,228.01,0.0,,2031532,0,Prof. Reginaldo Veras
2024,7,COMBUSTÍVEIS E LUBRIFICANTES.,7775229,Nota Fiscal Eletrônica,4,2024-07-17T08:07:10,25614,100.0,http://www.camara.leg.br/cota-parlamentar/nota-fiscal-eletronica?ideDocumentoFiscal=7775229,REDE QUALITY COMERCIO DE COMBUSTIVEIS LTDA,36900391000571,100.0,0.0,,2060015,0,Prof. Reginaldo Veras
2024,7,COMBUSTÍVEIS E LUBRIFICANTES.,7786831,Nota Fiscal Eletrônica,4,2024-07-11T00:00:00,260109,265.03,http://www.camara.leg.br/cota-parlamentar/nota-fiscal-eletronica?ideDocumentoFiscal=7786831,REDE QUALITY COMERCIO DE COMBUSTIVEIS LTDA,36900391000571,265.03,0.0,,2065663,0,Prof. Reginaldo Veras
2024,8,COMBUSTÍVEIS E LUBRIFICANTES.,7786654,Nota Fiscal Eletrônica,4,2024-08-14T00:00:00,28956,329.74,http://www.camara.leg.br/cota-parlamentar/nota-fiscal-eletronica?ideDocumentoFiscal=7786654,REDE QUALITY COMERCIO DE COMBUSTIVEIS LTDA,36900391000571,329.74,0.0,,2065667,0,Prof. Reginaldo Veras
2024,7,COMBUSTÍVEIS E LUBRIFICANTES.,7775221,Nota Fiscal Eletrônica,4,2024-07-16T11:35:39,30742,80.0,http://www.camara.leg.br/cota-parlamentar/nota-fiscal-eletronica?ideDocumentoFiscal=7775221,REDE QUALITY COMERCIO DE COMBUSTIVEIS LTDA,36900391000571,80.0,0.0,,2060015,0,Prof. Reginaldo Veras
2024,9,COMBUSTÍVEIS E LUBRIFICANTES.,7819011,Nota Fiscal Eletrônica,4,2024-09-25T11:14:46,38590,273.84,http://www.camara.leg.br/cota-parlamentar/nota-fiscal-eletronica?ideDocumentoFiscal=7819011,REDE QUALITY COMERCIO DE COMBUSTIVEIS LTDA,36900391000571,273.84,0.0,,2082916,0,Prof. Reginaldo Veras
2024,8,COMBUSTÍVEIS E LUBRIFICANTES.,7786871,Nota Fiscal Eletrônica,4,2024-08-06T21:14:08,81234,257.05,http://www.camara.leg.br/cota-parlamentar/nota-fiscal-eletronica?ideDocumentoFiscal=7786871,REDE QUALITY COMERCIO DE COMBUSTIVEIS LTDA,36900391000571,257.05,0.0,,2065667,0,Prof. Reginaldo Veras
2024,10,COMBUSTÍVEIS E LUBRIFICANTES.,7819017,Nota Fiscal Eletrônica,4,2024-10-12T00:00:00,89166,282.46,http://www.camara.leg.br/cota-parlamentar/nota-fiscal-eletronica?ideDocumentoFiscal=7819017,REDE QUALITY COMERCIO DE COMBUSTIVEIS LTDA,36900391000571,282.46,0.0,,2082912,0,Prof. Reginaldo Veras
2024,3,COMBUSTÍVEIS E LUBRIFICANTES.,7698148,Nota Fiscal Eletrônica,4,2024-03-04T00:00:00,26344,259.1,http://www.camara.leg.br/cota-parlamentar/nota-fiscal-eletronica?ideDocumentoFiscal=7698148,SAN REMO POSTO SERVICOS LTDA,01655778000525,259.1,0.0,,2019199,0,Prof. Reginaldo Veras
2024,6,COMBUSTÍVEIS E LUBRIFICANTES.,7755741,Nota Fiscal Eletrônica,4,2024-06-14T07:41:32,695194,220.95,http://www.camara.leg.br/cota-parlamentar/nota-fiscal-eletronica?ideDocumentoFiscal=7755741,TAGUACENTRO COMER. DE DERIV. DE PETROLEO LTDA,12093145000163,220.95,0.0,,2050073,0,Prof. Reginaldo Veras
2024,8,COMBUSTÍVEIS E LUBRIFICANTES.,7803177,Nota Fiscal Eletrônica,4,2024-08-28T09:13:45,705989,339.99,http://www.camara.leg.br/cota-parlamentar/nota-fiscal-eletronica?ideDocumentoFiscal=7803177,TAGUACENTRO COMER. DE DERIV. DE PETROLEO LTDA,12093145000163,339.99,0.0,,2074044,0,Prof. Reginaldo Veras
2024,9,DIVULGAÇÃO DA ATIVIDADE PARLAMENTAR.,7804290,Nota Fiscal,0,2024-09-19T00:00:00,139,5700.0,https://www.camara.leg.br/cota-parlamentar/documentos/publ/3667/2024/7804290.pdf,G C  FERNANDES GRÁFICA E EDITORA LTDA.,06271777000177,5700.0,0.0,,2074632,0,Prof. Reginaldo Veras
2024,7,DIVULGAÇÃO DA ATIVIDADE PARLAMENTAR.,7804311,Nota Fiscal,0,2024-07-30T00:00:00,142,2800.0,https://www.camara.leg.br/cota-parlamentar/documentos/publ/3667/2024/7804311.pdf,G.M de Barros Eireli ME,23286142000162,2800.0,0.0,,2074635,0,Prof. Reginaldo Veras
2024,10,DIVULGAÇÃO DA ATIVIDADE PARLAMENTAR.,7836384,Nota Fiscal Eletrônica,4,2024-10-22T00:00:00,84,6950.0,http://www.camara.leg.br/cota-parlamentar/nota-fiscal-eletronica?ideDocumentoFiscal=7836384,GRAFICA CATAVENTO DESIGN E DECOR LTDA,54562329000175,6950.0,0.0,,2092271,0,Prof. Reginaldo Veras
2024,11,DIVULGAÇÃO DA ATIVIDADE PARLAMENTAR.,7836583,Nota Fiscal Eletrônica,4,2024-11-10T00:00:00,86,6950.0,http://www.camara.leg.br/cota-parlamentar/nota-fiscal-eletronica?ideDocumentoFiscal=7836583,GRAFICA CATAVENTO DESIGN E DECOR LTDA,54562329000175,3925.36,0.0,,2092272,1,Prof. Reginaldo Veras
2024,4,DIVULGAÇÃO DA ATIVIDADE PARLAMENTAR.,7721054,Nota Fiscal,0,2024-04-10T00:00:00,203,1000.0,https://www.camara.leg.br/cota-parlamentar/documentos/publ/3667/2024/7721054.pdf,JCPONTES COMUNICAÇÃO DIGITAL LTDA,43595687000168,1000.0,0.0,,2031531,0,Prof. Reginaldo Veras
2024,3,DIVULGAÇÃO DA ATIVIDADE PARLAMENTAR.,7712259,Nota Fiscal,0,2024-03-27T00:00:00,39,10000.0,https://www.camara.leg.br/cota-parlamentar/documentos/publ/3667/2024/7712259.pdf,JCPONTES COMUNICAÇÃO DIGITAL LTDA,43595687000168,10000.0,0.0,,2026753,0,Prof. Reginaldo Veras
2024,4,DIVULGAÇÃO DA ATIVIDADE PARLAMENTAR.,7723779,Nota Fiscal,0,2024-04-23T00:00:00,42,13000.0,https://www.camara.leg.br/cota-parlamentar/documentos/publ/3667/2024/7723779.pdf,JCPONTES COMUNICAÇÃO DIGITAL LTDA,43595687000168,13000.0,0.0,,2032894,0,Prof. Reginaldo Veras
2024,5,DIVULGAÇÃO DA ATIVIDADE PARLAMENTAR.,7743811,Nota Fiscal,0,2024-05-28T00:00:00,45,15000.0,https://www.camara.leg.br/cota-parlamentar/documentos/publ/3667/2024/7743811.pdf,JCPONTES COMUNICAÇÃO DIGITAL LTDA,43595687000168,15000.0,0.0,,2043619,0,Prof. Reginaldo Veras
2024,10,DIVULGAÇÃO DA ATIVIDADE PARLAMENTAR.,7824371,Nota Fiscal,0,2024-10-31T00:00:00,1513,13490.5,https://www.camara.leg.br/cota-parlamentar/documentos/publ/3667/2024/7824371.pdf,NEON VEGAS COMÉRCIO DE PLACAS E SERVIÇOS LTDA,38014254000131,13490.5,0.0,,2087133,0,Prof. Reginaldo Veras
2024,11,DIVULGAÇÃO DA ATIVIDADE PARLAMENTAR.,7833625,Nota Fiscal,0,2024-11-21T00:00:00,1582,13000.0,https://www.camara.leg.br/cota-parlamentar/documentos/publ/3667/2024/7833625.pdf,NEON VEGAS COMÉRCIO DE PLACAS E SERVIÇOS LTDA,38014254000131,13000.0,0.0,,2090789,0,Prof. Reginaldo Veras
2024,11,DIVULGAÇÃO DA ATIVIDADE PARLAMENTAR.,7843961,Nota Fiscal,0,2024-12-10T00:00:00,1636,13000.0,https://www.camara.leg.br/cota-parlamentar/documentos/publ/3667/2024/7843961.pdf,NEON VEGAS COMÉRCIO DE PLACAS E SERVIÇOS LTDA,38014254000131,13000.0,0.0,,2102056,0,Prof. Reginaldo Veras
2024,8,DIVULGAÇÃO DA ATIVIDADE PARLAMENTAR.,7781299,Nota Fiscal,0,2024-08-05T00:00:00,00000001,12714.7,https://www.camara.leg.br/cota-parlamentar/documentos/publ/3667/2024/7781299.pdf,TBALVES SOLUÇÕES EM TECNOLOGIA LTDA,54401839000160,12714.7,0.0,,2062994,0,Prof. Reginaldo Veras
2024,7,DIVULGAÇÃO DA ATIVIDADE PARLAMENTAR.,7781310,Nota Fiscal,0,2024-08-06T00:00:00,00000002,10600.0,https://www.camara.leg.br/cota-parlamentar/documentos/publ/3667/2024/7781310.pdf,TBALVES SOLUÇÕES EM TECNOLOGIA LTDA,54401839000160,10600.0,0.0,,2062994,0,Prof. Reginaldo Veras
2024,9,DIVULGAÇÃO DA ATIVIDADE PARLAMENTAR.,7804287,Nota Fiscal,0,2024-09-19T00:00:00,00000003,11000.0,https://www.camara.leg.br/cota-parlamentar/documentos/publ/3667/2024/7804287.pdf,TBALVES SOLUÇÕES EM TECNOLOGIA LTDA,54401839000160,11000.0,0.0,,2074632,0,Prof. Reginaldo Veras
2024,10,DIVULGAÇÃO DA ATIVIDADE PARLAMENTAR.,7818441,Nota Fiscal,0,2024-10-16T00:00:00,00000004,11000.0,https://www.camara.leg.br/cota-parlamentar/documentos/publ/3667/2024/7818441.pdf,TBALVES SOLUÇÕES EM TECNOLOGIA LTDA,54401839000160,11000.0,0.0,,2082581,0,Prof. Reginaldo Veras
2024,11,DIVULGAÇÃO DA ATIVIDADE PARLAMENTAR.,7833459,Nota Fiscal,0,2024-11-19T00:00:00,00000006,11000.0,https://www.camara.leg.br/cota-parlamentar/documentos/publ/3667/2024/7833459.pdf,TBALVES SOLUÇÕES EM TECNOLOGIA LTDA,54401839000160,11000.0,0.0,,2090695,0,Prof. Reginaldo Veras
2024,11,DIVULGAÇÃO DA ATIVIDADE PARLAMENTAR.,7833618,Nota Fiscal,0,2024-11-21T00:00:00,105,4000.0,https://www.camara.leg.br/cota-parlamentar/documentos/publ/3667/2024/7833618.pdf,V.W SERVIÇOS DE LOCAÇÕES E EXIBIÇÕES DE ESPAÇOS PUBLICITÁRIOS E INSTALAÇÕES LTDA.,48306123000181,4000.0,0.0,,2090789,0,Prof. Reginaldo Veras
2024,11,DIVULGAÇÃO DA ATIVIDADE PARLAMENTAR.,7843963,Nota Fiscal,0,2024-12-10T00:00:00,116,4500.0,https://www.camara.leg.br/cota-parlamentar/documentos/publ/3667/2024/7843963.pdf,V.W SERVIÇOS DE LOCAÇÕES E EXIBIÇÕES DE ESPAÇOS PUBLICITÁRIOS E INSTALAÇÕES LTDA.,48306123000181,4500.0,0.0,,2102056,0,Prof. Reginaldo Veras
2024,10,DIVULGAÇÃO DA ATIVIDADE PARLAMENTAR.,7824798,Nota Fiscal,0,2024-10-31T00:00:00,89,4000.0,https://www.camara.leg.br/cota-parlamentar/documentos/publ/3667/2024/7824798.pdf,V.W SERVIÇOS DE LOCAÇÕES E EXIBIÇÕES DE ESPAÇOS PUBLICITÁRIOS E INSTALAÇÕES LTDA.,48306123000181,4000.0,0.0,,2087133,0,Prof. Reginaldo Veras
2024,2,TELEFONIA,0,Nota Fiscal,0,2024-02-20T00:00:00,7801146,353.16,,CELULAR FUNCIONAL,00000000000001,353.16,0.0,0,0,0,Prof. Reginaldo Veras
2024,2,TELEFONIA,7702154,Nota Fiscal,0,2024-02-19T00:00:00,5151567577,248.54,,TIM SA,02421421002912,243.14,5.4,,2021432,0,Prof. Reginaldo Veras
2024,4,TELEFONIA,7743839,Nota Fiscal,0,2024-03-19T00:00:00,5172916723,249.25,,TIM SA,02421421002912,249.25,0.0,,2043620,0,Prof. Reginaldo Veras
2024,4,TELEFONIA,7743834,Nota Fiscal,0,2024-04-19T00:00:00,5194730925,243.14,,TIM SA,02421421002912,243.14,0.0,,2043618,0,Prof. Reginaldo Veras
2024,9,TELEFONIA,7803117,Nota Fiscal,0,2024-08-19T00:00:00,5282233031,243.14,,TIM SA,02421421002912,243.14,0.0,,2074046,0,Prof. Reginaldo Veras
2024,5,FORNECIMENTO DE ALIMENTAÇÃO DO PARLAMENTAR,7740648,Nota Fiscal Eletrônica,4,2024-05-22T00:00:00,143326,217.16,http://www.camara.leg.br/cota-parlamentar/nota-fiscal-eletronica?ideDocumentoFiscal=7740648,ALPINUS RESTAURANTE LTDA,26460261000188,193.9,23.26,,2042097,0,Prof. Reginaldo Veras
2024,4,FORNECIMENTO DE ALIMENTAÇÃO DO PARLAMENTAR,7721162,Nota Fiscal Eletrônica,4,2024-04-06T00:00:00,100145,74.69,http://www.camara.leg.br/cota-parlamentar/nota-fiscal-eletronica?ideDocumentoFiscal=7721162,ARMAZEM DO JUCA SNM,05560613000105,67.9,6.79,,2031533,0,Prof. Reginaldo Veras
2024,4,FORNECIMENTO DE ALIMENTAÇÃO DO PARLAMENTAR,7723810,Nota Fiscal Eletrônica,4,2024-04-21T00:00:00,104748,74.69,http://www.camara.leg.br/cota-parlamentar/nota-fiscal-eletronica?ideDocumentoFiscal=7723810,ARMAZEM DO JUCA SNM,05560613000105,67.9,6.79,,2032897,0,Prof. Reginaldo Veras
2024,11,FORNECIMENTO DE ALIMENTAÇÃO DO PARLAMENTAR,7831838,Nota Fiscal Eletrônica,4,2024-11-14T00:00:00,163249,52.47,http://www.camara.leg.br/cota-parlamentar/nota-fiscal-eletronica?ideDocumentoFiscal=7831838,ARMAZEM DO JUCA SNM,05560613000105,47.7,4.77,,2090160,0,Prof. Reginaldo Veras
2024,8,FORNECIMENTO DE ALIMENTAÇÃO DO PARLAMENTAR,7786601,Nota Fiscal Eletrônica,4,2024-08-07T00:00:00,57514,59.55,http://www.camara.leg.br/cota-parlamentar/nota-fiscal-eletronica?ideDocumentoFiscal=7786601,BAR BRASA TAGUATINGA LTDA,47102771000153,52.7,6.85,,2065668,0,Prof. Reginaldo Veras
2024,2,FORNECIMENTO DE ALIMENTAÇÃO DO PARLAMENTAR,7689414,Nota Fiscal Eletrônica,4,2024-02-08T00:00:00,68262,104.39,http://www.camara.leg.br/cota-parlamentar/nota-fiscal-eletronica?ideDocumentoFiscal=7689414,BARCELOS RESTAURANTE E BAR LTDA,39990237000100,89.9,14.49,,2014376,0,Prof. Reginaldo Veras
2024,2,FORNECIMENTO DE ALIMENTAÇÃO DO PARLAMENTAR,7689391,Nota Fiscal Eletrônica,4,2024-02-16T00:00:00,69100,47.08,http://www.camara.leg.br/cota-parlamentar/nota-fiscal-eletronica?ideDocumentoFiscal=7689391,BARCELOS RESTAURANTE E BAR LTDA,39990237000100,42.8,4.28,,2014376,0,Prof. Reginaldo Veras
2024,7,FORNECIMENTO DE ALIMENTAÇÃO DO PARLAMENTAR,7763295,Nota Fiscal Eletrônica,4,2024-07-01T00:00:00,86192,110.77,http://www.camara.leg.br/cota-parlamentar/nota-fiscal-eletronica?ideDocumentoFiscal=7763295,BARCELOS RESTAURANTE E BAR LTDA,39990237000100,95.7,15.07,,2053918,0,Prof. Reginaldo Veras
2024,8,FORNECIMENTO DE ALIMENTAÇÃO DO PARLAMENTAR,7792191,Nota Fiscal Eletrônica,4,2024-08-15T00:00:00,91437,141.46,http://www.camara.leg.br/cota-parlamentar/nota-fiscal-eletronica?ideDocumentoFiscal=7792191,BARCELOS RESTAURANTE E BAR LTDA,39990237000100,128.6,12.86,,2068409,0,Prof. Reginaldo Veras
2024,9,FORNECIMENTO DE ALIMENTAÇÃO DO PARLAMENTAR,7805855,Nota Fiscal Eletrônica,4,2024-09-20T00:00:00,95771,153.78,http://www.camara.leg.br/cota-parlamentar/nota-fiscal-eletronica?ideDocumentoFiscal=7805855,BARCELOS RESTAURANTE E BAR LTDA,39990237000100,139.8,13.98,,2075449,0,Prof. Reginaldo Veras
2024,9,FORNECIMENTO DE ALIMENTAÇÃO DO PARLAMENTAR,7818958,Nota Fiscal Eletrônica,4,2024-09-25T00:00:00,96355,242.77,http://www.camara.leg.br/cota-parlamentar/nota-fiscal-eletronica?ideDocumentoFiscal=7818958,BARCELOS RESTAURANTE E BAR LTDA,39990237000100,215.7,27.07,,2082910,0,Prof. Reginaldo Veras
2024,9,FORNECIMENTO DE ALIMENTAÇÃO DO PARLAMENTAR,7803188,Nota Fiscal Eletrônica,4,2024-09-15T00:00:00,15690,84.28,http://www.camara.leg.br/cota-parlamentar/nota-fiscal-eletronica?ideDocumentoFiscal=7803188,BENEDITTA COZINHA E BAR,35040925000140,84.28,0.0,,2074048,0,Prof. Reginaldo Veras
2024,2,FORNECIMENTO DE ALIMENTAÇÃO DO PARLAMENTAR,7688355,Nota Fiscal Eletrônica,4,2024-02-04T00:00:00,599,70.84,http://www.camara.leg.br/cota-parlamentar/nota-fiscal-eletronica?ideDocumentoFiscal=7688355,BENEDITTA COZINHA E BAR,35040925000140,64.4,6.44,,2013919,0,Prof. Reginaldo Veras
2024,5,FORNECIMENTO DE ALIMENTAÇÃO DO PARLAMENTAR,7746519,Nota Fiscal Eletrônica,4,2024-05-29T00:00:00,8542,128.04,http://www.camara.leg.br/cota-parlamentar/nota-fiscal-eletronica?ideDocumentoFiscal=7746519,BENEDITTA COZINHA E BAR,35040925000140,116.4,11.64,,2045147,0,Prof. Reginaldo Veras
2024,2,FORNECIMENTO DE ALIMENTAÇÃO DO PARLAMENTAR,7688376,Nota Fiscal Eletrônica,4,2024-02-06T00:00:00,115976,130.0,http://www.camara.leg.br/cota-parlamentar/nota-fiscal-eletronica?ideDocumentoFiscal=7688376,BRASEIRO RESTAURANTE LTDA-ME,12632850000191,130.0,0.0,,2013919,0,Prof. Reginaldo Veras
2024,2,FORNECIMENTO DE ALIMENTAÇÃO DO PARLAMENTAR,7689369,Nota Fiscal Eletrônica,4,2024-02-20T00:00:00,116415,60.0,http://www.camara.leg.br/cota-parlamentar/nota-fiscal-eletronica?ideDocumentoFiscal=7689369,BRASEIRO RESTAURANTE LTDA-ME,12632850000191,60.0,0.0,,2014376,0,Prof. Reginaldo Veras
2024,3,FORNECIMENTO DE ALIMENTAÇÃO DO PARLAMENTAR,7699093,Nota Fiscal Eletrônica,4,2024-03-07T00:00:00,116932,110.0,http://www.camara.leg.br/cota-parlamentar/nota-fiscal-eletronica?ideDocumentoFiscal=7699093,BRASEIRO RESTAURANTE LTDA-ME,12632850000191,110.0,0.0,,2019767,0,Prof. Reginaldo Veras
2024,3,FORNECIMENTO DE ALIMENTAÇÃO DO PARLAMENTAR,7708626,Nota Fiscal Eletrônica,4,2024-03-20T00:00:00,117405,96.0,http://www.camara.leg.br/cota-parlamentar/nota-fiscal-eletronica?ideDocumentoFiscal=7708626,BRASEIRO RESTAURANTE LTDA-ME,12632850000191,96.0,0.0,,2024833,0,Prof. Reginaldo Veras
2024,4,FORNECIMENTO DE ALIMENTAÇÃO DO PARLAMENTAR,7721154,Nota Fiscal Eletrônica,4,2024-04-10T00:00:00,118019,132.0,http://www.camara.leg.br/cota-parlamentar/nota-fiscal-eletronica?ideDocumentoFiscal=7721154,BRASEIRO RESTAURANTE LTDA-ME,12632850000191,132.0,0.0,,2031533,0,Prof. Reginaldo Veras
2024,5,FORNECIMENTO DE ALIMENTAÇÃO DO PARLAMENTAR,7740549,Nota Fiscal Eletrônica,4,2024-05-08T00:00:00,119350,94.0,http://www.camara.leg.br/cota-parlamentar/nota-fiscal-eletronica?ideDocumentoFiscal=7740549,BRASEIRO RESTAURANTE LTDA-ME,12632850000191,94.0,0.0,,2042097,0,Prof. Reginaldo Veras
2024,9,FORNECIMENTO DE ALIMENTAÇÃO DO PARLAMENTAR,7804319,Nota Fiscal Eletrônica,4,2024-09-18T00:00:00,521963,21.5,http://www.camara.leg.br/cota-parlamentar/nota-fiscal-eletronica?ideDocumentoFiscal=7804319,BRASILIA PAES E DOCES LTDA ME,22703886000172,13.0,8.5,,2074634,0,Prof. Reginaldo Veras
2024,9,FORNECIMENTO DE ALIMENTAÇÃO DO PARLAMENTAR,7805853,Nota Fiscal Eletrônica,4,2024-09-23T00:00:00,522437,19.0,http://www.camara.leg.br/cota-parlamentar/nota-fiscal-eletronica?ideDocumentoFiscal=7805853,BRASILIA PAES E DOCES LTDA ME,22703886000172,19.0,0.0,,2075449,0,Prof. Reginaldo Veras
2024,2,FORNECIMENTO DE ALIMENTAÇÃO DO PARLAMENTAR,7693453,Nota Fiscal Eletrônica,4,2024-02-26T00:00:00,12445,131.34,http://www.camara.leg.br/cota-parlamentar/nota-fiscal-eletronica?ideDocumentoFiscal=7693453,CAIU NA REDE E PEIXE LTDA,17261036000121,131.34,0.0,,2016522,0,Prof. Reginaldo Veras
2024,10,FORNECIMENTO DE ALIMENTAÇÃO DO PARLAMENTAR,7822392,Nota Fiscal Eletrônica,4,2024-10-29T00:00:00,247002,93.87,http://www.camara.leg.br/cota-parlamentar/nota-fiscal-eletronica?ideDocumentoFiscal=7822392,CASARAO DA VILA RESTAURANTE LTDA,27522923000160,93.87,0.0,,2084688,0,Prof. Reginaldo Veras
2024,5,FORNECIMENTO DE ALIMENTAÇÃO DO PARLAMENTAR,7740640,Nota Fiscal Eletrônica,4,2024-05-16T00:00:00,7106,227.37,http://www.camara.leg.br/cota-parlamentar/nota-fiscal-eletronica?ideDocumentoFiscal=7740640,CASTRO BAR E RESTAURANTE LTDA,27060643000187,227.37,0.0,,2042097,0,Prof. Reginaldo Veras
2024,3,FORNECIMENTO DE ALIMENTAÇÃO DO PARLAMENTAR,7712024,Nota Fiscal Eletrônica,4,2024-03-29T00:00:00,319968,167.53,http://www.camara.leg.br/cota-parlamentar/nota-fiscal-eletronica?ideDocumentoFiscal=7712024,CHALE DA TRAIRA BAR E RESTAURANTE LTDA ME,04086164000134,149.8,17.73,,2026613,0,Prof. Reginaldo Veras
2024,6,FORNECIMENTO DE ALIMENTAÇÃO DO PARLAMENTAR,7755738,Nota Fiscal Eletrônica,4,2024-06-13T00:00:00,164233,70.95,http://www.camara.leg.br/cota-parlamentar/nota-fiscal-eletronica?ideDocumentoFiscal=7755738,CHERO ASA SUL COMERCIO DE ALIMENTOS LTDA,29682362000191,64.5,6.45,,2050074,0,Prof. Reginaldo Veras
2024,3,FORNECIMENTO DE ALIMENTAÇÃO DO PARLAMENTAR,7708635,Nota Fiscal Eletrônica,4,2024-03-20T00:00:00,327780,115.0,http://www.camara.leg.br/cota-parlamentar/nota-fiscal-eletronica?ideDocumentoFiscal=7708635,COMERCIO DE BISCOITOS MINEIROS SUDOESTE LTDA,33927669000182,115.0,0.0,,2024833,0,Prof. Reginaldo Veras
2024,9,FORNECIMENTO DE ALIMENTAÇÃO DO PARLAMENTAR,7803203,Nota Fiscal Eletrônica,4,2024-09-05T00:00:00,10763,98.89,http://www.camara.leg.br/cota-parlamentar/nota-fiscal-eletronica?ideDocumentoFiscal=7803203,CONVENIENCIA E TABACARIA DO MARCAO LTDA,49681807000126,89.9,8.99,,2074048,0,Prof. Reginaldo Veras
2024,9,FORNECIMENTO DE ALIMENTAÇÃO DO PARLAMENTAR,7803196,Nota Fiscal Eletrônica,4,2024-09-11T00:00:00,10941,97.24,http://www.camara.leg.br/cota-parlamentar/nota-fiscal-eletronica?ideDocumentoFiscal=7803196,CONVENIENCIA E TABACARIA DO MARCAO LTDA,49681807000126,88.4,8.84,,2074048,0,Prof. Reginaldo Veras
2024,9,FORNECIMENTO DE ALIMENTAÇÃO DO PARLAMENTAR,7804317,Nota Fiscal Eletrônica,4,2024-09-12T00:00:00,10992,85.9,http://www.camara.leg.br/cota-parlamentar/nota-fiscal-eletronica?ideDocumentoFiscal=7804317,CONVENIENCIA E TABACARIA DO MARCAO LTDA,49681807000126,85.9,0.0,,2074634,0,Prof. Reginaldo Veras
2024,9,FORNECIMENTO DE ALIMENTAÇÃO DO PARLAMENTAR,7805850,Nota Fiscal Eletrônica,4,2024-09-19T00:00:00,11194,92.29,http://www.camara.leg.br/cota-parlamentar/nota-fiscal-eletronica?ideDocumentoFiscal=7805850,CONVENIENCIA E TABACARIA DO MARCAO LTDA,49681807000126,83.9,8.39,,2075449,0,Prof. Reginaldo Veras
2024,9,FORNECIMENTO DE ALIMENTAÇÃO DO PARLAMENTAR,7805859,Nota Fiscal Eletrônica,4,2024-09-22T00:00:00,11316,97.24,http://www.camara.leg.br/cota-parlamentar/nota-fiscal-eletronica?ideDocumentoFiscal=7805859,CONVENIENCIA E TABACARIA DO MARCAO LTDA,49681807000126,88.4,8.84,,2075449,0,Prof. Reginaldo Veras
2024,10,FORNECIMENTO DE ALIMENTAÇÃO DO PARLAMENTAR,7829349,Nota Fiscal Eletrônica,4,2024-10-31T00:00:00,12531,75.24,http://www.camara.leg.br/cota-parlamentar/nota-fiscal-eletronica?ideDocumentoFiscal=7829349,CONVENIENCIA E TABACARIA DO MARCAO LTDA,49681807000126,68.4,6.84,,2090158,0,Prof. Reginaldo Veras
2024,11,FORNECIMENTO DE ALIMENTAÇÃO DO PARLAMENTAR,7829392,Nota Fiscal Eletrônica,4,2024-11-05T00:00:00,12696,79.64,http://www.camara.leg.br/cota-parlamentar/nota-fiscal-eletronica?ideDocumentoFiscal=7829392,CONVENIENCIA E TABACARIA DO MARCAO LTDA,49681807000126,72.4,7.24,,2090160,0,Prof. Reginaldo Veras
2024,4,FORNECIMENTO DE ALIMENTAÇÃO DO PARLAMENTAR,7721148,Nota Fiscal Eletrônica,4,2024-04-09T00:00:00,6258,97.24,http://www.camara.leg.br/cota-parlamentar/nota-fiscal-eletronica?ideDocumentoFiscal=7721148,CONVENIENCIA E TABACARIA DO MARCAO LTDA,49681807000126,88.4,8.84,,2031533,0,Prof. Reginaldo Veras
2024,4,FORNECIMENTO DE ALIMENTAÇÃO DO PARLAMENTAR,7721118,Nota Fiscal Eletrônica,4,2024-04-11T00:00:00,6291,97.24,http://www.camara.leg.br/cota-parlamentar/nota-fiscal-eletronica?ideDocumentoFiscal=7721118,CONVENIENCIA E TABACARIA DO MARCAO LTDA,49681807000126,88.4,8.84,,2031533,0,Prof. Reginaldo Veras
2024,4,FORNECIMENTO DE ALIMENTAÇÃO DO PARLAMENTAR,7728644,Nota Fiscal Eletrônica,4,2024-04-30T00:00:00,6865,92.84,http://www.camara.leg.br/cota-parlamentar/nota-fiscal-eletronica?ideDocumentoFiscal=7728644,CONVENIENCIA E TABACARIA DO MARCAO LTDA,49681807000126,84.4,8.44,,2035450,0,Prof. Reginaldo Veras
2024,5,FORNECIMENTO DE ALIMENTAÇÃO DO PARLAMENTAR,7740655,Nota Fiscal Eletrônica,4,2024-05-15T00:00:00,7281,92.29,http://www.camara.leg.br/cota-parlamentar/nota-fiscal-eletronica?ideDocumentoFiscal=7740655,CONVENIENCIA E TABACARIA DO MARCAO LTDA,49681807000126,83.9,8.39,,2042097,0,Prof. Reginaldo Veras
2024,7,FORNECIMENTO DE ALIMENTAÇÃO DO PARLAMENTAR,7768178,Nota Fiscal Eletrônica,4,2024-07-02T00:00:00,8755,101.64,http://www.camara.leg.br/cota-parlamentar/nota-fiscal-eletronica?ideDocumentoFiscal=7768178,CONVENIENCIA E TABACARIA DO MARCAO LTDA,49681807000126,92.4,9.24,,2056507,0,Prof. Reginaldo Veras
2024,3,FORNECIMENTO DE ALIMENTAÇÃO DO PARLAMENTAR,7708621,Nota Fiscal Eletrônica,4,2024-03-22T00:00:00,34479,112.75,http://www.camara.leg.br/cota-parlamentar/nota-fiscal-eletronica?ideDocumentoFiscal=7708621,COSTELA BRASILIA - VICENTE PIRES,34874492000166,99.0,13.75,,2024833,0,Prof. Reginaldo Veras
2024,11,FORNECIMENTO DE ALIMENTAÇÃO DO PARLAMENTAR,7839086,Nota Fiscal Eletrônica,4,2024-11-19T00:00:00,65608,197.89,http://www.camara.leg.br/cota-parlamentar/nota-fiscal-eletronica?ideDocumentoFiscal=7839086,DECK BAR BRASILIA LTDA,41049515000163,179.9,17.99,,2093737,0,Prof. Reginaldo Veras
2024,6,FORNECIMENTO DE ALIMENTAÇÃO DO PARLAMENTAR,7746550,Nota Fiscal Eletrônica,4,2024-06-04T00:00:00,34312,48.46,http://www.camara.leg.br/cota-parlamentar/nota-fiscal-eletronica?ideDocumentoFiscal=7746550,DELICIAS LANCHONETE LTDA EPP,01803761000144,48.46,0.0,,2045149,0,Prof. Reginaldo Veras
2024,8,FORNECIMENTO DE ALIMENTAÇÃO DO PARLAMENTAR,7792205,Nota Fiscal Eletrônica,4,2024-08-20T00:00:00,108644,110.77,http://www.camara.leg.br/cota-parlamentar/nota-fiscal-eletronica?ideDocumentoFiscal=7792205,DOMINGUES E SOARES RESTAURANTE LTDA,45035545000171,100.7,10.07,,2068409,0,Prof. Reginaldo Veras
2024,1,FORNECIMENTO DE ALIMENTAÇÃO DO PARLAMENTAR,7689444,Nota Fiscal Eletrônica,4,2024-01-26T00:00:00,81352,87.89,http://www.camara.leg.br/cota-parlamentar/nota-fiscal-eletronica?ideDocumentoFiscal=7689444,DOMINGUES E SOARES RESTAURANTE LTDA,45035545000171,79.9,7.99,,2014374,0,Prof. Reginaldo Veras
2024,2,FORNECIMENTO DE ALIMENTAÇÃO DO PARLAMENTAR,7689383,Nota Fiscal Eletrônica,4,2024-02-17T00:00:00,84289,104.17,http://www.camara.leg.br/cota-parlamentar/nota-fiscal-eletronica?ideDocumentoFiscal=7689383,DOMINGUES E SOARES RESTAURANTE LTDA,45035545000171,94.7,9.47,,2014376,0,Prof. Reginaldo Veras
2024,5,FORNECIMENTO DE ALIMENTAÇÃO DO PARLAMENTAR,7746561,Nota Fiscal Eletrônica,4,2024-05-30T00:00:00,1899,106.9,http://www.camara.leg.br/cota-parlamentar/nota-fiscal-eletronica?ideDocumentoFiscal=7746561,ELISSANDRA BATISTA DA SILVA SANTOS,32165818000150,106.9,0.0,,2045147,0,Prof. Reginaldo Veras
2024,8,FORNECIMENTO DE ALIMENTAÇÃO DO PARLAMENTAR,7792209,Nota Fiscal Eletrônica,4,2024-08-25T00:00:00,2379,132.9,http://www.camara.leg.br/cota-parlamentar/nota-fiscal-eletronica?ideDocumentoFiscal=7792209,ELISSANDRA BATISTA DA SILVA SANTOS,32165818000150,132.9,0.0,,2068409,0,Prof. Reginaldo Veras
2024,3,FORNECIMENTO DE ALIMENTAÇÃO DO PARLAMENTAR,7702260,Nota Fiscal Eletrônica,4,2024-03-08T00:00:00,51594,65.98,http://www.camara.leg.br/cota-parlamentar/nota-fiscal-eletronica?ideDocumentoFiscal=7702260,ESTACAO 08 BAR E RESTAURANTE LTDA,29456223000140,59.99,5.99,,2021435,0,Prof. Reginaldo Veras
2024,1,FORNECIMENTO DE ALIMENTAÇÃO DO PARLAMENTAR,7689366,Nota Fiscal Eletrônica,4,2024-01-02T00:00:00,18148,176.0,http://www.camara.leg.br/cota-parlamentar/nota-fiscal-eletronica?ideDocumentoFiscal=7689366,FEIJAOZINHO COMERCIO DE BAR E RESTAURANTE LTDA ME,09512087000150,176.0,0.0,,2014374,0,Prof. Reginaldo Veras
2024,7,FORNECIMENTO DE ALIMENTAÇÃO DO PARLAMENTAR,7786890,Nota Fiscal Eletrônica,4,2024-07-29T00:00:00,19620,94.0,http://www.camara.leg.br/cota-parlamentar/nota-fiscal-eletronica?ideDocumentoFiscal=7786890,FEIJAOZINHO COMERCIO DE BAR E RESTAURANTE LTDA ME,09512087000150,94.0,0.0,,2065664,0,Prof. Reginaldo Veras
2024,9,FORNECIMENTO DE ALIMENTAÇÃO DO PARLAMENTAR,7804326,Nota Fiscal Eletrônica,4,2024-09-19T00:00:00,803,55.0,http://www.camara.leg.br/cota-parlamentar/nota-fiscal-eletronica?ideDocumentoFiscal=7804326,FLOR DE LIS BAR E RESTAURANTE LTDA,47666059000187,55.0,0.0,,2074634,0,Prof. Reginaldo Veras
2024,10,FORNECIMENTO DE ALIMENTAÇÃO DO PARLAMENTAR,7818936,Nota Fiscal Eletrônica,4,2024-10-02T00:00:00,10677,75.6,http://www.camara.leg.br/cota-parlamentar/nota-fiscal-eletronica?ideDocumentoFiscal=7818936,FRANCISCO WELLINGTON MIRANDA - ME,01006748000164,75.6,0.0,,2082913,0,Prof. Reginaldo Veras
2024,12,FORNECIMENTO DE ALIMENTAÇÃO DO PARLAMENTAR,7839102,Nota Fiscal Eletrônica,4,2024-12-02T00:00:00,11085,65.5,http://www.camara.leg.br/cota-parlamentar/nota-fiscal-eletronica?ideDocumentoFiscal=7839102,FRANCISCO WELLINGTON MIRANDA - ME,01006748000164,65.5,0.0,,2093744,0,Prof. Reginaldo Veras
2024,9,FORNECIMENTO DE ALIMENTAÇÃO DO PARLAMENTAR,7818934,Nota Fiscal Eletrônica,4,2024-09-28T00:00:00,7510,70.4,http://www.camara.leg.br/cota-parlamentar/nota-fiscal-eletronica?ideDocumentoFiscal=7818934,HDS FREITAS SOARES BAR E RESTAURANTE LTDA,52606223000109,70.4,0.0,,2082910,0,Prof. Reginaldo Veras
2024,8,FORNECIMENTO DE ALIMENTAÇÃO DO PARLAMENTAR,7786640,Nota Fiscal Eletrônica,4,2024-08-06T00:00:00,453,170.0,http://www.camara.leg.br/cota-parlamentar/nota-fiscal-eletronica?ideDocumentoFiscal=7786640,HENRIQUES RESTAURANTE LTDA,53636389000122,170.0,0.0,,2065668,0,Prof. Reginaldo Veras
2024,7,FORNECIMENTO DE ALIMENTAÇÃO DO PARLAMENTAR,7775213,Nota Fiscal Eletrônica,4,2024-07-21T00:00:00,30043,93.28,http://www.camara.leg.br/cota-parlamentar/nota-fiscal-eletronica?ideDocumentoFiscal=7775213,HRX GOMES LTDA,48022975000147,84.8,8.48,,2060016,0,Prof. Reginaldo Veras
2024,1,FORNECIMENTO DE ALIMENTAÇÃO DO PARLAMENTAR,7689422,Nota Fiscal Eletrônica,4,2024-01-25T00:00:00,15247,33.0,http://www.camara.leg.br/cota-parlamentar/nota-fiscal-eletronica?ideDocumentoFiscal=7689422,LA BOCA HAMBURGUERIA LTDA,38125626000105,33.0,0.0,,2014374,0,Prof. Reginaldo Veras
2024,5,FORNECIMENTO DE ALIMENTAÇÃO DO PARLAMENTAR,7740610,Nota Fiscal Eletrônica,4,2024-05-20T00:00:00,15382,66.0,http://www.camara.leg.br/cota-parlamentar/nota-fiscal-eletronica?ideDocumentoFiscal=7740610,LA BOCA HAMBURGUERIA LTDA,38125626000105,66.0,0.0,,2042097,0,Prof. Reginaldo Veras
2024,6,FORNECIMENTO DE ALIMENTAÇÃO DO PARLAMENTAR,7748210,Nota Fiscal Eletrônica,4,2024-06-04T00:00:00,15394,70.0,http://www.camara.leg.br/cota-parlamentar/nota-fiscal-eletronica?ideDocumentoFiscal=7748210,LA BOCA HAMBURGUERIA LTDA,38125626000105,70.0,0.0,,2046044,0,Prof. Reginaldo Veras
2024,6,FORNECIMENTO DE ALIMENTAÇÃO DO PARLAMENTAR,7746544,Nota Fiscal Eletrônica,4,2024-06-02T00:00:00,26,220.0,http://www.camara.leg.br/cota-parlamentar/nota-fiscal-eletronica?ideDocumentoFiscal=7746544,M C DE LIMA LTDA,30931831000148,220.0,0.0,,2045149,0,Prof. Reginaldo Veras
2024,4,FORNECIMENTO DE ALIMENTAÇÃO DO PARLAMENTAR,7723821,Nota Fiscal Eletrônica,4,2024-04-18T00:00:00,140963,193.49,http://www.camara.leg.br/cota-parlamentar/nota-fiscal-eletronica?ideDocumentoFiscal=7723821,MILTO FERREIRA VAZ ME,10912875000113,175.9,17.59,,2032897,0,Prof. Reginaldo Veras
2024,5,FORNECIMENTO DE ALIMENTAÇÃO DO PARLAMENTAR,7739897,Nota Fiscal Eletrônica,4,2024-05-10T00:00:00,141606,107.66,http://www.camara.leg.br/cota-parlamentar/nota-fiscal-eletronica?ideDocumentoFiscal=7739897,MILTO FERREIRA VAZ ME,10912875000113,97.88,9.78,,2041743,0,Prof. Reginaldo Veras
2024,5,FORNECIMENTO DE ALIMENTAÇÃO DO PARLAMENTAR,7740619,Nota Fiscal Eletrônica,4,2024-05-20T00:00:00,141944,74.14,http://www.camara.leg.br/cota-parlamentar/nota-fiscal-eletronica?ideDocumentoFiscal=7740619,MILTO FERREIRA VAZ ME,10912875000113,72.9,1.24,,2042097,0,Prof. Reginaldo Veras
2024,6,FORNECIMENTO DE ALIMENTAÇÃO DO PARLAMENTAR,7763353,Nota Fiscal Eletrônica,4,2024-06-25T00:00:00,143049,216.26,http://www.camara.leg.br/cota-parlamentar/nota-fiscal-eletronica?ideDocumentoFiscal=7763353,MILTO FERREIRA VAZ ME,10912875000113,196.6,19.66,,2053916,0,Prof. Reginaldo Veras
2024,9,FORNECIMENTO DE ALIMENTAÇÃO DO PARLAMENTAR,7803186,Nota Fiscal Eletrônica,4,2024-09-11T00:00:00,148428,71.47,http://www.camara.leg.br/cota-parlamentar/nota-fiscal-eletronica?ideDocumentoFiscal=7803186,MILTO FERREIRA VAZ ME,10912875000113,70.48,0.99,,2074048,0,Prof. Reginaldo Veras
2024,3,FORNECIMENTO DE ALIMENTAÇÃO DO PARLAMENTAR,7702255,Nota Fiscal Eletrônica,4,2024-03-08T00:00:00,43729,113.3,http://www.camara.leg.br/cota-parlamentar/nota-fiscal-eletronica?ideDocumentoFiscal=7702255,MORAIS & MAGALHAES BAR E RESTAURANTE LTDA,19156951000182,103.0,10.3,,2021435,0,Prof. Reginaldo Veras
2024,7,FORNECIMENTO DE ALIMENTAÇÃO DO PARLAMENTAR,7786897,Nota Fiscal Eletrônica,4,2024-07-24T00:00:00,100063,45.5,http://www.camara.leg.br/cota-parlamentar/nota-fiscal-eletronica?ideDocumentoFiscal=7786897,Olh Foods Alimentos Ltda,20320631000790,45.5,0.0,,2065669,0,Prof. Reginaldo Veras
2024,4,FORNECIMENTO DE ALIMENTAÇÃO DO PARLAMENTAR,7721120,Nota Fiscal Eletrônica,4,2024-04-14T00:00:00,47156,142.24,http://www.camara.leg.br/cota-parlamentar/nota-fiscal-eletronica?ideDocumentoFiscal=7721120,OLINDA (TAGUATINGA),33746963000198,127.0,15.24,,2031533,0,Prof. Reginaldo Veras
2024,2,FORNECIMENTO DE ALIMENTAÇÃO DO PARLAMENTAR,7693457,Nota Fiscal Eletrônica,4,2024-02-22T00:00:00,32722,34.3,http://www.camara.leg.br/cota-parlamentar/nota-fiscal-eletronica?ideDocumentoFiscal=7693457,PAMONHA CAIPIRA Shopping,08435138000125,34.3,0.0,,2016522,0,Prof. Reginaldo Veras
2024,10,FORNECIMENTO DE ALIMENTAÇÃO DO PARLAMENTAR,7818938,Nota Fiscal Eletrônica,4,2024-10-05T00:00:00,850,104.16,http://www.camara.leg.br/cota-parlamentar/nota-fiscal-eletronica?ideDocumentoFiscal=7818938,PANIFICACAO RIO PARANA LTDA,33280306000106,93.0,11.16,,2082913,0,Prof. Reginaldo Veras
2024,1,FORNECIMENTO DE ALIMENTAÇÃO DO PARLAMENTAR,7689441,Nota Fiscal Eletrônica,4,2024-01-27T00:00:00,542030,25.89,http://www.camara.leg.br/cota-parlamentar/nota-fiscal-eletronica?ideDocumentoFiscal=7689441,PANNABREAD PAES E DELICIAS EIRELI,30273678000109,25.89,0.0,,2014374,0,Prof. Reginaldo Veras
2024,7,FORNECIMENTO DE ALIMENTAÇÃO DO PARLAMENTAR,7775218,Nota Fiscal Eletrônica,4,2024-07-22T00:00:00,203807,154.0,http://www.camara.leg.br/cota-parlamentar/nota-fiscal-eletronica?ideDocumentoFiscal=7775218,PARMEGIANNO IATE CLUB EIRELI,21583852000129,140.0,14.0,,2060016,0,Prof. Reginaldo Veras
2024,5,FORNECIMENTO DE ALIMENTAÇÃO DO PARLAMENTAR,7740504,Nota Fiscal Eletrônica,4,2024-05-09T00:00:00,570,150.66,http://www.camara.leg.br/cota-parlamentar/nota-fiscal-eletronica?ideDocumentoFiscal=7740504,Q V M BAR E RESTAURANTE EIRELI,53988991000129,150.66,0.0,,2042097,0,Prof. Reginaldo Veras
2024,5,FORNECIMENTO DE ALIMENTAÇÃO DO PARLAMENTAR,7743488,Nota Fiscal Eletrônica,4,2024-05-23T00:00:00,700,180.91,http://www.camara.leg.br/cota-parlamentar/nota-fiscal-eletronica?ideDocumentoFiscal=7743488,Q V M BAR E RESTAURANTE EIRELI,53988991000129,180.91,0.0,,2043510,0,Prof. Reginaldo Veras
2024,4,FORNECIMENTO DE ALIMENTAÇÃO DO PARLAMENTAR,7721156,Nota Fiscal Eletrônica,4,2024-04-15T00:00:00,5019,40.5,http://www.camara.leg.br/cota-parlamentar/nota-fiscal-eletronica?ideDocumentoFiscal=7721156,R E R BAR EIRELI ME,13172406000101,40.5,0.0,,2031533,0,Prof. Reginaldo Veras
2024,4,FORNECIMENTO DE ALIMENTAÇÃO DO PARLAMENTAR,7723807,Nota Fiscal Eletrônica,4,2024-04-20T00:00:00,5038,58.0,http://www.camara.leg.br/cota-parlamentar/nota-fiscal-eletronica?ideDocumentoFiscal=7723807,R E R BAR EIRELI ME,13172406000101,58.0,0.0,,2032897,0,Prof. Reginaldo Veras
2024,5,FORNECIMENTO DE ALIMENTAÇÃO DO PARLAMENTAR,7743443,Nota Fiscal Eletrônica,4,2024-05-23T00:00:00,5141,71.4,http://www.camara.leg.br/cota-parlamentar/nota-fiscal-eletronica?ideDocumentoFiscal=7743443,R E R BAR EIRELI ME,13172406000101,71.4,0.0,,2043510,0,Prof. Reginaldo Veras
2024,6,FORNECIMENTO DE ALIMENTAÇÃO DO PARLAMENTAR,7755667,Nota Fiscal Eletrônica,4,2024-06-12T00:00:00,5201,100.0,http://www.camara.leg.br/cota-parlamentar/nota-fiscal-eletronica?ideDocumentoFiscal=7755667,R E R BAR EIRELI ME,13172406000101,100.0,0.0,,2050074,0,Prof. Reginaldo Veras
2024,6,FORNECIMENTO DE ALIMENTAÇÃO DO PARLAMENTAR,7763314,Nota Fiscal Eletrônica,4,2024-06-29T00:00:00,5250,54.0,http://www.camara.leg.br/cota-parlamentar/nota-fiscal-eletronica?ideDocumentoFiscal=7763314,R E R BAR EIRELI ME,13172406000101,54.0,0.0,,2053916,0,Prof. Reginaldo Veras
2024,7,FORNECIMENTO DE ALIMENTAÇÃO DO PARLAMENTAR,7775212,Nota Fiscal Eletrônica,4,2024-07-16T00:00:00,5306,67.0,http://www.camara.leg.br/cota-parlamentar/nota-fiscal-eletronica?ideDocumentoFiscal=7775212,R E R BAR EIRELI ME,13172406000101,67.0,0.0,,2060016,0,Prof. Reginaldo Veras
2024,8,FORNECIMENTO DE ALIMENTAÇÃO DO PARLAMENTAR,7792198,Nota Fiscal Eletrônica,4,2024-08-15T00:00:00,5396,80.0,http://www.camara.leg.br/cota-parlamentar/nota-fiscal-eletronica?ideDocumentoFiscal=7792198,R E R BAR EIRELI ME,13172406000101,80.0,0.0,,2068409,0,Prof. Reginaldo Veras
2024,10,FORNECIMENTO DE ALIMENTAÇÃO DO PARLAMENTAR,7818932,Nota Fiscal Eletrônica,4,2024-10-03T00:00:00,5562,54.0,http://www.camara.leg.br/cota-parlamentar/nota-fiscal-eletronica?ideDocumentoFiscal=7818932,R E R BAR EIRELI ME,13172406000101,54.0,0.0,,2082913,0,Prof. Reginaldo Veras
2024,1,FORNECIMENTO DE ALIMENTAÇÃO DO PARLAMENTAR,7689361,Nota Fiscal Eletrônica,4,2024-01-16T00:00:00,2631,62.0,http://www.camara.leg.br/cota-parlamentar/nota-fiscal-eletronica?ideDocumentoFiscal=7689361,RAMOS PAIVA DISTRIBUIDORA DE ALIMENTOS E RESTAURANTES LTDA,31627324000188,62.0,0.0,,2014374,0,Prof. Reginaldo Veras
2024,3,FORNECIMENTO DE ALIMENTAÇÃO DO PARLAMENTAR,7708629,Nota Fiscal Eletrônica,4,2024-03-15T00:00:00,2761,107.0,http://www.camara.leg.br/cota-parlamentar/nota-fiscal-eletronica?ideDocumentoFiscal=7708629,RAMOS PAIVA DISTRIBUIDORA DE ALIMENTOS E RESTAURANTES LTDA,31627324000188,107.0,0.0,,2024833,0,Prof. Reginaldo Veras
2024,6,FORNECIMENTO DE ALIMENTAÇÃO DO PARLAMENTAR,7755737,Nota Fiscal Eletrônica,4,2024-06-14T00:00:00,2949,194.64,http://www.camara.leg.br/cota-parlamentar/nota-fiscal-eletronica?ideDocumentoFiscal=7755737,RAMOS PAIVA DISTRIBUIDORA DE ALIMENTOS E RESTAURANTES LTDA,31627324000188,193.82,0.82,,2050074,0,Prof. Reginaldo Veras
2024,9,FORNECIMENTO DE ALIMENTAÇÃO DO PARLAMENTAR,7818950,Nota Fiscal Eletrônica,4,2024-09-26T00:00:00,3169,186.14,http://www.camara.leg.br/cota-parlamentar/nota-fiscal-eletronica?ideDocumentoFiscal=7818950,RAMOS PAIVA DISTRIBUIDORA DE ALIMENTOS E RESTAURANTES LTDA,31627324000188,185.57,0.57,,2082910,0,Prof. Reginaldo Veras
2024,5,FORNECIMENTO DE ALIMENTAÇÃO DO PARLAMENTAR,7739884,Nota Fiscal Eletrônica,4,2024-05-11T00:00:00,8439,125.0,http://www.camara.leg.br/cota-parlamentar/nota-fiscal-eletronica?ideDocumentoFiscal=7739884,RECANTO DA TILAPIA,29088210000165,125.0,0.0,,2041743,0,Prof. Reginaldo Veras
2024,5,FORNECIMENTO DE ALIMENTAÇÃO DO PARLAMENTAR,7739892,Nota Fiscal Eletrônica,4,2024-05-14T00:00:00,40170,130.0,http://www.camara.leg.br/cota-parlamentar/nota-fiscal-eletronica?ideDocumentoFiscal=7739892,RESTAURANTE BRASEIRO LTDA,45387199000190,130.0,0.0,,2041743,0,Prof. Reginaldo Veras
2024,5,FORNECIMENTO DE ALIMENTAÇÃO DO PARLAMENTAR,7743477,Nota Fiscal Eletrônica,4,2024-05-27T00:00:00,40403,120.0,http://www.camara.leg.br/cota-parlamentar/nota-fiscal-eletronica?ideDocumentoFiscal=7743477,RESTAURANTE BRASEIRO LTDA,45387199000190,120.0,0.0,,2043510,0,Prof. Reginaldo Veras
2024,6,FORNECIMENTO DE ALIMENTAÇÃO DO PARLAMENTAR,7748205,Nota Fiscal Eletrônica,4,2024-06-05T00:00:00,40532,170.0,http://www.camara.leg.br/cota-parlamentar/nota-fiscal-eletronica?ideDocumentoFiscal=7748205,RESTAURANTE BRASEIRO LTDA,45387199000190,170.0,0.0,,2046044,0,Prof. Reginaldo Veras
2024,6,FORNECIMENTO DE ALIMENTAÇÃO DO PARLAMENTAR,7763373,Nota Fiscal Eletrônica,4,2024-06-19T00:00:00,40696,115.0,http://www.camara.leg.br/cota-parlamentar/nota-fiscal-eletronica?ideDocumentoFiscal=7763373,RESTAURANTE BRASEIRO LTDA,45387199000190,115.0,0.0,,2053916,0,Prof. Reginaldo Veras
2024,7,FORNECIMENTO DE ALIMENTAÇÃO DO PARLAMENTAR,7763427,Nota Fiscal Eletrônica,4,2024-07-02T00:00:00,40848,97.0,http://www.camara.leg.br/cota-parlamentar/nota-fiscal-eletronica?ideDocumentoFiscal=7763427,RESTAURANTE BRASEIRO LTDA,45387199000190,97.0,0.0,,2053940,0,Prof. Reginaldo Veras
2024,8,FORNECIMENTO DE ALIMENTAÇÃO DO PARLAMENTAR,7792216,Nota Fiscal Eletrônica,4,2024-08-22T00:00:00,41526,60.0,http://www.camara.leg.br/cota-parlamentar/nota-fiscal-eletronica?ideDocumentoFiscal=7792216,RESTAURANTE BRASEIRO LTDA,45387199000190,60.0,0.0,,2068409,0,Prof. Reginaldo Veras
2024,8,FORNECIMENTO DE ALIMENTAÇÃO DO PARLAMENTAR,7792203,Nota Fiscal Eletrônica,4,2024-08-27T00:00:00,41603,46.0,http://www.camara.leg.br/cota-parlamentar/nota-fiscal-eletronica?ideDocumentoFiscal=7792203,RESTAURANTE BRASEIRO LTDA,45387199000190,46.0,0.0,,2068409,0,Prof. Reginaldo Veras
2024,9,FORNECIMENTO DE ALIMENTAÇÃO DO PARLAMENTAR,7803184,Nota Fiscal Eletrônica,4,2024-09-17T00:00:00,41866,186.0,http://www.camara.leg.br/cota-parlamentar/nota-fiscal-eletronica?ideDocumentoFiscal=7803184,RESTAURANTE BRASEIRO LTDA,45387199000190,186.0,0.0,,2074048,0,Prof. Reginaldo Veras
2024,10,FORNECIMENTO DE ALIMENTAÇÃO DO PARLAMENTAR,7829436,Nota Fiscal Eletrônica,4,2024-10-24T00:00:00,42347,57.0,http://www.camara.leg.br/cota-parlamentar/nota-fiscal-eletronica?ideDocumentoFiscal=7829436,RESTAURANTE BRASEIRO LTDA,45387199000190,57.0,0.0,,2090158,0,Prof. Reginaldo Veras
2024,11,FORNECIMENTO DE ALIMENTAÇÃO DO PARLAMENTAR,7829357,Nota Fiscal Eletrônica,4,2024-11-05T00:00:00,42513,114.0,http://www.camara.leg.br/cota-parlamentar/nota-fiscal-eletronica?ideDocumentoFiscal=7829357,RESTAURANTE BRASEIRO LTDA,45387199000190,114.0,0.0,,2090160,0,Prof. Reginaldo Veras
2024,11,FORNECIMENTO DE ALIMENTAÇÃO DO PARLAMENTAR,7829366,Nota Fiscal Eletrônica,4,2024-11-12T00:00:00,42619,112.0,http://www.camara.leg.br/cota-parlamentar/nota-fiscal-eletronica?ideDocumentoFiscal=7829366,RESTAURANTE BRASEIRO LTDA,45387199000190,112.0,0.0,,2090160,0,Prof. Reginaldo Veras
2024,10,FORNECIMENTO DE ALIMENTAÇÃO DO PARLAMENTAR,7818939,Nota Fiscal Eletrônica,4,2024-10-08T00:00:00,1734,124.0,http://www.camara.leg.br/cota-parlamentar/nota-fiscal-eletronica?ideDocumentoFiscal=7818939,RESTAURANTE E PIZZARIA FOGAO CAIPIRA LTDA,49422198000190,124.0,0.0,,2082913,0,Prof. Reginaldo Veras
2024,10,FORNECIMENTO DE ALIMENTAÇÃO DO PARLAMENTAR,7829426,Nota Fiscal Eletrônica,4,2024-10-30T00:00:00,2075,67.87,http://www.camara.leg.br/cota-parlamentar/nota-fiscal-eletronica?ideDocumentoFiscal=7829426,RESTAURANTE GALETERIA SERRA GAUCHA,53272748000100,61.7,6.17,,2090158,0,Prof. Reginaldo Veras
2024,3,FORNECIMENTO DE ALIMENTAÇÃO DO PARLAMENTAR,7698166,Nota Fiscal Eletrônica,4,2024-03-01T00:00:00,328793,119.59,http://www.camara.leg.br/cota-parlamentar/nota-fiscal-eletronica?ideDocumentoFiscal=7698166,RESTAURANTE MANATI LTDA - EPP,19217550000195,118.01,1.58,,2019200,0,Prof. Reginaldo Veras
2024,8,FORNECIMENTO DE ALIMENTAÇÃO DO PARLAMENTAR,7786618,Nota Fiscal Eletrônica,4,2024-08-12T00:00:00,360952,74.63,http://www.camara.leg.br/cota-parlamentar/nota-fiscal-eletronica?ideDocumentoFiscal=7786618,RESTAURANTE MANATI LTDA - EPP,19217550000195,73.64,0.99,,2065668,0,Prof. Reginaldo Veras
2024,8,FORNECIMENTO DE ALIMENTAÇÃO DO PARLAMENTAR,7792194,Nota Fiscal Eletrônica,4,2024-08-26T00:00:00,363779,63.64,http://www.camara.leg.br/cota-parlamentar/nota-fiscal-eletronica?ideDocumentoFiscal=7792194,RESTAURANTE MANATI LTDA - EPP,19217550000195,62.65,0.99,,2068408,0,Prof. Reginaldo Veras
2024,4,FORNECIMENTO DE ALIMENTAÇÃO DO PARLAMENTAR,7721129,Nota Fiscal Eletrônica,4,2024-04-11T00:00:00,559905,60.44,http://www.camara.leg.br/cota-parlamentar/nota-fiscal-eletronica?ideDocumentoFiscal=7721129,ROBERTO DE SOUZA SANTOS,00934922000176,54.95,5.49,,2031533,0,Prof. Reginaldo Veras
2024,9,FORNECIMENTO DE ALIMENTAÇÃO DO PARLAMENTAR,7804316,Nota Fiscal Eletrônica,4,2024-09-17T00:00:00,625089,32.89,http://www.camara.leg.br/cota-parlamentar/nota-fiscal-eletronica?ideDocumentoFiscal=7804316,ROBERTO DE SOUZA SANTOS,00934922000176,29.9,2.99,,2074634,0,Prof. Reginaldo Veras
2024,12,FORNECIMENTO DE ALIMENTAÇÃO DO PARLAMENTAR,7839088,Nota Fiscal Eletrônica,4,2024-12-01T00:00:00,657218,181.39,http://www.camara.leg.br/cota-parlamentar/nota-fiscal-eletronica?ideDocumentoFiscal=7839088,ROBERTO DE SOUZA SANTOS,00934922000176,164.9,16.49,,2093744,0,Prof. Reginaldo Veras
2024,7,FORNECIMENTO DE ALIMENTAÇÃO DO PARLAMENTAR,7768187,Nota Fiscal Eletrônica,4,2024-07-06T00:00:00,55924,118.58,http://www.camara.leg.br/cota-parlamentar/nota-fiscal-eletronica?ideDocumentoFiscal=7768187,RODRIGUES E LIMA BAR E RESTAURANTE LTDA - ME,10502909000100,107.8,10.78,,2056507,0,Prof. Reginaldo Veras
2024,6,FORNECIMENTO DE ALIMENTAÇÃO DO PARLAMENTAR,7763306,Nota Fiscal Eletrônica,4,2024-06-30T00:00:00,12567,24.0,http://www.camara.leg.br/cota-parlamentar/nota-fiscal-eletronica?ideDocumentoFiscal=7763306,RONALDO DA SILVA MACEDO ME,12224619000169,24.0,0.0,,2053916,0,Prof. Reginaldo Veras
2024,10,FORNECIMENTO DE ALIMENTAÇÃO DO PARLAMENTAR,7818928,Nota Fiscal Eletrônica,4,2024-10-17T00:00:00,7511,43.0,http://www.camara.leg.br/cota-parlamentar/nota-fiscal-eletronica?ideDocumentoFiscal=7818928,S A PAIVA E CIA RESTAURANTE E CERVEJARIA LTDA,18091906000124,43.0,0.0,,2082913,0,Prof. Reginaldo Veras
2024,7,FORNECIMENTO DE ALIMENTAÇÃO DO PARLAMENTAR,7775217,Nota Fiscal Eletrônica,4,2024-07-24T00:00:00,24519,124.9,http://www.camara.leg.br/cota-parlamentar/nota-fiscal-eletronica?ideDocumentoFiscal=7775217,SOUZA & SOUTO ALIMENTOS E BEBIDAS LTDA,40970440000196,124.9,0.0,,2060016,0,Prof. Reginaldo Veras
2024,7,FORNECIMENTO DE ALIMENTAÇÃO DO PARLAMENTAR,7786892,Nota Fiscal Eletrônica,4,2024-07-19T00:00:00,64854,68.97,http://www.camara.leg.br/cota-parlamentar/nota-fiscal-eletronica?ideDocumentoFiscal=7786892,SUSHI GOURMET AGUAS CLARAS,39263427000541,68.97,0.0,,2065664,0,Prof. Reginaldo Veras
2024,6,FORNECIMENTO DE ALIMENTAÇÃO DO PARLAMENTAR,7755655,Nota Fiscal Eletrônica,4,2024-06-11T00:00:00,115522,66.0,http://www.camara.leg.br/cota-parlamentar/nota-fiscal-eletronica?ideDocumentoFiscal=7755655,TAIOBA SELF-SERVICE LTDA EPP,03346671001330,66.0,0.0,,2050074,0,Prof. Reginaldo Veras
2024,7,FORNECIMENTO DE ALIMENTAÇÃO DO PARLAMENTAR,7764725,Nota Fiscal Eletrônica,4,2024-07-03T00:00:00,137616,58.43,http://www.camara.leg.br/cota-parlamentar/nota-fiscal-eletronica?ideDocumentoFiscal=7764725,TAIOBA SELF-SERVICE LTDA EPP,03346671001330,58.43,0.0,,2056292,0,Prof. Reginaldo Veras
2024,3,FORNECIMENTO DE ALIMENTAÇÃO DO PARLAMENTAR,7698168,Nota Fiscal Eletrônica,4,2024-03-05T00:00:00,15393,61.09,http://www.camara.leg.br/cota-parlamentar/nota-fiscal-eletronica?ideDocumentoFiscal=7698168,TAIOBA SELF-SERVICE LTDA EPP,03346671001330,61.09,0.0,,2019200,0,Prof. Reginaldo Veras
2024,3,FORNECIMENTO DE ALIMENTAÇÃO DO PARLAMENTAR,7702256,Nota Fiscal Eletrônica,4,2024-03-12T00:00:00,23664,46.29,http://www.camara.leg.br/cota-parlamentar/nota-fiscal-eletronica?ideDocumentoFiscal=7702256,TAIOBA SELF-SERVICE LTDA EPP,03346671001330,46.29,0.0,,2021435,0,Prof. Reginaldo Veras
2024,4,FORNECIMENTO DE ALIMENTAÇÃO DO PARLAMENTAR,7716267,Nota Fiscal Eletrônica,4,2024-04-09T00:00:00,52856,51.13,http://www.camara.leg.br/cota-parlamentar/nota-fiscal-eletronica?ideDocumentoFiscal=7716267,TAIOBA SELF-SERVICE LTDA EPP,03346671001330,51.13,0.0,,2028967,0,Prof. Reginaldo Veras
2024,5,FORNECIMENTO DE ALIMENTAÇÃO DO PARLAMENTAR,7740507,Nota Fiscal Eletrônica,4,2024-05-08T00:00:00,83297,31.91,http://www.camara.leg.br/cota-parlamentar/nota-fiscal-eletronica?ideDocumentoFiscal=7740507,TAIOBA SELF-SERVICE LTDA EPP,03346671001330,31.91,0.0,,2042097,0,Prof. Reginaldo Veras
2024,6,FORNECIMENTO DE ALIMENTAÇÃO DO PARLAMENTAR,7763358,Nota Fiscal Eletrônica,4,2024-06-24T00:00:00,4461,45.0,http://www.camara.leg.br/cota-parlamentar/nota-fiscal-eletronica?ideDocumentoFiscal=7763358,VALDECI APARECIDA DE SOUSA RODRIGUES ME,38062212000176,45.0,0.0,,2053916,0,Prof. Reginaldo Veras
2024,5,FORNECIMENTO DE ALIMENTAÇÃO DO PARLAMENTAR,7739887,Nota Fiscal Eletrônica,4,2024-05-11T00:00:00,16661,177.98,http://www.camara.leg.br/cota-parlamentar/nota-fiscal-eletronica?ideDocumentoFiscal=7739887,VILA RICA RESTAURANTES LTDA,40010149000680,159.8,18.18,,2041743,0,Prof. Reginaldo Veras
2024,5,FORNECIMENTO DE ALIMENTAÇÃO DO PARLAMENTAR,7740638,Nota Fiscal Eletrônica,4,2024-05-18T00:00:00,147519,183.0,http://www.camara.leg.br/cota-parlamentar/nota-fiscal-eletronica?ideDocumentoFiscal=7740638,W M PIZZARIA E COMERCIO DE ALIMENTOS LTDA- ME,05704376000109,183.0,0.0,,2042097,0,Prof. Reginaldo Veras
2024,9,FORNECIMENTO DE ALIMENTAÇÃO DO PARLAMENTAR,7803193,Nota Fiscal Eletrônica,4,2024-09-05T00:00:00,156194,93.39,http://www.camara.leg.br/cota-parlamentar/nota-fiscal-eletronica?ideDocumentoFiscal=7803193,W M PIZZARIA E COMERCIO DE ALIMENTOS LTDA- ME,05704376000109,84.9,8.49,,2074048,0,Prof. Reginaldo Veras
2024,3,LOCAÇÃO OU FRETAMENTO DE VEÍCULOS AUTOMOTORES,7708754,Recibos/Outros,1,2024-03-25T00:00:00,03/2024,2929.2,https://www.camara.leg.br/cota-parlamentar/documentos/publ/3667/2024/7708754.pdf,MOVIDA LOCAÇÃO DE VEÍCULOS S.A.,07976147025821,2929.2,0.0,,2024881,0,Prof. Reginaldo Veras
2024,1,LOCAÇÃO OU FRETAMENTO DE VEÍCULOS AUTOMOTORES,7678491,Recibos/Outros,1,2024-01-31T00:00:00,S/N,2929.2,https://www.camara.leg.br/cota-parlamentar/documentos/publ/3667/2024/7678491.pdf,MOVIDA LOCAÇÃO DE VEÍCULOS S.A.,07976147025821,2929.2,0.0,,2007845,0,Prof. Reginaldo Veras
2024,2,LOCAÇÃO OU FRETAMENTO DE VEÍCULOS AUTOMOTORES,7693422,Recibos/Outros,1,2024-02-28T00:00:00,s/n,2929.2,https://www.camara.leg.br/cota-parlamentar/documentos/publ/3667/2024/7693422.pdf,MOVIDA LOCAÇÃO DE VEÍCULOS S.A.,07976147025821,2929.2,0.0,,2016521,0,Prof. Reginaldo Veras
2024,6,LOCAÇÃO OU FRETAMENTO DE VEÍCULOS AUTOMOTORES,7763172,Recibos/Outros,1,2024-06-12T00:00:00,S/N,2929.2,https://www.camara.leg.br/cota-parlamentar/documentos/publ/3667/2024/7763172.pdf,MOVIDA LOCAÇÃO DE VEÍCULOS S.A.,07976147025821,2929.2,0.0,,2053914,0,Prof. Reginaldo Veras
2024,7,LOCAÇÃO OU FRETAMENTO DE VEÍCULOS AUTOMOTORES,7786610,Recibos/Outros,1,2024-08-08T00:00:00,S/N,2929.2,https://www.camara.leg.br/cota-parlamentar/documentos/publ/3667/2024/7786610.pdf,MOVIDA LOCAÇÃO DE VEÍCULOS S.A.,07976147025821,2929.2,0.0,,2065682,0,Prof. Reginaldo Veras
2024,8,LOCAÇÃO OU FRETAMENTO DE VEÍCULOS AUTOMOTORES,7790416,Recibos/Outros,1,2024-08-09T00:00:00,S/N,2929.2,https://www.camara.leg.br/cota-parlamentar/documentos/publ/3667/2024/7790416.pdf,MOVIDA LOCAÇÃO DE VEÍCULOS S.A.,07976147025821,2929.2,0.0,,2067496,0,Prof. Reginaldo Veras
2024,4,LOCAÇÃO OU FRETAMENTO DE VEÍCULOS AUTOMOTORES,7728616,Recibos/Outros,1,2024-04-24T00:00:00,s/nº,2929.2,https://www.camara.leg.br/cota-parlamentar/documentos/publ/3667/2024/7728616.pdf,MOVIDA LOCAÇÃO DE VEÍCULOS S.A.,07976147025821,2929.2,0.0,,2035448,0,Prof. Reginaldo Veras
2024,5,LOCAÇÃO OU FRETAMENTO DE VEÍCULOS AUTOMOTORES,7752478,Recibos/Outros,1,2024-06-01T00:00:00,S/Nº,2929.2,https://www.camara.leg.br/cota-parlamentar/documentos/publ/3667/2024/7752478.pdf,MOVIDA LOCAÇÃO DE VEÍCULOS S.A.,07976147025821,2929.2,0.0,,2048440,0,Prof. Reginaldo Veras
2024,10,LOCAÇÃO OU FRETAMENTO DE VEÍCULOS AUTOMOTORES,7821048,Recibos/Outros,1,2024-10-21T00:00:00,000009,4800.0,https://www.camara.leg.br/cota-parlamentar/documentos/publ/3667/2024/7821048.pdf,SUPREMA MOBILIDADE LTDA,24894397000170,4800.0,0.0,,2083954,0,Prof. Reginaldo Veras
2024,11,LOCAÇÃO OU FRETAMENTO DE VEÍCULOS AUTOMOTORES,7833466,Recibos/Outros,1,2024-11-21T00:00:00,000051,5500.0,https://www.camara.leg.br/cota-parlamentar/documentos/publ/3667/2024/7833466.pdf,SUPREMA MOBILIDADE LTDA,24894397000170,5500.0,0.0,,2090689,0,Prof. Reginaldo Veras
2024,11,LOCAÇÃO OU FRETAMENTO DE VEÍCULOS AUTOMOTORES,7839032,Recibos/Outros,1,2024-11-29T00:00:00,000061,4800.0,https://www.camara.leg.br/cota-parlamentar/documentos/publ/3667/2024/7839032.pdf,SUPREMA MOBILIDADE LTDA,24894397000170,4800.0,0.0,,2093735,0,Prof. Reginaldo Veras
2024,1,LOCAÇÃO OU FRETAMENTO DE VEÍCULOS AUTOMOTORES,7678513,Recibos/Outros,1,2024-01-23T00:00:00,000208,4500.0,https://www.camara.leg.br/cota-parlamentar/documentos/publ/3667/2024/7678513.pdf,SUPREMA MOBILIDADE LTDA,24894397000170,4500.0,0.0,,2007854,0,Prof. Reginaldo Veras
2024,2,LOCAÇÃO OU FRETAMENTO DE VEÍCULOS AUTOMOTORES,7702136,Recibos/Outros,1,2024-02-23T00:00:00,000290,4800.0,https://www.camara.leg.br/cota-parlamentar/documentos/publ/3667/2024/7702136.pdf,SUPREMA MOBILIDADE LTDA,24894397000170,4800.0,0.0,,2021433,0,Prof. Reginaldo Veras
2024,3,LOCAÇÃO OU FRETAMENTO DE VEÍCULOS AUTOMOTORES,7709040,Recibos/Outros,1,2024-03-26T00:00:00,000339,4800.0,https://www.camara.leg.br/cota-parlamentar/documentos/publ/3667/2024/7709040.pdf,SUPREMA MOBILIDADE LTDA,24894397000170,4800.0,0.0,,2025023,0,Prof. Reginaldo Veras
2024,4,LOCAÇÃO OU FRETAMENTO DE VEÍCULOS AUTOMOTORES,7754216,Recibos/Outros,1,2024-06-12T00:00:00,000396,4800.0,https://www.camara.leg.br/cota-parlamentar/documentos/publ/3667/2024/7754216.pdf,SUPREMA MOBILIDADE LTDA,24894397000170,4800.0,0.0,,2049360,0,Prof. Reginaldo Veras
2024,6,LOCAÇÃO OU FRETAMENTO DE VEÍCULOS AUTOMOTORES,7768038,Recibos/Outros,1,2024-06-21T00:00:00,000478,4800.0,https://www.camara.leg.br/cota-parlamentar/documentos/publ/3667/2024/7768038.pdf,SUPREMA MOBILIDADE LTDA,24894397000170,4800.0,0.0,,2056449,0,Prof. Reginaldo Veras
2024,7,LOCAÇÃO OU FRETAMENTO DE VEÍCULOS AUTOMOTORES,7792166,Recibos/Outros,1,2024-08-26T00:00:00,000527,4800.0,https://www.camara.leg.br/cota-parlamentar/documentos/publ/3667/2024/7792166.pdf,SUPREMA MOBILIDADE LTDA,24894397000170,4800.0,0.0,,2068420,0,Prof. Reginaldo Veras
2024,8,LOCAÇÃO OU FRETAMENTO DE VEÍCULOS AUTOMOTORES,7792171,Recibos/Outros,1,2024-08-26T00:00:00,000528,4800.0,https://www.camara.leg.br/cota-parlamentar/documentos/publ/3667/2024/7792171.pdf,SUPREMA MOBILIDADE LTDA,24894397000170,4800.0,0.0,,2068407,0,Prof. Reginaldo Veras
2024,9,LOCAÇÃO OU FRETAMENTO DE VEÍCULOS AUTOMOTORES,7807913,Recibos/Outros,1,2024-09-24T00:00:00,000578,4800.0,https://www.camara.leg.br/cota-parlamentar/documentos/publ/3667/2024/7807913.pdf,SUPREMA MOBILIDADE LTDA,24894397000170,4800.0,0.0,,2076567,0,Prof. Reginaldo Veras
2024,10,LOCAÇÃO OU FRETAMENTO DE VEÍCULOS AUTOMOTORES,7818918,Recibos/Outros,1,2024-10-21T00:00:00,000605,5500.0,https://www.camara.leg.br/cota-parlamentar/documentos/publ/3667/2024/7818918.pdf,SUPREMA MOBILIDADE LTDA,24894397000170,5500.0,0.0,,2082911,0,Prof. Reginaldo Veras
2024,5,LOCAÇÃO OU FRETAMENTO DE VEÍCULOS AUTOMOTORES,7743403,Recibos/Outros,1,2024-05-25T00:00:00,404,4800.0,https://www.camara.leg.br/cota-parlamentar/documentos/publ/3667/2024/7743403.pdf,SUPREMA MOBILIDADE LTDA,24894397000170,4800.0,0.0,,2043513,0,Prof. Reginaldo Veras
2024,9,LOCAÇÃO OU FRETAMENTO DE VEÍCULOS AUTOMOTORES,7818431,Recibos/Outros,1,2024-09-20T00:00:00,576,5500.0,https://www.camara.leg.br/cota-parlamentar/documentos/publ/3667/2024/7818431.pdf,SUPREMA MOBILIDADE LTDA,24894397000170,5500.0,0.0,,2082575,0,Prof. Reginaldo Veras
2024,1,MANUTENÇÃO DE ESCRITÓRIO DE APOIO À ATIVIDADE PARLAMENTAR,7673783,Nota Fiscal,0,2024-01-15T00:00:00,200,3000.0,https://www.camara.leg.br/cota-parlamentar/documentos/publ/3710/2024/7673783.pdf,5 INSTITUTO TECNOLOGICO- SOCIEDADE CIVIL DE PROFISSIONAIS DE,27685014000142,3000.0,0.0,,2005287,0,Rafael Prudente
2024,2,MANUTENÇÃO DE ESCRITÓRIO DE APOIO À ATIVIDADE PARLAMENTAR,7688006,Nota Fiscal,0,2024-02-18T00:00:00,212,3000.0,https://www.camara.leg.br/cota-parlamentar/documentos/publ/3710/2024/7688006.pdf,5 INSTITUTO TECNOLOGICO- SOCIEDADE CIVIL DE PROFISSIONAIS DE,27685014000142,3000.0,0.0,,2013625,0,Rafael Prudente
2024,3,MANUTENÇÃO DE ESCRITÓRIO DE APOIO À ATIVIDADE PARLAMENTAR,7707176,Nota Fiscal,0,2024-03-21T00:00:00,222,3000.0,https://www.camara.leg.br/cota-parlamentar/documentos/publ/3710/2024/7707176.pdf,5 INSTITUTO TECNOLOGICO- SOCIEDADE CIVIL DE PROFISSIONAIS DE,27685014000142,3000.0,0.0,,2024033,0,Rafael Prudente
2024,4,MANUTENÇÃO DE ESCRITÓRIO DE APOIO À ATIVIDADE PARLAMENTAR,7721480,Recibos/Outros,1,2024-04-15T00:00:00,232,3000.0,https://www.camara.leg.br/cota-parlamentar/documentos/publ/3710/2024/7721480.pdf,5 INSTITUTO TECNOLOGICO- SOCIEDADE CIVIL DE PROFISSIONAIS DE,27685014000142,3000.0,0.0,,2031661,0,Rafael Prudente
2024,5,MANUTENÇÃO DE ESCRITÓRIO DE APOIO À ATIVIDADE PARLAMENTAR,7739374,Nota Fiscal,0,2024-05-16T00:00:00,240,3000.0,https://www.camara.leg.br/cota-parlamentar/documentos/publ/3710/2024/7739374.pdf,5 INSTITUTO TECNOLOGICO- SOCIEDADE CIVIL DE PROFISSIONAIS DE,27685014000142,3000.0,0.0,,2041450,0,Rafael Prudente
2024,6,MANUTENÇÃO DE ESCRITÓRIO DE APOIO À ATIVIDADE PARLAMENTAR,7757822,Nota Fiscal,0,2024-06-20T00:00:00,254,3000.0,https://www.camara.leg.br/cota-parlamentar/documentos/publ/3710/2024/7757822.pdf,5 INSTITUTO TECNOLOGICO- SOCIEDADE CIVIL DE PROFISSIONAIS DE,27685014000142,3000.0,0.0,,2051152,0,Rafael Prudente
2024,7,MANUTENÇÃO DE ESCRITÓRIO DE APOIO À ATIVIDADE PARLAMENTAR,7773193,Nota Fiscal,0,2024-07-16T00:00:00,260,3000.0,https://www.camara.leg.br/cota-parlamentar/documentos/publ/3710/2024/7773193.pdf,5 INSTITUTO TECNOLOGICO- SOCIEDADE CIVIL DE PROFISSIONAIS DE,27685014000142,3000.0,0.0,,2059010,0,Rafael Prudente
2024,8,MANUTENÇÃO DE ESCRITÓRIO DE APOIO À ATIVIDADE PARLAMENTAR,7790566,Nota Fiscal,0,2024-08-20T00:00:00,280,3000.0,https://www.camara.leg.br/cota-parlamentar/documentos/publ/3710/2024/7790566.pdf,5 INSTITUTO TECNOLOGICO- SOCIEDADE CIVIL DE PROFISSIONAIS DE,27685014000142,3000.0,0.0,,2067575,0,Rafael Prudente
2024,9,MANUTENÇÃO DE ESCRITÓRIO DE APOIO À ATIVIDADE PARLAMENTAR,7805396,Nota Fiscal,0,2024-09-17T00:00:00,289,3000.0,https://www.camara.leg.br/cota-parlamentar/documentos/publ/3710/2024/7805396.pdf,5 INSTITUTO TECNOLOGICO- SOCIEDADE CIVIL DE PROFISSIONAIS DE,27685014000142,3000.0,0.0,,2075192,0,Rafael Prudente
2024,10,MANUTENÇÃO DE ESCRITÓRIO DE APOIO À ATIVIDADE PARLAMENTAR,7820677,Recibos/Outros,1,2024-10-18T00:00:00,304,3000.0,https://www.camara.leg.br/cota-parlamentar/documentos/publ/3710/2024/7820677.pdf,5 INSTITUTO TECNOLOGICO- SOCIEDADE CIVIL DE PROFISSIONAIS DETECNOLOGIA,27685014000142,3000.0,0.0,,2084024,0,Rafael Prudente
2024,11,MANUTENÇÃO DE ESCRITÓRIO DE APOIO À ATIVIDADE PARLAMENTAR,7834494,Nota Fiscal,0,2024-11-18T00:00:00,315,3000.0,https://www.camara.leg.br/cota-parlamentar/documentos/publ/3710/2024/7834494.pdf,5 INSTITUTO TECNOLOGICO- SOCIEDADE CIVIL DE PROFISSIONAIS DETECNOLOGIA,27685014000142,3000.0,0.0,,2091252,0,Rafael Prudente
2024,12,MANUTENÇÃO DE ESCRITÓRIO DE APOIO À ATIVIDADE PARLAMENTAR,7846805,Recibos/Outros,1,2024-12-10T00:00:00,328,3000.0,https://www.camara.leg.br/cota-parlamentar/documentos/publ/3710/2024/7846805.pdf,5 INSTITUTO TECNOLOGICO- SOCIEDADE CIVIL DE PROFISSIONAIS DETECNOLOGIA,27685014000142,3000.0,0.0,,2098100,0,Rafael Prudente
2024,1,MANUTENÇÃO DE ESCRITÓRIO DE APOIO À ATIVIDADE PARLAMENTAR,7672999,Recibos/Outros,1,2024-01-15T00:00:00,63621,6658.0,https://www.camara.leg.br/cota-parlamentar/documentos/publ/3710/2024/7672999.pdf,ALIANÇA IMÓVEIS LTDA,00527606000180,6655.0,3.0,,2004779,0,Rafael Prudente
2024,2,MANUTENÇÃO DE ESCRITÓRIO DE APOIO À ATIVIDADE PARLAMENTAR,7687998,Recibos/Outros,1,2024-02-16T00:00:00,63622,6658.0,https://www.camara.leg.br/cota-parlamentar/documentos/publ/3710/2024/7687998.pdf,ALIANÇA IMÓVEIS LTDA,00527606000180,6655.0,3.0,,2013626,0,Rafael Prudente
2024,3,MANUTENÇÃO DE ESCRITÓRIO DE APOIO À ATIVIDADE PARLAMENTAR,7704793,Recibos/Outros,1,2024-03-19T00:00:00,68022,6658.0,https://www.camara.leg.br/cota-parlamentar/documentos/publ/3710/2024/7704793.pdf,ALIANÇA IMÓVEIS LTDA,00527606000180,6655.0,3.0,,2022694,0,Rafael Prudente
2024,4,MANUTENÇÃO DE ESCRITÓRIO DE APOIO À ATIVIDADE PARLAMENTAR,7721487,Recibos/Outros,1,2024-04-17T00:00:00,68023,7349.49,https://www.camara.leg.br/cota-parlamentar/documentos/publ/3710/2024/7721487.pdf,ALIANÇA IMÓVEIS LTDA,00527606000180,7346.49,3.0,,2033014,0,Rafael Prudente
2024,5,MANUTENÇÃO DE ESCRITÓRIO DE APOIO À ATIVIDADE PARLAMENTAR,7739372,Recibos/Outros,1,2024-05-15T00:00:00,68024,7349.49,https://www.camara.leg.br/cota-parlamentar/documentos/publ/3710/2024/7739372.pdf,ALIANÇA IMÓVEIS LTDA,00527606000180,7346.49,3.0,,2041451,0,Rafael Prudente
2024,6,MANUTENÇÃO DE ESCRITÓRIO DE APOIO À ATIVIDADE PARLAMENTAR,7754204,Recibos/Outros,1,2024-06-17T00:00:00,68025,7665.37,https://www.camara.leg.br/cota-parlamentar/documentos/publ/3710/2024/7754204.pdf,ALIANÇA IMÓVEIS LTDA,00527606000180,7662.37,3.0,,2049350,0,Rafael Prudente
2024,7,MANUTENÇÃO DE ESCRITÓRIO DE APOIO À ATIVIDADE PARLAMENTAR,7772276,Recibos/Outros,1,2024-07-16T00:00:00,68026,7665.37,https://www.camara.leg.br/cota-parlamentar/documentos/publ/3710/2024/7772276.pdf,ALIANÇA IMÓVEIS LTDA,00527606000180,7662.37,3.0,,2058545,0,Rafael Prudente
2024,8,MANUTENÇÃO DE ESCRITÓRIO DE APOIO À ATIVIDADE PARLAMENTAR,7788564,Recibos/Outros,1,2024-08-19T00:00:00,68027,7665.37,https://www.camara.leg.br/cota-parlamentar/documentos/publ/3710/2024/7788564.pdf,ALIANÇA IMÓVEIS LTDA,00527606000180,7662.37,3.0,,2066491,0,Rafael Prudente
2024,9,MANUTENÇÃO DE ESCRITÓRIO DE APOIO À ATIVIDADE PARLAMENTAR,7803139,Recibos/Outros,1,2024-09-13T00:00:00,68028,7665.37,https://www.camara.leg.br/cota-parlamentar/documentos/publ/3710/2024/7803139.pdf,ALIANÇA IMÓVEIS LTDA,00527606000180,7662.37,3.0,,2074015,0,Rafael Prudente
2024,10,MANUTENÇÃO DE ESCRITÓRIO DE APOIO À ATIVIDADE PARLAMENTAR,7817871,Recibos/Outros,1,2024-10-14T00:00:00,68029,6658.0,https://www.camara.leg.br/cota-parlamentar/documentos/publ/3710/2024/7817871.pdf,ALIANÇA IMÓVEIS LTDA,00527606000180,6655.0,3.0,,2082279,0,Rafael Prudente
2024,11,MANUTENÇÃO DE ESCRITÓRIO DE APOIO À ATIVIDADE PARLAMENTAR,7830946,Recibos/Outros,1,2024-11-18T00:00:00,68030,6658.0,https://www.camara.leg.br/cota-parlamentar/documentos/publ/3710/2024/7830946.pdf,ALIANÇA IMÓVEIS LTDA,00527606000180,6655.0,3.0,,2089311,0,Rafael Prudente
2024,12,MANUTENÇÃO DE ESCRITÓRIO DE APOIO À ATIVIDADE PARLAMENTAR,7840513,Recibos/Outros,1,2024-12-05T00:00:00,68031,6658.0,https://www.camara.leg.br/cota-parlamentar/documentos/publ/3710/2024/7840513.pdf,ALIANÇA IMÓVEIS LTDA,00527606000180,6655.0,3.0,,2094545,0,Rafael Prudente
2024,1,MANUTENÇÃO DE ESCRITÓRIO DE APOIO À ATIVIDADE PARLAMENTAR,7671788,Recibos/Outros,1,2024-01-03T00:00:00,80310242,503.39,https://www.camara.leg.br/cota-parlamentar/documentos/publ/3710/2024/7671788.pdf,CEB DISTRIBUICAO S.A.,07522669000192,503.39,0.0,,2004032,0,Rafael Prudente
2024,2,MANUTENÇÃO DE ESCRITÓRIO DE APOIO À ATIVIDADE PARLAMENTAR,7681642,Nota Fiscal,0,2024-02-03T00:00:00,81583783,683.63,https://www.camara.leg.br/cota-parlamentar/documentos/publ/3710/2024/7681642.pdf,CEB DISTRIBUICAO S.A.,07522669000192,683.63,0.0,,2010102,0,Rafael Prudente
2024,3,MANUTENÇÃO DE ESCRITÓRIO DE APOIO À ATIVIDADE PARLAMENTAR,7721485,Nota Fiscal,0,2024-03-07T00:00:00,82762190,746.88,https://www.camara.leg.br/cota-parlamentar/documentos/publ/3710/2024/7721485.pdf,CEB DISTRIBUICAO S.A.,07522669000192,746.88,0.0,,2031666,0,Rafael Prudente
2024,4,MANUTENÇÃO DE ESCRITÓRIO DE APOIO À ATIVIDADE PARLAMENTAR,7721478,Recibos/Outros,1,2024-04-03T00:00:00,83940802,894.01,https://www.camara.leg.br/cota-parlamentar/documentos/publ/3710/2024/7721478.pdf,CEB DISTRIBUICAO S.A.,07522669000192,894.01,0.0,,2031661,0,Rafael Prudente
2024,5,MANUTENÇÃO DE ESCRITÓRIO DE APOIO À ATIVIDADE PARLAMENTAR,7739378,Nota Fiscal,0,2024-05-03T00:00:00,85120427,958.87,https://www.camara.leg.br/cota-parlamentar/documentos/publ/3710/2024/7739378.pdf,CEB DISTRIBUICAO S.A.,07522669000192,958.87,0.0,,2041450,0,Rafael Prudente
2024,6,MANUTENÇÃO DE ESCRITÓRIO DE APOIO À ATIVIDADE PARLAMENTAR,7753283,Recibos/Outros,1,2024-06-05T00:00:00,86301492,710.84,https://www.camara.leg.br/cota-parlamentar/documentos/publ/3710/2024/7753283.pdf,CEB DISTRIBUICAO S.A.,07522669000192,710.84,0.0,,2048888,0,Rafael Prudente
2024,7,MANUTENÇÃO DE ESCRITÓRIO DE APOIO À ATIVIDADE PARLAMENTAR,7771071,Nota Fiscal,0,2024-07-03T00:00:00,87483157,456.17,https://www.camara.leg.br/cota-parlamentar/documentos/publ/3710/2024/7771071.pdf,CEB DISTRIBUICAO S.A.,07522669000192,456.17,0.0,,2057942,0,Rafael Prudente
2024,8,MANUTENÇÃO DE ESCRITÓRIO DE APOIO À ATIVIDADE PARLAMENTAR,7781414,Nota Fiscal,0,2024-08-02T00:00:00,88665350,390.12,https://www.camara.leg.br/cota-parlamentar/documentos/publ/3710/2024/7781414.pdf,CEB DISTRIBUICAO S.A.,07522669000192,390.12,0.0,,2063057,0,Rafael Prudente
2024,9,MANUTENÇÃO DE ESCRITÓRIO DE APOIO À ATIVIDADE PARLAMENTAR,7797455,Recibos/Outros,1,2024-09-04T00:00:00,89849326,690.59,https://www.camara.leg.br/cota-parlamentar/documentos/publ/3710/2024/7797455.pdf,CEB DISTRIBUICAO S.A.,07522669000192,690.59,0.0,,2071147,0,Rafael Prudente
2024,10,MANUTENÇÃO DE ESCRITÓRIO DE APOIO À ATIVIDADE PARLAMENTAR,7812205,Recibos/Outros,1,2024-10-03T00:00:00,91035409,1034.71,https://www.camara.leg.br/cota-parlamentar/documentos/publ/3710/2024/7812205.pdf,CEB DISTRIBUICAO S.A.,07522669000192,1034.71,0.0,,2079512,0,Rafael Prudente
2024,12,MANUTENÇÃO DE ESCRITÓRIO DE APOIO À ATIVIDADE PARLAMENTAR,7842037,Nota Fiscal,0,2024-12-06T00:00:00,93411660,580.24,https://www.camara.leg.br/cota-parlamentar/documentos/publ/3710/2024/7842037.pdf,CEB DISTRIBUICAO S.A.,07522669000192,580.24,0.0,,2095390,0,Rafael Prudente
2024,1,MANUTENÇÃO DE ESCRITÓRIO DE APOIO À ATIVIDADE PARLAMENTAR,7681535,Recibos/Outros,1,2024-01-24T00:00:00,0009806339,161.65,https://www.camara.leg.br/cota-parlamentar/documentos/publ/3710/2024/7681535.pdf,Claro NXT Telecomunicações S.A,66970229001805,161.65,0.0,,2010100,0,Rafael Prudente
2024,2,MANUTENÇÃO DE ESCRITÓRIO DE APOIO À ATIVIDADE PARLAMENTAR,7695486,Recibos/Outros,1,2024-02-21T00:00:00,0010123625,161.84,https://www.camara.leg.br/cota-parlamentar/documentos/publ/3710/2024/7695486.pdf,Claro NXT Telecomunicações S.A,66970229001805,161.84,0.0,,2018499,0,Rafael Prudente
2024,3,MANUTENÇÃO DE ESCRITÓRIO DE APOIO À ATIVIDADE PARLAMENTAR,7713219,Recibos/Outros,1,2024-03-23T00:00:00,0010441347,162.2,https://www.camara.leg.br/cota-parlamentar/documentos/publ/3710/2024/7713219.pdf,Claro NXT Telecomunicações S.A,66970229001805,162.2,0.0,,2027237,0,Rafael Prudente
2024,4,MANUTENÇÃO DE ESCRITÓRIO DE APOIO À ATIVIDADE PARLAMENTAR,7730328,Nota Fiscal,0,2024-04-24T00:00:00,0010760253,162.2,https://www.camara.leg.br/cota-parlamentar/documentos/publ/3710/2024/7730328.pdf,Claro NXT Telecomunicações S.A,66970229001805,162.2,0.0,,2036347,0,Rafael Prudente
2024,5,MANUTENÇÃO DE ESCRITÓRIO DE APOIO À ATIVIDADE PARLAMENTAR,7753289,Nota Fiscal,0,2024-05-24T00:00:00,0011079479,167.08,https://www.camara.leg.br/cota-parlamentar/documentos/publ/3710/2024/7753289.pdf,Claro NXT Telecomunicações S.A,66970229001805,167.08,0.0,,2048887,0,Rafael Prudente
2024,7,MANUTENÇÃO DE ESCRITÓRIO DE APOIO À ATIVIDADE PARLAMENTAR,7781413,Recibos/Outros,1,2024-07-24T00:00:00,0011718711,182.03,https://www.camara.leg.br/cota-parlamentar/documentos/publ/3710/2024/7781413.pdf,Claro NXT Telecomunicações S.A,66970229001805,182.03,0.0,,2063055,0,Rafael Prudente
2024,10,MANUTENÇÃO DE ESCRITÓRIO DE APOIO À ATIVIDADE PARLAMENTAR,7822650,Nota Fiscal,0,2024-10-23T00:00:00,0012678155,177.62,https://www.camara.leg.br/cota-parlamentar/documentos/publ/3710/2024/7822650.pdf,Claro NXT Telecomunicações S.A,66970229001805,177.62,0.0,,2084777,0,Rafael Prudente
2024,11,MANUTENÇÃO DE ESCRITÓRIO DE APOIO À ATIVIDADE PARLAMENTAR,7840051,Nota Fiscal,0,2024-11-23T00:00:00,0012997834,178.22,https://www.camara.leg.br/cota-parlamentar/documentos/publ/3710/2024/7840051.pdf,Claro NXT Telecomunicações S.A,66970229001805,178.22,0.0,,2094285,0,Rafael Prudente
2024,12,MANUTENÇÃO DE ESCRITÓRIO DE APOIO À ATIVIDADE PARLAMENTAR,7853379,Nota Fiscal,0,2024-12-21T00:00:00,0013317716,180.27,https://www.camara.leg.br/cota-parlamentar/documentos/publ/3710/2025/7853379.pdf,Claro NXT Telecomunicações S.A,66970229001805,180.27,0.0,,2101543,0,Rafael Prudente
2024,11,MANUTENÇÃO DE ESCRITÓRIO DE APOIO À ATIVIDADE PARLAMENTAR,7827838,Recibos/Outros,1,2024-10-28T00:00:00,4938,2162.6,https://www.camara.leg.br/cota-parlamentar/documentos/publ/3710/2024/7827838.pdf,CONDOMINIO EDIFICIO BARAO DO RIO BRANCO,11991611000165,1869.72,292.88,,2087677,0,Rafael Prudente
2024,1,MANUTENÇÃO DE ESCRITÓRIO DE APOIO À ATIVIDADE PARLAMENTAR,7671793,Recibos/Outros,1,2023-12-18T00:00:00,1891,1271.89,https://www.camara.leg.br/cota-parlamentar/documentos/publ/3710/2024/7671793.pdf,ELITE SERVICE,11991611000165,1082.67,189.22,,2004024,0,Rafael Prudente
2024,2,MANUTENÇÃO DE ESCRITÓRIO DE APOIO À ATIVIDADE PARLAMENTAR,7681552,Recibos/Outros,1,2024-01-31T00:00:00,2356,1383.41,https://www.camara.leg.br/cota-parlamentar/documentos/publ/3710/2024/7681552.pdf,ELITE SERVICE,11991611000165,1194.19,189.22,,2010103,0,Rafael Prudente
2024,3,MANUTENÇÃO DE ESCRITÓRIO DE APOIO À ATIVIDADE PARLAMENTAR,7695505,Recibos/Outros,1,2024-03-04T00:00:00,2618,1307.29,https://www.camara.leg.br/cota-parlamentar/documentos/publ/3710/2024/7695505.pdf,ELITE SERVICE,11991611000165,1246.26,61.03,,2018501,0,Rafael Prudente
2024,4,MANUTENÇÃO DE ESCRITÓRIO DE APOIO À ATIVIDADE PARLAMENTAR,7713220,Recibos/Outros,1,2024-03-27T00:00:00,2927,1927.6,https://www.camara.leg.br/cota-parlamentar/documentos/publ/3710/2024/7713220.pdf,ELITE SERVICE,11991611000165,1833.12,94.48,,2027239,0,Rafael Prudente
2024,5,MANUTENÇÃO DE ESCRITÓRIO DE APOIO À ATIVIDADE PARLAMENTAR,7762280,Recibos/Outros,1,2024-05-02T00:00:00,3369,2093.37,https://www.camara.leg.br/cota-parlamentar/documentos/publ/3710/2024/7762280.pdf,ELITE SERVICE,11991611000165,1800.49,292.88,,2053448,0,Rafael Prudente
2024,6,MANUTENÇÃO DE ESCRITÓRIO DE APOIO À ATIVIDADE PARLAMENTAR,7762271,Recibos/Outros,1,2024-06-03T00:00:00,3600,2144.91,https://www.camara.leg.br/cota-parlamentar/documentos/publ/3710/2024/7762271.pdf,ELITE SERVICE,11991611000165,1852.03,292.88,,2053449,0,Rafael Prudente
2024,7,MANUTENÇÃO DE ESCRITÓRIO DE APOIO À ATIVIDADE PARLAMENTAR,7771063,Recibos/Outros,1,2024-07-02T00:00:00,3869,2123.74,https://www.camara.leg.br/cota-parlamentar/documentos/publ/3710/2024/7771063.pdf,ELITE SERVICE,11991611000165,2029.26,94.48,,2057943,0,Rafael Prudente
2024,8,MANUTENÇÃO DE ESCRITÓRIO DE APOIO À ATIVIDADE PARLAMENTAR,7781415,Recibos/Outros,1,2024-08-05T00:00:00,4132,2146.38,https://www.camara.leg.br/cota-parlamentar/documentos/publ/3710/2024/7781415.pdf,ELITE SERVICE,11991611000165,1853.5,292.88,,2063058,0,Rafael Prudente
2024,9,MANUTENÇÃO DE ESCRITÓRIO DE APOIO À ATIVIDADE PARLAMENTAR,7796424,Recibos/Outros,1,2024-09-02T00:00:00,4398,2162.83,https://www.camara.leg.br/cota-parlamentar/documentos/publ/3710/2024/7796424.pdf,ELITE SERVICE,11991611000165,1869.95,292.88,,2070540,0,Rafael Prudente
2024,10,MANUTENÇÃO DE ESCRITÓRIO DE APOIO À ATIVIDADE PARLAMENTAR,7812098,Recibos/Outros,1,2024-10-02T00:00:00,4662,2220.15,https://www.camara.leg.br/cota-parlamentar/documentos/publ/3710/2024/7812098.pdf,ELITE SERVICE,11991611000165,1927.27,292.88,,2079513,0,Rafael Prudente
2024,12,MANUTENÇÃO DE ESCRITÓRIO DE APOIO À ATIVIDADE PARLAMENTAR,7840038,Recibos/Outros,1,2024-11-25T00:00:00,5194,2137.44,https://www.camara.leg.br/cota-parlamentar/documentos/publ/3710/2024/7840038.pdf,ELITE SERVICE,11991611000165,2042.96,94.48,,2094291,0,Rafael Prudente
2024,11,MANUTENÇÃO DE ESCRITÓRIO DE APOIO À ATIVIDADE PARLAMENTAR,7827754,Nota Fiscal,0,2024-11-05T00:00:00,92222589,1121.96,https://www.camara.leg.br/cota-parlamentar/documentos/publ/3710/2024/7827754.pdf,NEOENERGIA DISTRIBUICAO BRASILIA S.A.,07522669000192,1121.96,0.0,,2087676,0,Rafael Prudente
2024,1,MANUTENÇÃO DE ESCRITÓRIO DE APOIO À ATIVIDADE PARLAMENTAR,7671862,Nota Fiscal Eletrônica,4,2024-01-05T00:00:00,11920,675.14,http://www.camara.leg.br/cota-parlamentar/nota-fiscal-eletronica?ideDocumentoFiscal=7671862,SHOPPING SHALOM COMERCIO E SERVICOS LTDA,50980881000122,675.14,0.0,,2004025,0,Rafael Prudente
2024,1,COMBUSTÍVEIS E LUBRIFICANTES.,7673004,Nota Fiscal Eletrônica,4,2024-01-15T00:00:00,366688,221.86,http://www.camara.leg.br/cota-parlamentar/nota-fiscal-eletronica?ideDocumentoFiscal=7673004,072 - 403 SUL - CASCOL COMBUSTIVEIS PARA VEICULOS LTDA,00306597007290,221.86,0.0,,2004780,0,Rafael Prudente
2024,1,COMBUSTÍVEIS E LUBRIFICANTES.,7673002,Nota Fiscal Eletrônica,4,2024-01-10T00:00:00,294990,194.1,http://www.camara.leg.br/cota-parlamentar/nota-fiscal-eletronica?ideDocumentoFiscal=7673002,14 - QL 14 - CASCOL COMBUSTIVEIS PARA VEICULOS LTDA,00306597001411,194.1,0.0,,2004780,0,Rafael Prudente
2024,1,COMBUSTÍVEIS E LUBRIFICANTES.,7671815,Nota Fiscal Eletrônica,4,2024-01-02T00:00:00,239866,174.35,http://www.camara.leg.br/cota-parlamentar/nota-fiscal-eletronica?ideDocumentoFiscal=7671815,AUTO POSTO CAPITAL LTDA,08978109000100,174.35,0.0,,2004025,0,Rafael Prudente
2024,1,COMBUSTÍVEIS E LUBRIFICANTES.,7673001,Nota Fiscal Eletrônica,4,2024-01-08T00:00:00,275278,253.84,http://www.camara.leg.br/cota-parlamentar/nota-fiscal-eletronica?ideDocumentoFiscal=7673001,"GOES COMBUSTIVEIS, LUBRIFICANTES E GLP LTDA",05454390000193,253.84,0.0,,2004780,0,Rafael Prudente
2024,1,COMBUSTÍVEIS E LUBRIFICANTES.,7673003,Nota Fiscal Eletrônica,4,2024-01-14T00:00:00,405774,224.29,http://www.camara.leg.br/cota-parlamentar/nota-fiscal-eletronica?ideDocumentoFiscal=7673003,MM COMERCIAL DE COMBUSTIVEIS LTDA,04621225000116,224.29,0.0,,2004780,0,Rafael Prudente
2024,1,COMBUSTÍVEIS E LUBRIFICANTES.,7671859,Nota Fiscal Eletrônica,4,2024-01-04T00:00:00,55816,176.89,http://www.camara.leg.br/cota-parlamentar/nota-fiscal-eletronica?ideDocumentoFiscal=7671859,QUALITY COMERCIO DE COMBUSTIVEIS LTDA,14897109000188,176.89,0.0,,2004025,0,Rafael Prudente
2024,5,DIVULGAÇÃO DA ATIVIDADE PARLAMENTAR.,7740447,Nota Fiscal,0,2024-05-22T00:00:00,46,7000.0,https://www.camara.leg.br/cota-parlamentar/documentos/publ/3710/2024/7740447.pdf,Agência Catarina Comunicação Integrada LTDA,45298749000103,7000.0,0.0,,2042175,0,Rafael Prudente
2024,4,DIVULGAÇÃO DA ATIVIDADE PARLAMENTAR.,7730331,Nota Fiscal,0,2024-05-23T00:00:00,47,7000.0,https://www.camara.leg.br/cota-parlamentar/documentos/publ/3710/2024/7730331.pdf,Agência Catarina Comunicação Integrada LTDA,45298749000103,7000.0,0.0,,2036348,0,Rafael Prudente
2024,6,DIVULGAÇÃO DA ATIVIDADE PARLAMENTAR.,7762344,Nota Fiscal,0,2024-07-01T00:00:00,55,7000.0,https://www.camara.leg.br/cota-parlamentar/documentos/publ/3710/2024/7762344.pdf,Agência Catarina Comunicação Integrada LTDA,45298749000103,7000.0,0.0,,2053479,0,Rafael Prudente
2024,7,DIVULGAÇÃO DA ATIVIDADE PARLAMENTAR.,7781412,Nota Fiscal,0,2024-08-06T00:00:00,64,7000.0,https://www.camara.leg.br/cota-parlamentar/documentos/publ/3710/2024/7781412.pdf,Agência Catarina Comunicação Integrada LTDA,45298749000103,7000.0,0.0,,2063056,0,Rafael Prudente
2024,8,DIVULGAÇÃO DA ATIVIDADE PARLAMENTAR.,7796359,Nota Fiscal,0,2024-09-02T00:00:00,70,7000.0,https://www.camara.leg.br/cota-parlamentar/documentos/publ/3710/2024/7796359.pdf,Agência Catarina Comunicação Integrada LTDA,45298749000103,7000.0,0.0,,2070506,0,Rafael Prudente
2024,9,DIVULGAÇÃO DA ATIVIDADE PARLAMENTAR.,7808223,Nota Fiscal,0,2024-09-30T00:00:00,78,7000.0,https://www.camara.leg.br/cota-parlamentar/documentos/publ/3710/2024/7808223.pdf,Agência Catarina Comunicação Integrada LTDA,45298749000103,7000.0,0.0,,2076746,0,Rafael Prudente
2024,10,DIVULGAÇÃO DA ATIVIDADE PARLAMENTAR.,7821197,Nota Fiscal,0,2024-10-24T00:00:00,86,7000.0,https://www.camara.leg.br/cota-parlamentar/documentos/publ/3710/2024/7821197.pdf,Agência Catarina Comunicação Integrada LTDA,45298749000103,7000.0,0.0,,2084025,0,Rafael Prudente
2024,11,DIVULGAÇÃO DA ATIVIDADE PARLAMENTAR.,7838264,Nota Fiscal,0,2024-12-02T00:00:00,95,7000.0,https://www.camara.leg.br/cota-parlamentar/documentos/publ/3710/2024/7838264.pdf,Agência Catarina Comunicação Integrada LTDA,45298749000103,7000.0,0.0,,2093209,0,Rafael Prudente
2024,12,DIVULGAÇÃO DA ATIVIDADE PARLAMENTAR.,7847147,Nota Fiscal,0,2024-12-02T00:00:00,96,7000.0,https://www.camara.leg.br/cota-parlamentar/documentos/publ/3710/2024/7847147.pdf,Agência Catarina Comunicação Integrada LTDA,45298749000103,7000.0,0.0,,2098101,0,Rafael Prudente
2024,3,DIVULGAÇÃO DA ATIVIDADE PARLAMENTAR.,7724069,Nota Fiscal,0,2024-04-17T00:00:00,32,7000.0,https://www.camara.leg.br/cota-parlamentar/documentos/publ/3710/2024/7724069.pdf,BR Solucoes Tecnicas e Administrativas Ltda,49311629000141,7000.0,0.0,,2033011,0,Rafael Prudente
2024,1,DIVULGAÇÃO DA ATIVIDADE PARLAMENTAR.,7679709,Nota Fiscal,0,2024-02-01T00:00:00,102,18000.0,https://www.camara.leg.br/cota-parlamentar/documentos/publ/3710/2024/7679709.pdf,INOP - INSTITUTO NACIONAL DE ORCAMENTO PUBLICO LTDA,32692708000147,18000.0,0.0,,2008977,0,Rafael Prudente
2024,2,DIVULGAÇÃO DA ATIVIDADE PARLAMENTAR.,7696942,Nota Fiscal,0,2024-03-01T00:00:00,117,18000.0,https://www.camara.leg.br/cota-parlamentar/documentos/publ/3710/2024/7696942.pdf,INOP - INSTITUTO NACIONAL DE ORCAMENTO PUBLICO LTDA,32692708000147,18000.0,0.0,,2018500,0,Rafael Prudente
2024,4,DIVULGAÇÃO DA ATIVIDADE PARLAMENTAR.,7748333,Nota Fiscal,0,2024-05-17T00:00:00,26,9000.0,https://www.camara.leg.br/cota-parlamentar/documentos/publ/3710/2024/7748333.pdf,R2 AGENCIAMENTO DE ESPAÇOS PARA PUBLICIDADE LTDA ME,15114623000162,9000.0,0.0,,2046111,0,Rafael Prudente
2024,3,DIVULGAÇÃO DA ATIVIDADE PARLAMENTAR.,7748332,Nota Fiscal,0,2024-05-29T00:00:00,30,9000.0,https://www.camara.leg.br/cota-parlamentar/documentos/publ/3710/2024/7748332.pdf,R2 AGENCIAMENTO DE ESPAÇOS PARA PUBLICIDADE LTDA ME,15114623000162,9000.0,0.0,,2046110,0,Rafael Prudente
2024,5,DIVULGAÇÃO DA ATIVIDADE PARLAMENTAR.,7754394,Nota Fiscal,0,2024-06-17T00:00:00,32,9000.0,https://www.camara.leg.br/cota-parlamentar/documentos/publ/3710/2024/7754394.pdf,R2 AGENCIAMENTO DE ESPAÇOS PARA PUBLICIDADE LTDA ME,15114623000162,9000.0,0.0,,2049443,0,Rafael Prudente
2024,6,DIVULGAÇÃO DA ATIVIDADE PARLAMENTAR.,7773400,Nota Fiscal,0,2024-07-18T00:00:00,33,9000.0,https://www.camara.leg.br/cota-parlamentar/documentos/publ/3710/2024/7773400.pdf,R2 AGENCIAMENTO DE ESPAÇOS PARA PUBLICIDADE LTDA ME,15114623000162,9000.0,0.0,,2059126,0,Rafael Prudente
2024,7,DIVULGAÇÃO DA ATIVIDADE PARLAMENTAR.,7783556,Nota Fiscal,0,2024-08-08T00:00:00,34,9000.0,https://www.camara.leg.br/cota-parlamentar/documentos/publ/3710/2024/7783556.pdf,R2 AGENCIAMENTO DE ESPAÇOS PARA PUBLICIDADE LTDA ME,15114623000162,9000.0,0.0,,2064115,0,Rafael Prudente
2024,8,DIVULGAÇÃO DA ATIVIDADE PARLAMENTAR.,7796368,Nota Fiscal,0,2024-09-03T00:00:00,35,9000.0,https://www.camara.leg.br/cota-parlamentar/documentos/publ/3710/2024/7796368.pdf,R2 AGENCIAMENTO DE ESPAÇOS PARA PUBLICIDADE LTDA ME,15114623000162,9000.0,0.0,,2070506,0,Rafael Prudente
2024,9,DIVULGAÇÃO DA ATIVIDADE PARLAMENTAR.,7807565,Nota Fiscal,0,2024-09-30T00:00:00,37,9000.0,https://www.camara.leg.br/cota-parlamentar/documentos/publ/3710/2024/7807565.pdf,R2 AGENCIAMENTO DE ESPAÇOS PARA PUBLICIDADE LTDA ME,15114623000162,9000.0,0.0,,2076419,0,Rafael Prudente
2024,10,DIVULGAÇÃO DA ATIVIDADE PARLAMENTAR.,7822663,Nota Fiscal,0,2024-10-29T00:00:00,42,12000.0,https://www.camara.leg.br/cota-parlamentar/documentos/publ/3710/2024/7822663.pdf,R2 AGENCIAMENTO DE ESPAÇOS PARA PUBLICIDADE LTDA ME,15114623000162,12000.0,0.0,,2084778,0,Rafael Prudente
2024,11,DIVULGAÇÃO DA ATIVIDADE PARLAMENTAR.,7839178,Nota Fiscal,0,2024-12-02T00:00:00,43,12000.0,https://www.camara.leg.br/cota-parlamentar/documentos/publ/3710/2024/7839178.pdf,R2 AGENCIAMENTO DE ESPAÇOS PARA PUBLICIDADE LTDA ME,15114623000162,12000.0,0.0,,2093769,0,Rafael Prudente
2024,12,DIVULGAÇÃO DA ATIVIDADE PARLAMENTAR.,7849481,Nota Fiscal,0,2024-12-18T00:00:00,44,12000.0,https://www.camara.leg.br/cota-parlamentar/documentos/publ/3710/2024/7849481.pdf,R2 AGENCIAMENTO DE ESPAÇOS PARA PUBLICIDADE LTDA ME,15114623000162,12000.0,0.0,,2099310,0,Rafael Prudente
2024,1,TELEFONIA,0,Nota Fiscal,0,2024-02-16T00:00:00,7801156,104.68,,CELULAR FUNCIONAL,00000000000001,104.68,0.0,0,0,0,Rafael Prudente
2024,6,TELEFONIA,7762332,Nota Fiscal,0,2024-06-22T00:00:00,0011398695,180.08,,Claro NXT Telecomunicações S.A,66970229001805,177.62,2.46,,2053478,0,Rafael Prudente
2024,9,TELEFONIA,7812094,Nota Fiscal,0,2024-09-21T00:00:00,0012358559,178.22,,Claro NXT Telecomunicações S.A,66970229001805,178.22,0.0,,2079505,0,Rafael Prudente
2024,8,TELEFONIA,7796416,Nota Fiscal,0,2024-08-24T00:00:00,0012038821,178.46,,Claro S/A,66970229001805,178.46,0.0,,2070539,0,Rafael Prudente
2024,10,LOCAÇÃO OU FRETAMENTO DE VEÍCULOS AUTOMOTORES,7823582,Recibos/Outros,1,2024-10-30T00:00:00,000013,5350.0,https://www.camara.leg.br/cota-parlamentar/documentos/publ/3710/2024/7823582.pdf,SUPREMA MOBILIDADE LTDA,24894397000170,5350.0,0.0,,2085199,0,Rafael Prudente
2024,11,LOCAÇÃO OU FRETAMENTO DE VEÍCULOS AUTOMOTORES,7838263,Recibos/Outros,1,2024-11-29T00:00:00,000069,5350.0,https://www.camara.leg.br/cota-parlamentar/documentos/publ/3710/2024/7838263.pdf,SUPREMA MOBILIDADE LTDA,24894397000170,5350.0,0.0,,2093209,0,Rafael Prudente
2024,12,LOCAÇÃO OU FRETAMENTO DE VEÍCULOS AUTOMOTORES,7849650,Recibos/Outros,1,2024-12-19T00:00:00,000096,5350.0,https://www.camara.leg.br/cota-parlamentar/documentos/publ/3710/2024/7849650.pdf,SUPREMA MOBILIDADE LTDA,24894397000170,5350.0,0.0,,2099398,0,Rafael Prudente
2024,1,LOCAÇÃO OU FRETAMENTO DE VEÍCULOS AUTOMOTORES,7678576,Recibos/Outros,1,2024-01-29T00:00:00,000206,5350.0,https://www.camara.leg.br/cota-parlamentar/documentos/publ/3710/2024/7678576.pdf,SUPREMA MOBILIDADE LTDA,24894397000170,5350.0,0.0,,2007893,0,Rafael Prudente
2024,2,LOCAÇÃO OU FRETAMENTO DE VEÍCULOS AUTOMOTORES,7701199,Recibos/Outros,1,2024-03-05T00:00:00,000289,5350.0,https://www.camara.leg.br/cota-parlamentar/documentos/publ/3710/2024/7701199.pdf,SUPREMA MOBILIDADE LTDA,24894397000170,5350.0,0.0,,2020882,0,Rafael Prudente
2024,3,LOCAÇÃO OU FRETAMENTO DE VEÍCULOS AUTOMOTORES,7713221,Recibos/Outros,1,2024-04-02T00:00:00,000328,5350.0,https://www.camara.leg.br/cota-parlamentar/documentos/publ/3710/2024/7713221.pdf,SUPREMA MOBILIDADE LTDA,24894397000170,5350.0,0.0,,2027238,0,Rafael Prudente
2024,4,LOCAÇÃO OU FRETAMENTO DE VEÍCULOS AUTOMOTORES,7728852,Recibos/Outros,1,2024-05-02T00:00:00,000394,5350.0,https://www.camara.leg.br/cota-parlamentar/documentos/publ/3710/2024/7728852.pdf,SUPREMA MOBILIDADE LTDA,24894397000170,5350.0,0.0,,2035505,0,Rafael Prudente
2024,5,LOCAÇÃO OU FRETAMENTO DE VEÍCULOS AUTOMOTORES,7748351,Recibos/Outros,1,2024-06-04T00:00:00,000430,5350.0,https://www.camara.leg.br/cota-parlamentar/documentos/publ/3710/2024/7748351.pdf,SUPREMA MOBILIDADE LTDA,24894397000170,5350.0,0.0,,2046127,0,Rafael Prudente
2024,6,LOCAÇÃO OU FRETAMENTO DE VEÍCULOS AUTOMOTORES,7762290,Recibos/Outros,1,2024-07-01T00:00:00,000464,5350.0,https://www.camara.leg.br/cota-parlamentar/documentos/publ/3710/2024/7762290.pdf,SUPREMA MOBILIDADE LTDA,24894397000170,5350.0,0.0,,2053449,0,Rafael Prudente
2024,7,LOCAÇÃO OU FRETAMENTO DE VEÍCULOS AUTOMOTORES,7782934,Recibos/Outros,1,2024-08-08T00:00:00,000499,5350.0,https://www.camara.leg.br/cota-parlamentar/documentos/publ/3710/2024/7782934.pdf,SUPREMA MOBILIDADE LTDA,24894397000170,5350.0,0.0,,2063770,0,Rafael Prudente
2024,8,LOCAÇÃO OU FRETAMENTO DE VEÍCULOS AUTOMOTORES,7796348,Recibos/Outros,1,2024-09-02T00:00:00,000557,5350.0,https://www.camara.leg.br/cota-parlamentar/documentos/publ/3710/2024/7796348.pdf,SUPREMA MOBILIDADE LTDA,24894397000170,5350.0,0.0,,2070506,0,Rafael Prudente
2024,9,LOCAÇÃO OU FRETAMENTO DE VEÍCULOS AUTOMOTORES,7812247,Recibos/Outros,1,2024-10-07T00:00:00,577,5350.0,https://www.camara.leg.br/cota-parlamentar/documentos/publ/3710/2024/7812247.pdf,SUPREMA MOBILIDADE LTDA,24894397000170,5350.0,0.0,,2079506,0,Rafael Prudente
